日期,價平買權次週每日結算價,價平買權近週每日結算價,價平賣權次週每日結算價,價平賣權近週每日結算價,價平買權近週報酬,價平賣權近週報酬,價平買權近週報酬(金額),價平賣權近週報酬(金額),訊號,策略損益(金額)
2020-01-02,68.0,102.0,56.0,0.1,0.0,0.0,0.0,0.0,1.0,0.0
2020-01-03,,52.0,,56.0,-19.0,-3.0,-950.0,-150.0,1.0,-950.0
2020-01-06,,5.4,,147.0,-46.6,91.0,-2330.0,4550.0,1.0,-2330.0
2020-01-07,,0.6,,225.0,-4.800000000000001,78.0,-240.00000000000003,3900.0,1.0,-240.00000000000003
2020-01-08,136.0,0.1,99.0,260.0,-0.5,35.0,-25.0,1750.0,1.0,-25.0
2020-01-09,,247.0,,29.0,108.0,-73.0,5400.0,-3650.0,1.0,5400.0
2020-01-10,,284.0,,20.0,37.0,-9.0,1850.0,-450.0,1.0,1850.0
2020-01-13,,370.0,,1.5,86.0,-18.5,4300.0,-925.0,1.0,4300.0
2020-01-14,,431.0,,0.9,61.0,-0.6,3050.0,-30.0,1.0,3050.0
2020-01-15,101.0,313.0,86.0,0.1,-118.0,-0.8,-5900.0,-40.0,1.0,-5900.0
2020-01-16,,99.0,,84.0,-5.0,-5.0,-250.0,-250.0,1.0,-250.0
2020-01-17,,100.0,,66.0,1.0,-18.0,50.0,-900.0,1.0,50.0
2020-01-20,,120.0,,47.5,20.0,-18.5,1000.0,-925.0,1.0,1000.0
2020-01-30,186.0,0.2,95.0,615.0,-119.8,567.5,-5990.0,28375.0,1.0,-5990.0
2020-01-31,,228.0,,42.5,39.0,-55.5,1950.0,-2775.0,1.0,1950.0
2020-02-03,,115.0,,76.0,-113.0,33.5,-5650.0,1675.0,1.0,-5650.0
2020-02-04,,258.0,,7.9,143.0,-68.1,7150.0,-3404.9999999999995,1.0,7150.0
2020-02-05,149.0,260.0,96.0,0.1,2.0,-7.800000000000001,100.0,-390.00000000000006,1.0,100.0
2020-02-06,,278.0,,28.5,126.0,-70.5,6300.0,-3525.0,1.0,6300.0
2020-02-07,,161.0,,56.0,-117.0,27.5,-5850.0,1375.0,1.0,-5850.0
2020-02-10,,126.0,,44.0,-35.0,-12.0,-1750.0,-600.0,1.0,-1750.0
2020-02-11,,187.0,,8.4,61.0,-35.6,3050.0,-1780.0,1.0,3050.0
2020-02-12,110.0,293.0,90.0,0.2,106.0,-8.200000000000001,5300.0,-410.00000000000006,1.0,5300.0
2020-02-13,,105.0,,79.0,-8.0,-14.0,-400.0,-700.0,1.0,-400.0
2020-02-14,,108.0,,47.0,3.0,-32.0,150.0,-1600.0,1.0,150.0
2020-02-17,,61.0,,40.5,-47.0,-6.5,-2350.0,-325.0,1.0,-2350.0
2020-02-18,,8.2,,117.0,-52.8,76.5,-2640.0,3825.0,1.0,-2640.0
2020-02-19,105.0,10.0,80.0,0.1,1.8000000000000007,-116.9,90.00000000000003,-5845.0,1.0,90.00000000000003
2020-02-20,,69.0,,92.0,-39.0,9.0,-1950.0,450.0,1.0,-1950.0
2020-02-21,,41.5,,116.0,-27.5,24.0,-1375.0,1200.0,1.0,-1375.0
2020-02-24,,5.1,,232.0,-36.4,116.0,-1820.0,5800.0,1.0,-1820.0
2020-02-25,,1.7,,202.0,-3.3999999999999995,-30.0,-169.99999999999997,-1500.0,1.0,-169.99999999999997
2020-02-26,144.0,0.1,111.0,317.0,-1.5999999999999999,115.0,-80.0,5750.0,1.0,-80.0
2020-02-27,,76.0,,187.0,-71.0,73.0,-3550.0,3650.0,1.0,-3550.0
2020-03-02,,17.5,,222.0,-58.5,35.0,-2925.0,1750.0,1.0,-2925.0
2020-03-03,,24.5,,89.0,7.0,-133.0,350.0,-6650.0,1.0,350.0
2020-03-04,138.0,0.1,110.0,21.0,-24.4,-68.0,-1220.0,-3400.0,1.0,-1220.0
2020-03-05,,202.0,,44.5,61.0,-68.5,3050.0,-3425.0,1.0,3050.0
2020-03-06,,84.0,,146.0,-118.0,101.5,-5900.0,5075.0,1.0,-5900.0
2020-03-09,,7.5,,385.0,-76.5,239.0,-3825.0,11950.0,1.0,-3825.0
2020-03-10,,1.3,,340.0,-6.2,-45.0,-310.0,-2250.0,1.0,-310.0
2020-03-11,200.0,0.2,178.0,443.0,-1.1,103.0,-55.00000000000001,5150.0,1.0,-55.00000000000001
2020-03-12,,32.5,,468.0,-170.5,287.0,-8525.0,14350.0,1.0,-8525.0
2020-03-13,,19.5,,785.0,-13.0,317.0,-650.0,15850.0,1.0,-650.0
2020-03-16,,1.5,,1120.0,-18.0,335.0,-900.0,16750.0,1.0,-900.0
2020-03-17,,0.1,,1430.0,-1.4,310.0,-70.0,15500.0,1.0,-70.0
2020-03-18,417.0,0.3,285.0,1490.0,0.19999999999999998,60.0,10.0,3000.0,1.0,10.0
2020-03-19,,146.0,,565.0,-274.0,277.0,-13700.0,13850.0,1.0,-13700.0
2020-03-20,,370.0,,160.0,224.0,-405.0,11200.0,-20250.0,1.0,11200.0
2020-03-23,,141.0,,260.0,-229.0,100.0,-11450.0,5000.0,1.0,-11450.0
2020-03-24,,427.0,,9.5,286.0,-250.5,14300.0,-12525.0,1.0,14300.0
2020-03-25,308.0,715.0,194.0,0.2,288.0,-9.3,14400.0,-465.00000000000006,1.0,14400.0
2020-03-26,,324.0,,154.0,13.0,-43.0,650.0,-2150.0,1.0,650.0
2020-03-27,,251.0,,154.0,-73.0,0.0,-3650.0,0.0,1.0,-3650.0
2020-03-30,,203.0,,91.0,-48.0,-63.0,-2400.0,-3150.0,1.0,-2400.0
2020-03-31,,160.0,,34.5,-43.0,-56.5,-2150.0,-2825.0,1.0,-2150.0
2020-04-01,265.0,134.0,185.0,0.1,-26.0,-34.4,-1300.0,-1720.0,1.0,-1300.0
2020-04-06,,326.0,,16.0,58.0,-172.0,2900.0,-8600.0,1.0,2900.0
2020-04-07,,465.0,,1.4,139.0,-14.6,6950.0,-730.0,1.0,6950.0
2020-04-08,180.0,565.0,152.0,0.1,100.0,-1.2999999999999998,5000.0,-64.99999999999999,1.0,5000.0
2020-04-09,,142.0,,142.0,-41.0,-13.0,-2050.0,-650.0,1.0,-2050.0
2020-04-10,,133.0,,99.0,-9.0,-43.0,-450.0,-2150.0,1.0,-450.0
2020-04-13,,82.0,,106.0,-51.0,7.0,-2550.0,350.0,1.0,-2550.0
2020-04-14,,250.0,,4.4,168.0,-101.6,8400.0,-5080.0,1.0,8400.0
2020-04-15,198.0,351.0,110.0,0.1,101.0,-4.300000000000001,5050.0,-215.00000000000003,1.0,5050.0
2020-04-16,,169.0,,101.0,-32.0,-12.0,-1600.0,-600.0,1.0,-1600.0
2020-04-17,,330.0,,26.5,161.0,-74.5,8050.0,-3725.0,1.0,8050.0
2020-04-20,,256.0,,22.0,-74.0,-4.5,-3700.0,-225.0,1.0,-3700.0
2020-04-21,,63.0,,84.0,-193.0,62.0,-9650.0,3100.0,1.0,-9650.0
2020-04-22,218.0,0.2,118.0,15.0,-62.8,-69.0,-3140.0,-3450.0,1.0,-3140.0
2020-04-23,,238.0,,64.0,17.0,-57.0,850.0,-2850.0,1.0,850.0
2020-04-24,,210.0,,59.0,-28.0,-5.0,-1400.0,-250.0,1.0,-1400.0
2020-04-27,,401.0,,5.2,191.0,-53.8,9550.0,-2690.0,1.0,9550.0
2020-04-28,,426.0,,0.8,25.0,-4.4,1250.0,-220.00000000000003,1.0,1250.0
2020-04-29,150.0,555.0,103.0,0.1,129.0,-0.7000000000000001,6450.0,-35.0,1.0,6450.0
2020-04-30,,310.0,,27.0,157.0,-79.0,7850.0,-3950.0,1.0,7850.0
2020-05-04,,84.0,,115.0,-226.0,88.0,-11300.0,4400.0,1.0,-11300.0
2020-05-05,,104.0,,25.0,20.0,-90.0,1000.0,-4500.0,1.0,1000.0
2020-05-06,160.0,57.0,111.0,0.1,-47.0,-24.9,-2350.0,-1245.0,1.0,-2350.0
2020-05-07,,188.0,,63.0,25.0,-51.0,1250.0,-2550.0,1.0,1250.0
2020-05-08,,213.0,,38.0,25.0,-25.0,1250.0,-1250.0,1.0,1250.0
2020-05-11,,266.0,,10.5,53.0,-27.5,2650.0,-1375.0,1.0,2650.0
2020-05-12,,153.0,,7.4,-113.0,-3.0999999999999996,-5650.0,-154.99999999999997,1.0,-5650.0
2020-05-13,131.0,174.0,117.0,0.1,21.0,-7.300000000000001,1050.0,-365.00000000000006,1.0,1050.0
2020-05-14,,56.0,,206.0,-78.0,86.0,-3900.0,4300.0,1.0,-3900.0
2020-05-15,,63.0,,143.0,7.0,-63.0,350.0,-3150.0,1.0,350.0
2020-05-18,,28.0,,165.0,-35.0,22.0,-1750.0,1100.0,1.0,-1750.0
2020-05-19,,35.0,,66.0,7.0,-99.0,350.0,-4950.0,1.0,350.0
2020-05-20,135.0,0.1,93.0,13.0,-34.9,-53.0,-1745.0,-2650.0,1.0,-1745.0
2020-05-21,,178.0,,46.5,40.0,-49.5,2000.0,-2475.0,1.0,2000.0
2020-05-22,,65.0,,125.0,-113.0,78.5,-5650.0,3925.0,1.0,-5650.0
2020-05-25,,61.0,,52.0,-4.0,-73.0,-200.0,-3650.0,1.0,-200.0
2020-05-26,,164.0,,6.7,103.0,-45.3,5150.0,-2265.0,1.0,5150.0
2020-05-27,139.0,160.0,86.0,0.1,-4.0,-6.6000000000000005,-200.0,-330.0,1.0,-200.0
2020-05-28,,101.0,,108.0,-41.0,19.0,-2050.0,950.0,1.0,-2050.0
2020-05-29,,86.0,,91.0,-15.0,-17.0,-750.0,-850.0,1.0,-750.0
2020-06-01,,151.0,,21.5,65.0,-69.5,3250.0,-3475.0,1.0,3250.0
2020-06-02,,187.0,,6.5,36.0,-15.0,1800.0,-750.0,1.0,1800.0
2020-06-03,141.0,371.0,90.0,0.2,184.0,-6.3,9200.0,-315.0,1.0,9200.0
2020-06-04,,182.0,,56.0,38.0,-37.0,1900.0,-1850.0,1.0,1900.0
2020-06-05,,245.0,,20.0,63.0,-36.0,3150.0,-1800.0,1.0,3150.0
2020-06-08,,341.0,,4.7,96.0,-15.3,4800.0,-765.0,1.0,4800.0
2020-06-09,,380.0,,1.1,39.0,-3.6,1950.0,-180.0,1.0,1950.0
2020-06-10,127.0,463.0,123.0,0.1,83.0,-1.0,4150.0,-50.0,1.0,4150.0
2020-06-11,,34.0,,243.0,-96.0,117.0,-4800.0,5850.0,1.0,-4800.0
2020-06-12,,14.0,,323.0,-20.0,80.0,-1000.0,4000.0,1.0,-1000.0
2020-06-15,,1.8,,475.0,-12.2,152.0,-610.0,7600.0,1.0,-610.0
2020-06-16,,7.7,,183.0,5.9,-292.0,295.0,-14600.0,1.0,295.0
2020-06-17,217.0,0.2,66.0,179.0,-7.5,-4.0,-375.0,-200.0,1.0,-375.0
2020-06-18,,235.0,,42.0,15.0,-27.0,750.0,-1350.0,1.0,750.0
2020-06-19,,231.0,,27.0,-4.0,-15.0,-200.0,-750.0,1.0,-200.0
2020-06-22,,230.0,,13.0,-1.0,-14.0,-50.0,-700.0,1.0,-50.0
2020-06-23,,260.0,,3.2,30.0,-9.8,1500.0,-490.00000000000006,1.0,1500.0
2020-06-24,191.0,302.0,55.0,0.2,42.0,-3.0,2100.0,-150.0,1.0,2100.0
2020-06-29,,65.0,,85.0,-129.0,27.0,-6450.0,1350.0,1.0,-6450.0
2020-06-30,,102.0,,11.0,37.0,-74.0,1850.0,-3700.0,1.0,1850.0
2020-07-01,164.0,203.0,60.0,0.2,101.0,-10.8,5050.0,-540.0,1.0,5050.0
2020-07-02,,276.0,,23.0,109.0,-40.0,5450.0,-2000.0,1.0,5450.0
2020-07-03,,398.0,,10.0,122.0,-13.0,6100.0,-650.0,1.0,6100.0
2020-07-06,,615.0,,2.1,217.0,-7.9,10850.0,-395.0,1.0,10850.0
2020-07-07,,575.0,,0.6,-40.0,-1.5,-2000.0,-75.0,1.0,-2000.0
2020-07-08,138.0,655.0,110.0,0.1,80.0,-0.5,4000.0,-25.0,1.0,4000.0
2020-07-09,,136.0,,85.0,-5.0,-28.0,-250.0,-1400.0,1.0,-250.0
2020-07-10,,54.0,,159.0,-82.0,74.0,-4100.0,3700.0,1.0,-4100.0
2020-07-13,,135.0,,29.5,81.0,-129.5,4050.0,-6475.0,1.0,4050.0
2020-07-14,,109.0,,21.0,-26.0,-8.5,-1300.0,-425.0,1.0,-1300.0
2020-07-15,228.0,120.0,68.0,0.1,11.0,-20.9,550.0,-1045.0,1.0,550.0
2020-07-16,,177.0,,65.0,-54.0,-6.0,-2700.0,-300.0,1.0,-2700.0
2020-07-17,,164.0,,44.5,-13.0,-20.5,-650.0,-1025.0,1.0,-650.0
2020-07-20,,144.0,,25.5,-20.0,-19.0,-1000.0,-950.0,1.0,-1000.0
2020-07-21,,370.0,,1.8,226.0,-23.7,11300.0,-1185.0,1.0,11300.0
2020-07-22,186.0,401.0,63.0,0.2,31.0,-1.6,1550.0,-80.0,1.0,1550.0
2020-07-23,,160.0,,70.0,-29.0,4.0,-1450.0,200.0,1.0,-1450.0
2020-07-24,,88.0,,134.0,-72.0,64.0,-3600.0,3200.0,1.0,-3600.0
2020-07-27,,319.0,,15.0,231.0,-119.0,11550.0,-5950.0,1.0,11550.0
2020-07-28,,272.0,,11.5,-47.0,-3.5,-2350.0,-175.0,1.0,-2350.0
2020-07-29,205.0,229.0,97.0,0.1,-43.0,-11.4,-2150.0,-570.0,1.0,-2150.0
2020-07-30,,320.0,,47.0,112.0,-53.0,5600.0,-2650.0,1.0,5600.0
2020-07-31,,301.0,,45.5,-19.0,-1.5,-950.0,-75.0,1.0,-950.0
2020-08-03,,171.0,,43.0,-130.0,-2.5,-6500.0,-125.0,1.0,-6500.0
2020-08-04,,314.0,,2.1,143.0,-40.9,7150.0,-2045.0,1.0,7150.0
2020-08-05,176.0,393.0,85.0,0.1,79.0,-2.0,3950.0,-100.0,1.0,3950.0
2020-08-06,,237.0,,54.0,58.0,-34.0,2900.0,-1700.0,1.0,2900.0
2020-08-07,,170.0,,62.0,-67.0,8.0,-3350.0,400.0,1.0,-3350.0
2020-08-10,,221.0,,20.0,51.0,-42.0,2550.0,-2100.0,1.0,2550.0
2020-08-11,,97.0,,25.0,-124.0,5.0,-6200.0,250.0,1.0,-6200.0
2020-08-12,130.0,0.2,121.0,40.5,-96.8,15.5,-4840.0,775.0,1.0,-4840.0
2020-08-13,,155.0,,77.0,22.0,-47.0,1100.0,-2350.0,1.0,1100.0
2020-08-14,,183.0,,42.5,28.0,-34.5,1400.0,-1725.0,1.0,1400.0
2020-08-17,,311.0,,6.5,128.0,-36.0,6400.0,-1800.0,1.0,6400.0
2020-08-18,,230.0,,3.3,-81.0,-3.2,-4050.0,-160.0,1.0,-4050.0
2020-08-19,139.0,156.0,101.0,0.1,-74.0,-3.1999999999999997,-3700.0,-160.0,1.0,-3700.0
2020-08-20,,18.5,,423.0,-123.5,319.0,-6175.0,15950.0,1.0,-6175.0
2020-08-21,,32.0,,187.0,13.5,-236.0,675.0,-11800.0,1.0,675.0
2020-08-24,,27.5,,137.0,-4.5,-50.0,-225.0,-2500.0,1.0,-225.0
2020-08-25,,61.0,,38.0,33.5,-99.0,1675.0,-4950.0,1.0,1675.0
2020-08-26,165.0,49.5,92.0,0.2,-11.5,-37.8,-575.0,-1889.9999999999998,1.0,-575.0
2020-08-27,,131.0,,94.0,-37.0,-1.0,-1850.0,-50.0,1.0,-1850.0
2020-08-28,,88.0,,115.0,-43.0,21.0,-2150.0,1050.0,1.0,-2150.0
2020-08-31,,28.0,,155.0,-60.0,40.0,-3000.0,2000.0,1.0,-3000.0
2020-09-01,,26.5,,67.0,-1.5,-88.0,-75.0,-4400.0,1.0,-75.0
2020-09-02,165.0,0.2,101.0,82.0,-26.3,15.0,-1315.0,750.0,1.0,-1315.0
2020-09-03,,174.0,,75.0,6.0,-29.0,300.0,-1450.0,1.0,300.0
2020-09-04,,98.0,,120.0,-76.0,45.0,-3800.0,2250.0,1.0,-3800.0
2020-09-07,,52.0,,102.0,-46.0,-18.0,-2300.0,-900.0,1.0,-2300.0
2020-09-08,,68.0,32.0,32.0,16.0,-70.0,800.0,-3500.0,1.0,800.0
2020-09-09,175.0,0.1,124.0,58.0,-67.9,26.0,-3395.0000000000005,1300.0,1.0,-3395.0000000000005
2020-09-10,,211.0,,63.0,33.0,-64.0,1650.0,-3200.0,1.0,1650.0
2020-09-11,,175.0,,61.0,-36.0,-2.0,-1800.0,-100.0,1.0,-1800.0
2020-09-14,,246.0,,11.5,71.0,-49.5,3550.0,-2475.0,1.0,3550.0
2020-09-15,,296.0,,2.8,50.0,-8.7,2500.0,-434.99999999999994,1.0,2500.0
2020-09-16,138.0,418.0,107.0,0.1,122.0,-2.6999999999999997,6100.0,-135.0,1.0,6100.0
2020-09-17,,79.0,,128.0,-62.0,18.0,-3100.0,900.0,1.0,-3100.0
2020-09-18,,73.0,,100.0,-6.0,-28.0,-300.0,-1400.0,1.0,-300.0
2020-09-21,,16.0,,196.0,-57.0,96.0,-2850.0,4800.0,1.0,-2850.0
2020-09-22,,1.9,,276.0,-14.1,80.0,-705.0,4000.0,1.0,-705.0
2020-09-23,182.0,0.2,84.0,323.0,-1.7,47.0,-85.0,2350.0,-1.0,-85.0
2020-09-24,,23.0,,274.0,-162.0,187.0,-8100.0,9350.0,-1.0,9350.0
2020-09-25,,13.0,,271.0,-10.0,-3.0,-500.0,-150.0,-1.0,-150.0
2020-09-28,,42.0,,82.0,29.0,-189.0,1450.0,-9450.0,-1.0,-9450.0
2020-09-29,,23.0,,69.0,-19.0,-13.0,-950.0,-650.0,-1.0,-650.0
2020-09-30,150.0,28.5,94.0,0.1,5.5,-68.9,275.0,-3445.0000000000005,1.0,-3445.0000000000005
2020-10-05,,142.0,,30.0,-11.0,-67.0,-550.0,-3350.0,1.0,-550.0
2020-10-06,,256.0,,1.4,114.0,-28.6,5700.0,-1430.0,1.0,5700.0
2020-10-07,112.0,309.0,84.0,0.3,53.0,-1.0999999999999999,2650.0,-54.99999999999999,1.0,2650.0
2020-10-08,,187.0,,41.0,72.0,-46.0,3600.0,-2300.0,1.0,3600.0
2020-10-12,,209.0,,9.0,22.0,-32.0,1100.0,-1600.0,1.0,1100.0
2020-10-13,,208.0,,2.6,-1.0,-6.4,-50.0,-320.0,1.0,-50.0
2020-10-14,135.0,150.0,94.0,0.1,-58.0,-2.5,-2900.0,-125.0,1.0,-2900.0
2020-10-15,,100.0,,106.0,-38.0,9.0,-1900.0,450.0,1.0,-1900.0
2020-10-16,,42.5,,143.0,-57.5,37.0,-2875.0,1850.0,1.0,-2875.0
2020-10-19,,85.0,,39.0,42.5,-104.0,2125.0,-5200.0,1.0,2125.0
2020-10-20,,46.0,40.5,40.5,-39.0,1.5,-1950.0,75.0,1.0,-1950.0
2020-10-21,134.0,10.0,82.0,0.1,-36.0,-40.4,-1800.0,-2020.0,1.0,-1800.0
2020-10-22,,146.0,,54.0,9.0,-31.0,450.0,-1550.0,1.0,450.0
2020-10-23,,126.0,,30.0,-20.0,-24.0,-1000.0,-1200.0,1.0,-1000.0
2020-10-26,,128.0,,16.0,2.0,-14.0,100.0,-700.0,1.0,100.0
2020-10-27,,80.0,,13.0,-48.0,-3.0,-2400.0,-150.0,1.0,-2400.0
2020-10-28,183.0,0.2,90.0,28.5,-79.8,15.5,-3990.0,775.0,1.0,-3990.0
2020-10-29,,101.0,,144.0,-85.0,51.0,-4250.0,2550.0,1.0,-4250.0
2020-10-30,,30.5,,251.0,-70.5,107.0,-3525.0,5350.0,1.0,-3525.0
2020-11-02,,38.0,,152.0,7.5,-99.0,375.0,-4950.0,1.0,375.0
2020-11-03,,86.0,,52.0,48.0,-100.0,2400.0,-5000.0,1.0,2400.0
2020-11-04,162.0,165.0,114.0,0.1,79.0,-51.9,3950.0,-2595.0,1.0,3950.0
2020-11-05,,140.0,,72.0,-25.0,-45.0,-1250.0,-2250.0,1.0,-1250.0
2020-11-06,,153.0,,48.5,13.0,-23.5,650.0,-1175.0,1.0,650.0
2020-11-09,,294.0,,4.8,141.0,-43.7,7050.0,-2185.0,1.0,7050.0
2020-11-10,,240.0,,2.3,-54.0,-2.5,-2700.0,-125.0,1.0,-2700.0
2020-11-11,127.0,399.0,116.0,0.3,159.0,-1.9999999999999998,7950.0,-99.99999999999999,1.0,7950.0
2020-11-12,,91.0,,113.0,-39.0,-6.0,-1950.0,-300.0,1.0,-1950.0
2020-11-13,,105.0,,71.0,14.0,-42.0,700.0,-2100.0,1.0,700.0
2020-11-16,,334.0,,5.0,229.0,-66.0,11450.0,-3300.0,1.0,11450.0
2020-11-17,,375.0,,1.9,41.0,-3.1,2050.0,-155.0,1.0,2050.0
2020-11-18,132.0,510.0,99.0,0.2,135.0,-1.7,6750.0,-85.0,1.0,6750.0
2020-11-19,,139.0,,72.0,4.0,-30.0,200.0,-1500.0,1.0,200.0
2020-11-20,,121.0,,62.0,-18.0,-10.0,-900.0,-500.0,1.0,-900.0
2020-11-23,,212.0,,11.5,91.0,-50.5,4550.0,-2525.0,1.0,4550.0
2020-11-24,,129.0,,8.7,-83.0,-2.8000000000000007,-4150.0,-140.00000000000003,1.0,-4150.0
2020-11-25,125.0,53.0,98.0,0.2,-76.0,-8.5,-3800.0,-425.0,1.0,-3800.0
2020-11-26,,186.0,,29.0,58.0,-72.0,2900.0,-3600.0,1.0,2900.0
2020-11-27,,208.0,,17.5,22.0,-11.5,1100.0,-575.0,1.0,1100.0
2020-11-30,,97.0,,44.0,-111.0,26.5,-5550.0,1325.0,1.0,-5550.0
2020-12-01,,196.0,,3.9,99.0,-40.1,4950.0,-2005.0,1.0,4950.0
2020-12-02,127.0,280.0,101.0,0.1,84.0,-3.8,4200.0,-190.0,1.0,4200.0
2020-12-03,,123.0,,72.0,-7.0,-32.0,-350.0,-1600.0,1.0,-350.0
2020-12-04,,232.0,,25.5,109.0,-46.5,5450.0,-2325.0,1.0,5450.0
2020-12-07,,312.0,,5.8,80.0,-19.7,4000.0,-985.0,1.0,4000.0
2020-12-08,,410.0,,1.0,98.0,-4.8,4900.0,-240.0,1.0,4900.0
2020-12-09,144.0,449.0,97.0,0.2,39.0,-0.8,1950.0,-40.0,1.0,1950.0
2020-12-10,,60.0,,170.0,-87.0,70.0,-4350.0,3500.0,1.0,-4350.0
2020-12-11,,41.0,,154.0,-19.0,-16.0,-950.0,-800.0,1.0,-950.0
2020-12-14,,16.0,,163.0,-25.0,9.0,-1250.0,450.0,1.0,-1250.0
2020-12-15,,1.2,,270.0,-14.8,107.0,-740.0,5350.0,1.0,-740.0
2020-12-16,180.0,0.1,63.0,27.0,-1.0999999999999999,-243.0,-54.99999999999999,-12150.0,1.0,-54.99999999999999
2020-12-17,,180.0,,41.0,-3.0,-25.0,-150.0,-1250.0,1.0,-150.0
2020-12-18,,134.0,,52.0,-46.0,11.0,-2300.0,550.0,1.0,-2300.0
2020-12-21,,254.0,,7.3,120.0,-44.7,6000.0,-2235.0,1.0,6000.0
2020-12-22,,55.0,,75.0,-199.0,67.7,-9950.0,3385.0,1.0,-9950.0
2020-12-23,158.0,84.0,83.0,0.1,29.0,-74.9,1450.0,-3745.0000000000005,1.0,1450.0
2020-12-24,,220.0,,29.0,59.0,-57.0,2950.0,-2850.0,1.0,2950.0
2020-12-25,,261.0,,13.5,41.0,-15.5,2050.0,-775.0,1.0,2050.0
2020-12-28,,387.0,,4.0,126.0,-9.5,6300.0,-475.0,1.0,6300.0
2020-12-29,,405.0,,0.8,18.0,-3.2,900.0,-160.0,1.0,900.0
2020-12-30,143.0,540.0,78.0,0.3,135.0,-0.5,6750.0,-25.0,1.0,6750.0
2020-12-31,,170.0,,51.0,24.0,-30.0,1200.0,-1500.0,1.0,1200.0
2021-01-04,,306.0,,7.4,136.0,-43.6,6800.0,-2180.0,1.0,6800.0
2021-01-05,,411.0,,1.5,105.0,-5.9,5250.0,-295.0,1.0,5250.0
2021-01-06,171.0,335.0,136.0,0.2,-76.0,-1.3,-3800.0,-65.0,1.0,-3800.0
2021-01-07,,377.0,,32.0,203.0,-107.0,10150.0,-5350.0,1.0,10150.0
2021-01-08,,580.0,,16.5,203.0,-15.5,10150.0,-775.0,1.0,10150.0
2021-01-11,,660.0,,4.5,80.0,-12.0,4000.0,-600.0,1.0,4000.0
2021-01-12,,615.0,,2.2,-45.0,-2.3,-2250.0,-114.99999999999999,1.0,-2250.0
2021-01-13,180.0,860.0,168.0,0.1,245.0,-2.1,12250.0,-105.0,1.0,12250.0
2021-01-14,,146.0,,168.0,-37.0,-3.0,-1850.0,-150.0,1.0,-1850.0
2021-01-15,,88.0,,203.0,-58.0,35.0,-2900.0,1750.0,1.0,-2900.0
2021-01-18,,43.0,,186.0,-45.0,-17.0,-2250.0,-850.0,1.0,-2250.0
2021-01-19,,167.0,,26.0,124.0,-160.0,6200.0,-8000.0,1.0,6200.0
2021-01-20,226.0,16.0,143.0,0.1,-151.0,-25.9,-7550.0,-1295.0,1.0,-7550.0
2021-01-21,,498.0,,40.5,269.0,-105.5,13450.0,-5275.0,1.0,13450.0
2021-01-22,,354.0,,40.0,-144.0,-0.5,-7200.0,-25.0,1.0,-7200.0
2021-01-25,,287.0,,32.0,-67.0,-8.0,-3350.0,-400.0,1.0,-3350.0
2021-01-26,,70.0,,88.0,-217.0,56.0,-10850.0,2800.0,1.0,-10850.0
2021-01-27,194.0,49.0,153.0,0.1,-21.0,-87.9,-1050.0,-4395.0,1.0,-1050.0
2021-01-28,,67.0,,299.0,-130.0,143.0,-6500.0,7150.0,1.0,-6500.0
2021-01-29,,8.4,,550.0,-58.6,251.0,-2930.0,12550.0,1.0,-2930.0
2021-02-01,,16.5,,272.0,8.1,-278.0,405.0,-13900.0,1.0,405.0
2021-02-02,,144.0,,35.0,127.5,-237.0,6375.0,-11850.0,1.0,6375.0
2021-02-03,239.0,117.0,216.0,0.1,-27.0,-34.9,-1350.0,-1745.0,1.0,-1350.0
2021-02-04,,163.0,,217.0,-79.0,-2.0,-3950.0,-100.0,1.0,-3950.0
2021-02-05,,195.0,,143.0,32.0,-74.0,1600.0,-3700.0,1.0,1600.0
2021-02-17,222.0,580.0,134.0,0.3,385.0,-142.7,19250.0,-7134.999999999999,1.0,19250.0
2021-02-18,,223.0,,101.0,-2.0,-36.0,-100.0,-1800.0,1.0,-100.0
2021-02-19,,166.0,,107.0,-57.0,6.0,-2850.0,300.0,1.0,-2850.0
2021-02-22,,190.0,,59.0,24.0,-48.0,1200.0,-2400.0,1.0,1200.0
2021-02-23,,211.0,,19.5,21.0,-39.5,1050.0,-1975.0,1.0,1050.0
2021-02-24,227.0,0.1,147.0,64.0,-210.9,44.5,-10545.0,2225.0,1.0,-10545.0
2021-02-25,,340.0,,52.0,110.0,-98.0,5500.0,-4900.0,1.0,5500.0
2021-02-26,,88.0,,244.0,-252.0,192.0,-12600.0,9600.0,1.0,-12600.0
2021-03-02,,16.5,,221.0,-71.5,-23.0,-3575.0,-1150.0,1.0,-3575.0
2021-03-03,220.0,33.0,162.0,0.1,16.5,-220.9,825.0,-11045.0,1.0,825.0
2021-03-04,,89.0,,280.0,-134.0,115.0,-6700.0,5750.0,1.0,-6700.0
2021-03-05,,48.5,,314.0,-40.5,34.0,-2025.0,1700.0,1.0,-2025.0
2021-03-08,,17.0,,321.0,-31.5,7.0,-1575.0,350.0,1.0,-1575.0
2021-03-09,,5.3,,299.0,-11.7,-22.0,-585.0,-1100.0,1.0,-585.0
2021-03-10,201.0,0.1,174.0,273.0,-5.2,-26.0,-260.0,-1300.0,1.0,-260.0
2021-03-11,,373.0,,55.0,169.0,-122.0,8450.0,-6100.0,1.0,8450.0
2021-03-12,,397.0,,21.0,24.0,-34.0,1200.0,-1700.0,1.0,1200.0
2021-03-15,,365.0,,12.5,-32.0,-8.5,-1600.0,-425.0,1.0,-1600.0
2021-03-16,,460.0,,1.6,95.0,-10.9,4750.0,-545.0,1.0,4750.0
2021-03-17,170.0,345.0,105.0,0.1,-115.0,-1.5,-5750.0,-75.0,1.0,-5750.0
2021-03-18,,194.0,,66.0,21.0,-42.0,1050.0,-2100.0,1.0,1050.0
2021-03-19,,68.0,,158.0,-126.0,92.0,-6300.0,4600.0,1.0,-6300.0
2021-03-22,,98.0,,77.0,30.0,-81.0,1500.0,-4050.0,1.0,1500.0
2021-03-23,,71.0,,56.0,-27.0,-21.0,-1350.0,-1050.0,1.0,-1350.0
2021-03-24,178.0,0.2,114.0,121.0,-70.8,65.0,-3540.0,3250.0,1.0,-3540.0
2021-03-25,,190.0,,76.0,9.0,-41.0,450.0,-2050.0,1.0,450.0
2021-03-26,,378.0,,15.0,188.0,-61.0,9400.0,-3050.0,1.0,9400.0
2021-03-29,,495.0,,5.7,117.0,-9.3,5850.0,-465.00000000000006,1.0,5850.0
2021-03-30,,590.0,,0.6,95.0,-5.1000000000000005,4750.0,-255.00000000000003,1.0,4750.0
2021-03-31,144.0,494.0,90.0,0.1,-96.0,-0.5,-4800.0,-25.0,1.0,-4800.0
2021-04-01,,214.0,,41.5,67.0,-51.5,3350.0,-2575.0,1.0,3350.0
2021-04-06,,343.0,,0.7,129.0,-40.8,6450.0,-2039.9999999999998,1.0,6450.0
2021-04-07,142.0,390.0,101.0,0.1,47.0,-0.6,2350.0,-30.0,1.0,2350.0
2021-04-08,,225.0,,31.5,80.0,-72.5,4000.0,-3625.0,1.0,4000.0
2021-04-09,,159.0,,51.0,-66.0,19.5,-3300.0,975.0,1.0,-3300.0
2021-04-12,,133.0,,33.0,-26.0,-18.0,-1300.0,-900.0,1.0,-1300.0
2021-04-13,,90.0,,25.0,-43.0,-8.0,-2150.0,-400.0,1.0,-2150.0
2021-04-14,141.0,67.0,130.0,0.2,-23.0,-24.8,-1150.0,-1240.0,1.0,-1150.0
2021-04-15,,281.0,,58.0,137.0,-75.0,6850.0,-3750.0,1.0,6850.0
2021-04-16,,327.0,,21.0,46.0,-37.0,2300.0,-1850.0,1.0,2300.0
2021-04-19,,425.0,,5.3,98.0,-15.7,4900.0,-785.0,1.0,4900.0
2021-04-20,,475.0,,1.7,50.0,-3.5999999999999996,2500.0,-179.99999999999997,1.0,2500.0
2021-04-21,195.0,381.0,115.0,0.2,-94.0,-1.5,-4700.0,-75.0,1.0,-4700.0
2021-04-22,,166.0,,119.0,-32.0,1.0,-1600.0,50.0,1.0,-1600.0
2021-04-23,,232.0,,47.5,66.0,-71.5,3300.0,-3575.0,1.0,3300.0
2021-04-26,,462.0,,6.8,230.0,-40.7,11500.0,-2035.0000000000002,1.0,11500.0
2021-04-27,,505.0,,1.1,43.0,-5.699999999999999,2150.0,-284.99999999999994,1.0,2150.0
2021-04-28,176.0,444.0,115.0,0.1,-61.0,-1.0,-3050.0,-50.0,1.0,-3050.0
2021-04-29,,172.0,,78.0,-7.0,-40.0,-350.0,-2000.0,1.0,-350.0
2021-05-03,,19.0,,233.0,-153.0,155.0,-7650.0,7750.0,1.0,-7650.0
2021-05-04,,0.9,,535.0,-18.1,302.0,-905.0000000000001,15100.0,1.0,-905.0000000000001
2021-05-05,222.0,0.1,183.0,610.0,-0.8,75.0,-40.0,3750.0,1.0,-40.0
2021-05-06,,297.0,,86.0,72.0,-100.0,3600.0,-5000.0,1.0,3600.0
2021-05-07,,560.0,,13.5,263.0,-72.5,13150.0,-3625.0,1.0,13150.0
2021-05-10,,500.0,,5.1,-60.0,-8.4,-3000.0,-420.0,1.0,-3000.0
2021-05-11,,49.0,,193.0,-451.0,187.9,-22550.0,9395.0,1.0,-22550.0
2021-05-12,429.0,0.5,332.0,855.0,-48.5,662.0,-2425.0,33100.0,1.0,-2425.0
2021-05-13,,259.0,,295.0,-173.0,-40.0,-8650.0,-2000.0,1.0,-8650.0
2021-05-14,,334.0,,168.0,75.0,-127.0,3750.0,-6350.0,1.0,3750.0
2021-05-17,,76.0,,414.0,-258.0,246.0,-12900.0,12300.0,1.0,-12900.0
2021-05-18,,565.0,,18.5,489.0,-395.5,24450.0,-19775.0,1.0,24450.0
2021-05-19,316.0,540.0,258.0,0.2,-25.0,-18.3,-1250.0,-915.0,1.0,-1250.0
2021-05-20,,260.0,,245.0,-59.0,-16.0,-2950.0,-800.0,1.0,-2950.0
2021-05-21,,402.0,,108.0,142.0,-137.0,7100.0,-6850.0,1.0,7100.0
2021-05-24,,385.0,,62.0,-17.0,-46.0,-850.0,-2300.0,1.0,-850.0
2021-05-25,,600.0,,5.1,215.0,-56.9,10750.0,-2845.0,1.0,10750.0
2021-05-26,214.0,635.0,172.0,0.2,35.0,-4.8999999999999995,1750.0,-244.99999999999997,1.0,1750.0
2021-05-27,,163.0,,204.0,-54.0,29.0,-2700.0,1450.0,1.0,-2700.0
2021-05-28,,343.0,,62.0,180.0,-142.0,9000.0,-7100.0,1.0,9000.0
2021-05-31,,454.0,,20.5,111.0,-41.5,5550.0,-2075.0,1.0,5550.0
2021-06-01,,560.0,,2.0,106.0,-18.5,5300.0,-925.0,1.0,5300.0
2021-06-02,236.0,530.0,157.0,0.2,-30.0,-1.8,-1500.0,-90.0,1.0,-1500.0
2021-06-03,,290.0,,88.0,51.0,-72.0,2550.0,-3600.0,1.0,2550.0
2021-06-04,,201.0,,122.0,-89.0,34.0,-4450.0,1700.0,1.0,-4450.0
2021-06-07,,164.0,,99.0,-37.0,-23.0,-1850.0,-1150.0,1.0,-1850.0
2021-06-08,,112.0,,50.0,-52.0,-49.0,-2600.0,-2450.0,1.0,-2600.0
2021-06-09,184.0,0.1,173.0,103.0,-111.9,53.0,-5595.0,2650.0,1.0,-5595.0
2021-06-10,,274.0,,64.0,87.0,-112.0,4350.0,-5600.0,1.0,4350.0
2021-06-11,,301.0,,32.0,27.0,-32.0,1350.0,-1600.0,1.0,1350.0
2021-06-15,,450.0,,2.4,149.0,-29.6,7450.0,-1480.0,1.0,7450.0
2021-06-16,216.0,397.0,98.0,0.1,-53.0,-2.3,-2650.0,-114.99999999999999,1.0,-2650.0
2021-06-17,,253.0,,63.0,34.0,-38.0,1700.0,-1900.0,1.0,1700.0
2021-06-18,,201.0,,64.0,-52.0,1.0,-2600.0,50.0,1.0,-2600.0
2021-06-21,,47.5,,178.0,-153.5,114.0,-7675.0,5700.0,1.0,-7675.0
2021-06-22,,32.0,,99.0,-15.5,-79.0,-775.0,-3950.0,1.0,-775.0
2021-06-23,208.0,147.0,116.0,0.1,115.0,-98.9,5750.0,-4945.0,1.0,5750.0
2021-06-24,,231.0,,69.0,20.0,-50.0,1000.0,-2500.0,1.0,1000.0
2021-06-25,,280.0,,41.0,49.0,-28.0,2450.0,-1400.0,1.0,2450.0
2021-06-28,,354.0,,11.0,74.0,-30.0,3700.0,-1500.0,1.0,3700.0
2021-06-29,,358.0,,3.5,4.0,-7.5,200.0,-375.0,1.0,200.0
2021-06-30,172.0,491.0,108.0,0.2,133.0,-3.3,6650.0,-165.0,1.0,6650.0
2021-07-01,,134.0,,124.0,-41.0,13.0,-2050.0,650.0,1.0,-2050.0
2021-07-02,,113.0,,110.0,-21.0,-14.0,-1050.0,-700.0,1.0,-1050.0
2021-07-05,,245.0,,18.5,132.0,-91.5,6600.0,-4575.0,1.0,6600.0
2021-07-06,,225.0,,8.3,-20.0,-10.2,-1000.0,-509.99999999999994,1.0,-1000.0
2021-07-07,173.0,100.0,117.0,0.3,-125.0,-8.0,-6250.0,-400.0,1.0,-6250.0
2021-07-08,,153.0,,105.0,-23.0,-15.0,-1150.0,-750.0,1.0,-1150.0
2021-07-09,,65.0,,173.0,-88.0,68.0,-4400.0,3400.0,1.0,-4400.0
2021-07-12,,106.0,,70.0,41.0,-103.0,2050.0,-5150.0,1.0,2050.0
2021-07-13,,103.0,,34.5,-3.0,-35.5,-150.0,-1775.0,1.0,-150.0
2021-07-14,165.0,0.2,141.0,4.3,-102.8,-30.2,-5140.0,-1510.0,1.0,-5140.0
2021-07-15,,244.0,,72.0,76.0,-72.0,3800.0,-3600.0,1.0,3800.0
2021-07-16,,145.0,,70.0,-99.0,-2.0,-4950.0,-100.0,1.0,-4950.0
2021-07-19,,68.0,,124.0,-77.0,54.0,-3850.0,2700.0,1.0,-3850.0
2021-07-20,,4.2,,295.0,-63.8,171.0,-3190.0,8550.0,1.0,-3190.0
2021-07-21,288.0,0.4,118.0,420.0,-3.8000000000000003,125.0,-190.0,6250.0,1.0,-190.0
2021-07-22,,319.0,,47.0,28.0,-74.0,1400.0,-3700.0,1.0,1400.0
2021-07-23,,313.0,,37.5,-6.0,-9.5,-300.0,-475.0,1.0,-300.0
2021-07-26,,153.0,,55.0,-160.0,17.5,-8000.0,875.0,1.0,-8000.0
2021-07-27,,85.0,,53.0,-68.0,-2.0,-3400.0,-100.0,1.0,-3400.0
2021-07-28,269.0,0.3,153.0,178.0,-84.7,125.0,-4235.0,6250.0,-1.0,-4235.0
2021-07-29,,485.0,,30.0,213.0,-126.0,10650.0,-6300.0,-1.0,-6300.0
2021-07-30,,358.0,,55.0,-127.0,25.0,-6350.0,1250.0,-1.0,1250.0
2021-08-02,,575.0,,5.9,217.0,-49.1,10850.0,-2455.0,-1.0,-2455.0
2021-08-03,,600.0,,1.8,25.0,-4.1000000000000005,1250.0,-205.00000000000003,-1.0,-205.00000000000003
2021-08-04,174.0,655.0,108.0,655.0,55.0,653.2,2750.0,32660.000000000004,1.0,32660.000000000004
2021-08-05,,147.0,,104.0,-30.0,-7.0,-1500.0,-350.0,1.0,-1500.0
2021-08-06,,82.0,,143.0,-65.0,39.0,-3250.0,1950.0,1.0,-3250.0
2021-08-09,,41.5,,139.0,-40.5,-4.0,-2025.0,-200.0,1.0,-2025.0
2021-08-10,,3.0,,217.0,-38.5,78.0,-1925.0,3900.0,1.0,-1925.0
2021-08-11,169.0,0.1,146.0,379.0,-2.9,162.0,-145.0,8100.0,1.0,-145.0
2021-08-12,,143.0,,133.0,-29.0,-16.0,-1450.0,-800.0,1.0,-1450.0
2021-08-13,,39.0,,255.0,-104.0,122.0,-5200.0,6100.0,1.0,-5200.0
2021-08-16,,7.0,,388.0,-32.0,133.0,-1600.0,6650.0,1.0,-1600.0
2021-08-17,,1.4,,575.0,-5.6,187.0,-280.0,9350.0,1.0,-280.0
2021-08-18,194.0,0.1,123.0,362.0,-1.2999999999999998,-213.0,-64.99999999999999,-10650.0,1.0,-64.99999999999999
2021-08-19,,47.5,,351.0,-149.5,225.0,-7475.0,11250.0,1.0,-7475.0
2021-08-20,,18.0,,463.0,-29.5,112.0,-1475.0,5600.0,1.0,-1475.0
2021-08-23,,127.0,,86.0,109.0,-377.0,5450.0,-18850.0,1.0,5450.0
2021-08-24,,157.0,,22.0,30.0,-64.0,1500.0,-3200.0,1.0,1500.0
2021-08-25,183.0,309.0,139.0,0.1,152.0,-21.9,7600.0,-1095.0,1.0,7600.0
2021-08-26,,198.0,,112.0,12.0,-30.0,600.0,-1500.0,1.0,600.0
2021-08-27,,297.0,,46.0,99.0,-66.0,4950.0,-3300.0,1.0,4950.0
2021-08-30,,425.0,,8.4,128.0,-37.6,6400.0,-1880.0,1.0,6400.0
2021-08-31,,530.0,,1.7,105.0,-6.7,5250.0,-335.0,1.0,5250.0
2021-09-01,174.0,545.0,121.0,0.2,15.0,-1.5,750.0,-75.0,1.0,750.0
2021-09-02,,84.0,,195.0,-93.0,71.0,-4650.0,3550.0,1.0,-4650.0
2021-09-03,,165.0,,91.0,81.0,-104.0,4050.0,-5200.0,1.0,4050.0
2021-09-06,,114.0,,62.0,-51.0,-29.0,-2550.0,-1450.0,1.0,-2550.0
2021-09-07,,52.0,,64.0,-62.0,2.0,-3100.0,100.0,1.0,-3100.0
2021-09-08,167.0,0.1,159.0,258.0,-51.9,194.0,-2595.0,9700.0,1.0,-2595.0
2021-09-09,,146.0,,156.0,-24.0,-6.0,-1200.0,-300.0,1.0,-1200.0
2021-09-10,,271.0,,43.5,125.0,-112.5,6250.0,-5625.0,1.0,6250.0
2021-09-13,,220.0,,30.0,-51.0,-13.5,-2550.0,-675.0,1.0,-2550.0
2021-09-14,,220.0,,9.5,0.0,-20.5,0.0,-1025.0,1.0,0.0
2021-09-15,156.0,132.0,102.0,0.1,-88.0,-9.4,-4400.0,-470.0,1.0,-4400.0
2021-09-16,,97.0,,117.0,-62.0,12.0,-3100.0,600.0,1.0,-3100.0
2021-09-17,,94.0,,79.0,-3.0,-38.0,-150.0,-1900.0,1.0,-150.0
2021-09-22,194.0,0.1,174.0,383.0,-93.9,304.0,-4695.0,15200.0,1.0,-4695.0
2021-09-23,,270.0,,65.0,73.0,-112.0,3650.0,-5600.0,1.0,3650.0
2021-09-24,,382.0,,21.5,112.0,-43.5,5600.0,-2175.0,1.0,5600.0
2021-09-27,,415.0,,6.3,33.0,-15.2,1650.0,-760.0,1.0,1650.0
2021-09-28,,292.0,,5.4,-123.0,-0.8999999999999995,-6150.0,-44.99999999999997,1.0,-6150.0
2021-09-29,202.0,0.1,163.0,76.0,-291.9,70.6,-14594.999999999998,3529.9999999999995,-1.0,-14594.999999999998
2021-09-30,,240.0,,96.0,35.0,-70.0,1750.0,-3500.0,-1.0,-3500.0
2021-10-01,,46.0,,296.0,-194.0,200.0,-9700.0,10000.0,-1.0,10000.0
2021-10-04,,8.7,,418.0,-37.3,122.0,-1864.9999999999998,6100.0,-1.0,6100.0
2021-10-05,,1.9,,381.0,-6.799999999999999,-37.0,-339.99999999999994,-1850.0,-1.0,-1850.0
2021-10-06,198.0,0.1,172.0,438.0,-1.7999999999999998,57.0,-89.99999999999999,2850.0,-1.0,2850.0
2021-10-07,,409.0,,50.0,208.0,-125.0,10400.0,-6250.0,-1.0,-6250.0
2021-10-08,,338.0,,53.0,-71.0,3.0,-3550.0,150.0,-1.0,150.0
2021-10-12,,130.0,,50.0,-208.0,-3.0,-10400.0,-150.0,-1.0,-150.0
2021-10-13,216.0,20.0,194.0,0.1,-110.0,-49.9,-5500.0,-2495.0,1.0,-2495.0
2021-10-14,,222.0,,118.0,3.0,-79.0,150.0,-3950.0,1.0,150.0
2021-10-15,,496.0,,15.5,274.0,-102.5,13700.0,-5125.0,1.0,13700.0
2021-10-18,,430.0,,9.3,-66.0,-6.199999999999999,-3300.0,-309.99999999999994,1.0,-3300.0
2021-10-19,,605.0,,1.4,175.0,-7.9,8750.0,-395.0,1.0,8750.0
2021-10-20,180.0,585.0,113.0,0.1,-20.0,-1.2999999999999998,-1000.0,-64.99999999999999,1.0,-1000.0
2021-10-21,,119.0,,131.0,-64.0,15.0,-3200.0,750.0,1.0,-3200.0
2021-10-22,,120.0,,95.0,1.0,-36.0,50.0,-1800.0,1.0,50.0
2021-10-25,,116.0,,50.0,-4.0,-45.0,-200.0,-2250.0,1.0,-200.0
2021-10-26,,215.0,,7.1,99.0,-42.9,4950.0,-2145.0,1.0,4950.0
2021-10-27,151.0,207.0,114.0,0.1,-8.0,-7.0,-400.0,-350.0,1.0,-400.0
2021-10-28,,117.0,,111.0,-37.0,-6.0,-1850.0,-300.0,1.0,-1850.0
2021-10-29,,67.0,,151.0,-50.0,40.0,-2500.0,2000.0,1.0,-2500.0
2021-11-01,,102.0,,57.0,35.0,-94.0,1750.0,-4700.0,1.0,1750.0
2021-11-02,,55.0,,46.5,-47.0,-10.5,-2350.0,-525.0,1.0,-2350.0
2021-11-03,157.0,62.0,108.0,0.2,7.0,-46.3,350.0,-2315.0,1.0,350.0
2021-11-04,,127.0,,98.0,-33.0,-13.0,-1650.0,-650.0,1.0,-1650.0
2021-11-05,,253.0,,27.0,126.0,-71.0,6300.0,-3550.0,1.0,6300.0
2021-11-08,,378.0,,3.5,125.0,-23.5,6250.0,-1175.0,1.0,6250.0
2021-11-09,,500.0,,1.4,122.0,-2.1,6100.0,-105.0,1.0,6100.0
2021-11-10,125.0,500.0,120.0,0.3,0.0,-1.0999999999999999,0.0,-54.99999999999999,1.0,0.0
2021-11-11,,75.0,,152.0,-53.0,29.0,-2650.0,1450.0,1.0,-2650.0
2021-11-12,,90.0,,96.0,15.0,-56.0,750.0,-2800.0,1.0,750.0
2021-11-15,,145.0,,29.0,55.0,-67.0,2750.0,-3350.0,1.0,2750.0
2021-11-16,,159.0,,7.3,14.0,-21.7,700.0,-1085.0,1.0,700.0
2021-11-17,123.0,172.0,93.0,0.2,13.0,-7.1,650.0,-355.0,1.0,650.0
2021-11-18,,175.0,,56.0,49.0,-40.0,2450.0,-2000.0,1.0,2450.0
2021-11-19,,160.0,,50.0,-15.0,-6.0,-750.0,-300.0,1.0,-750.0
2021-11-22,,132.0,,39.0,-28.0,-11.0,-1400.0,-550.0,1.0,-1400.0
2021-11-23,,14.5,,92.0,-117.5,53.0,-5875.0,2650.0,1.0,-5875.0
2021-11-24,137.0,0.1,95.0,100.0,-14.4,8.0,-720.0,400.0,1.0,-720.0
2021-11-25,,122.0,,82.0,-18.0,-16.0,-900.0,-800.0,1.0,-900.0
2021-11-26,,13.0,,308.0,-109.0,226.0,-5450.0,11300.0,1.0,-5450.0
2021-11-29,,5.6,,330.0,-7.4,22.0,-370.0,1100.0,1.0,-370.0
2021-11-30,,2.0,,300.0,-3.5999999999999996,-30.0,-179.99999999999997,-1500.0,1.0,-179.99999999999997
2021-12-01,174.0,0.3,125.0,35.0,-1.7,-265.0,-85.0,-13250.0,1.0,-85.0
2021-12-02,,245.0,,78.0,68.0,-50.0,3400.0,-2500.0,1.0,3400.0
2021-12-03,,232.0,,64.0,-13.0,-14.0,-650.0,-700.0,1.0,-650.0
2021-12-06,,200.0,,40.0,-32.0,-24.0,-1600.0,-1200.0,1.0,-1600.0
2021-12-07,,274.0,,5.3,74.0,-34.7,3700.0,-1735.0000000000002,1.0,3700.0
2021-12-08,137.0,331.0,134.0,0.3,57.0,-5.0,2850.0,-250.0,1.0,2850.0
2021-12-09,,145.0,,85.0,5.0,-52.0,250.0,-2600.0,1.0,250.0
2021-12-10,,85.0,,117.0,-60.0,32.0,-3000.0,1600.0,1.0,-3000.0
2021-12-13,,30.5,,127.0,-54.5,10.0,-2725.0,500.0,1.0,-2725.0
2021-12-14,,2.7,,253.0,-27.8,126.0,-1390.0,6300.0,1.0,-1390.0
2021-12-15,178.0,0.1,99.0,221.0,-2.6,-32.0,-130.0,-1600.0,1.0,-130.0
2021-12-16,,302.0,,23.5,121.0,-78.5,6050.0,-3925.0,1.0,6050.0
2021-12-17,,286.0,,30.0,-16.0,6.5,-800.0,325.0,1.0,-800.0
2021-12-20,,128.0,,70.0,-158.0,40.0,-7900.0,2000.0,1.0,-7900.0
2021-12-21,,270.0,,4.2,142.0,-65.8,7100.0,-3290.0,1.0,7100.0
2021-12-22,140.0,266.0,84.0,0.1,-4.0,-4.1000000000000005,-200.0,-205.00000000000003,1.0,-200.0
2021-12-23,,212.0,,39.5,69.0,-47.5,3450.0,-2375.0,1.0,3450.0
2021-12-24,,198.0,,24.0,-14.0,-15.5,-700.0,-775.0,1.0,-700.0
2021-12-27,,290.0,,6.2,92.0,-17.8,4600.0,-890.0,1.0,4600.0
2021-12-28,,415.0,,1.3,125.0,-4.9,6250.0,-245.00000000000003,1.0,6250.0
2021-12-29,137.0,470.0,95.0,0.1,55.0,-1.2,2750.0,-60.0,1.0,2750.0
2021-12-30,,86.0,,103.0,-54.0,5.0,-2700.0,250.0,1.0,-2700.0
2022-01-03,,82.0,,44.5,-4.0,-58.5,-200.0,-2925.0,1.0,-200.0
2022-01-04,,280.0,,2.8,198.0,-41.7,9900.0,-2085.0,1.0,9900.0
2022-01-05,146.0,216.0,104.0,0.1,-64.0,-2.6999999999999997,-3200.0,-135.0,1.0,-3200.0
2022-01-06,,72.0,,173.0,-77.0,66.0,-3850.0,3300.0,1.0,-3850.0
2022-01-07,,20.0,,312.0,-52.0,139.0,-2600.0,6950.0,1.0,-2600.0
2022-01-10,,16.5,,198.0,-3.5,-114.0,-175.0,-5700.0,1.0,-175.0
2022-01-11,,7.0,,163.0,-9.5,-35.0,-475.0,-1750.0,1.0,-475.0
2022-01-12,153.0,0.3,127.0,133.0,-6.7,-30.0,-335.0,-1500.0,1.0,-335.0
2022-01-13,,171.0,,96.0,15.0,-34.0,750.0,-1700.0,1.0,750.0
2022-01-14,,108.0,,96.0,-63.0,0.0,-3150.0,0.0,1.0,-3150.0
2022-01-17,,185.0,,25.5,77.0,-70.5,3850.0,-3525.0,1.0,3850.0
2022-01-18,,56.0,,58.0,-129.0,32.5,-6450.0,1625.0,1.0,-6450.0
2022-01-19,217.0,0.1,144.0,132.0,-55.9,74.0,-2795.0,3700.0,-1.0,-2795.0
2022-01-20,,230.0,,78.0,10.0,-69.0,500.0,-3450.0,-1.0,-3450.0
2022-01-21,,55.0,,232.0,-175.0,154.0,-8750.0,7700.0,-1.0,7700.0
2022-01-24,,40.0,,154.0,-15.0,-78.0,-750.0,-3900.0,-1.0,-3900.0
2022-01-25,,2.7,,400.0,-37.3,246.0,-1864.9999999999998,12300.0,-1.0,12300.0
2022-01-26,264.0,0.2,219.0,387.0,-2.5,-13.0,-125.0,-650.0,1.0,-650.0
2022-02-07,124.0,281.0,65.0,0.2,14.0,-221.8,700.0,-11090.0,1.0,700.0
2022-02-08,,120.0,,20.5,-7.0,-47.5,-350.0,-2375.0,1.0,-350.0
2022-02-09,134.0,296.0,116.0,0.1,176.0,-20.4,8800.0,-1019.9999999999999,1.0,8800.0
2022-02-10,,235.0,,47.0,98.0,-72.0,4900.0,-3600.0,1.0,4900.0
2022-02-11,,196.0,,72.0,-39.0,25.0,-1950.0,1250.0,1.0,-1950.0
2022-02-14,,37.0,,213.0,-159.0,141.0,-7950.0,7050.0,1.0,-7950.0
2022-02-15,,9.5,,206.0,-27.5,-7.0,-1375.0,-350.0,1.0,-1375.0
2022-02-16,172.0,55.0,125.0,0.1,45.5,-205.9,2275.0,-10295.0,1.0,2275.0
2022-02-17,,178.0,,109.0,3.0,-19.0,150.0,-950.0,1.0,150.0
2022-02-18,,154.0,,103.0,-24.0,-6.0,-1200.0,-300.0,1.0,-1200.0
2022-02-21,,119.0,,78.0,-35.0,-25.0,-1750.0,-1250.0,1.0,-1750.0
2022-02-22,,4.0,,290.0,-115.0,212.0,-5750.0,10600.0,1.0,-5750.0
2022-02-23,189.0,0.1,117.0,124.0,-3.9,-166.0,-195.0,-8300.0,1.0,-195.0
2022-02-24,,24.0,,478.0,-168.0,358.0,-8400.0,17900.0,1.0,-8400.0
2022-02-25,,13.5,,372.0,-10.5,-106.0,-525.0,-5300.0,1.0,-525.0
2022-03-01,,31.0,,102.0,17.5,-270.0,875.0,-13500.0,1.0,875.0
2022-03-02,215.0,0.2,148.0,104.0,-30.8,2.0,-1540.0,100.0,1.0,-1540.0
2022-03-03,,252.0,,101.0,34.0,-50.0,1700.0,-2500.0,1.0,1700.0
2022-03-04,,104.0,,208.0,-148.0,107.0,-7400.0,5350.0,1.0,-7400.0
2022-03-07,,3.6,,700.0,-100.4,492.0,-5020.0,24600.0,1.0,-5020.0
2022-03-08,,0.8,,1040.0,-2.8,340.0,-140.0,17000.0,1.0,-140.0
2022-03-09,253.0,0.1,201.0,750.0,-0.7000000000000001,-290.0,-35.0,-14500.0,1.0,-35.0
2022-03-10,,600.0,,54.0,344.0,-150.0,17200.0,-7500.0,1.0,17200.0
2022-03-11,,399.0,,77.0,-201.0,23.0,-10050.0,1150.0,1.0,-10050.0
2022-03-14,,366.0,,32.0,-33.0,-45.0,-1650.0,-2250.0,1.0,-1650.0
2022-03-15,,86.0,,102.0,-280.0,70.0,-14000.0,3500.0,1.0,-14000.0
2022-03-16,264.0,37.0,196.0,0.1,-49.0,-101.9,-2450.0,-5095.0,-1.0,-2450.0
2022-03-17,,605.0,,28.5,338.0,-170.5,16900.0,-8525.0,-1.0,-8525.0
2022-03-18,,545.0,,25.0,-60.0,-3.5,-3000.0,-175.0,-1.0,-175.0
2022-03-21,,625.0,,5.7,80.0,-19.3,4000.0,-965.0,-1.0,-965.0
2022-03-22,,655.0,,1.0,30.0,-4.7,1500.0,-235.0,-1.0,-235.0
2022-03-23,147.0,805.0,123.0,0.1,150.0,-0.9,7500.0,-45.0,1.0,-45.0
2022-03-24,,117.0,,125.0,-33.0,-1.0,-1650.0,-50.0,1.0,-1650.0
2022-03-25,,80.0,,133.0,-37.0,8.0,-1850.0,400.0,1.0,-1850.0
2022-03-28,,7.5,,251.0,-72.5,118.0,-3625.0,5900.0,1.0,-3625.0
2022-03-29,,6.3,,141.0,-1.2000000000000002,-110.0,-60.00000000000001,-5500.0,1.0,-60.00000000000001
2022-03-30,153.0,58.0,97.0,0.1,51.7,-140.9,2585.0,-7045.0,1.0,2585.0
2022-03-31,,95.0,,132.0,-61.0,32.0,-3050.0,1600.0,1.0,-3050.0
2022-04-01,,39.5,,162.0,-55.5,30.0,-2775.0,1500.0,1.0,-2775.0
2022-04-06,154.0,0.1,133.0,188.0,-39.4,26.0,-1970.0,1300.0,1.0,-1970.0
2022-04-07,,26.0,,370.0,-131.0,234.0,-6550.0,11700.0,1.0,-6550.0
2022-04-08,,39.0,,224.0,13.0,-146.0,650.0,-7300.0,1.0,650.0
2022-04-11,,3.1,,442.0,-35.9,218.0,-1795.0,10900.0,1.0,-1795.0
2022-04-12,,0.7,,490.0,-2.4000000000000004,48.0,-120.00000000000001,2400.0,1.0,-120.00000000000001
2022-04-13,158.0,0.1,142.0,189.0,-0.6,-301.0,-30.0,-15050.0,1.0,-30.0
2022-04-14,,139.0,,140.0,-22.0,-5.0,-1100.0,-250.0,1.0,-1100.0
2022-04-15,,18.0,,338.0,-121.0,198.0,-6050.0,9900.0,1.0,-6050.0
2022-04-18,,4.7,,420.0,-13.3,82.0,-665.0,4100.0,1.0,-665.0
2022-04-19,,1.2,,300.0,-3.5,-120.0,-175.0,-6000.0,1.0,-175.0
2022-04-20,175.0,0.1,131.0,175.0,-1.0999999999999999,-125.0,-54.99999999999999,-6250.0,-1.0,-54.99999999999999
2022-04-21,,184.0,,91.0,6.0,-43.0,300.0,-2150.0,-1.0,-2150.0
2022-04-22,,92.0,,127.0,-92.0,36.0,-4600.0,1800.0,-1.0,1800.0
2022-04-25,,4.2,,453.0,-87.8,326.0,-4390.0,16300.0,-1.0,16300.0
2022-04-26,,1.2,,435.0,-3.0,-18.0,-150.0,-900.0,-1.0,-900.0
2022-04-27,220.0,0.1,158.0,750.0,-1.0999999999999999,315.0,-54.99999999999999,15750.0,-1.0,15750.0
2022-04-28,,264.0,,111.0,41.0,-50.0,2050.0,-2500.0,-1.0,-2500.0
2022-04-29,,386.0,,39.0,122.0,-72.0,6100.0,-3600.0,-1.0,-3600.0
2022-05-03,,267.0,,16.0,-119.0,-23.0,-5950.0,-1150.0,-1.0,-1150.0
2022-05-04,196.0,291.0,161.0,0.1,24.0,-15.9,1200.0,-795.0,-1.0,-795.0
2022-05-05,,261.0,,56.0,62.0,-108.0,3100.0,-5400.0,-1.0,-5400.0
2022-05-06,,74.0,,201.0,-187.0,145.0,-9350.0,7250.0,-1.0,7250.0
2022-05-09,,4.3,,456.0,-69.7,255.0,-3485.0,12750.0,-1.0,12750.0
2022-05-10,,1.4,,435.0,-2.9,-21.0,-145.0,-1050.0,-1.0,-1050.0
2022-05-11,193.0,0.2,184.0,473.0,-1.2,38.0,-60.0,1900.0,-1.0,1900.0
2022-05-12,,46.5,,418.0,-149.5,231.0,-7475.0,11550.0,-1.0,11550.0
2022-05-13,,71.0,,222.0,24.5,-196.0,1225.0,-9800.0,-1.0,-9800.0
2022-05-16,,64.0,,141.0,-7.0,-81.0,-350.0,-4050.0,-1.0,-4050.0
2022-05-17,,106.0,,29.0,42.0,-112.0,2100.0,-5600.0,-1.0,-5600.0
2022-05-18,205.0,301.0,123.0,0.1,195.0,-28.9,9750.0,-1445.0,1.0,-1445.0
2022-05-19,,75.0,,272.0,-133.0,146.0,-6650.0,7300.0,1.0,-6650.0
2022-05-20,,141.0,,121.0,66.0,-151.0,3300.0,-7550.0,1.0,3300.0
2022-05-23,,130.0,,100.0,-11.0,-21.0,-550.0,-1050.0,1.0,-550.0
2022-05-24,,10.0,,193.0,-120.0,93.0,-6000.0,4650.0,1.0,-6000.0
2022-05-25,184.0,5.0,140.0,0.2,-5.0,-192.8,-250.0,-9640.0,1.0,-250.0
2022-05-26,,116.0,,184.0,-71.0,41.0,-3550.0,2050.0,1.0,-3550.0
2022-05-27,,250.0,,44.5,134.0,-139.5,6700.0,-6975.0,1.0,6700.0
2022-05-30,,540.0,,3.2,290.0,-41.3,14500.0,-2065.0,1.0,14500.0
2022-05-31,,660.0,,1.1,120.0,-2.1,6000.0,-105.0,1.0,6000.0
2022-06-01,164.0,665.0,134.0,0.1,5.0,-1.0,250.0,-50.0,1.0,250.0
2022-06-02,,114.0,,158.0,-53.0,21.0,-2650.0,1050.0,1.0,-2650.0
2022-06-06,,103.0,,74.0,-11.0,-84.0,-550.0,-4200.0,1.0,-550.0
2022-06-07,,17.0,,129.0,-86.0,55.0,-4300.0,2750.0,1.0,-4300.0
2022-06-08,171.0,59.0,127.0,0.1,42.0,-128.9,2100.0,-6445.0,1.0,2100.0
2022-06-09,,123.0,,138.0,-51.0,8.0,-2550.0,400.0,1.0,-2550.0
2022-06-10,,68.0,,195.0,-55.0,57.0,-2750.0,2850.0,1.0,-2750.0
2022-06-13,,2.8,,550.0,-65.2,355.0,-3260.0,17750.0,1.0,-3260.0
2022-06-14,,1.3,,550.0,-1.4999999999999998,0.0,-74.99999999999999,0.0,1.0,-74.99999999999999
2022-06-15,495.0,0.2,75.0,540.0,-1.1,-10.0,-55.00000000000001,-500.0,-1.0,-55.00000000000001
2022-06-16,,367.0,,86.0,-131.0,8.0,-6550.0,400.0,-1.0,400.0
2022-06-17,,207.0,,123.0,-160.0,37.0,-8000.0,1850.0,-1.0,1850.0
2022-06-20,,65.0,,156.0,-142.0,33.0,-7100.0,1650.0,-1.0,1650.0
2022-06-21,,227.0,,11.0,162.0,-145.0,8100.0,-7250.0,-1.0,-7250.0
2022-06-22,348.0,0.1,108.0,112.0,-226.9,101.0,-11345.0,5050.0,-1.0,5050.0
2022-06-23,,288.0,,120.0,-63.0,9.0,-3150.0,450.0,-1.0,450.0
2022-06-24,,340.0,,60.0,52.0,-60.0,2600.0,-3000.0,-1.0,-3000.0
2022-06-27,,510.0,,6.5,170.0,-53.5,8500.0,-2675.0,-1.0,-2675.0
2022-06-28,,425.0,,2.4,-85.0,-4.1,-4250.0,-204.99999999999997,-1.0,-204.99999999999997
2022-06-29,244.0,261.0,128.0,0.1,-164.0,-2.3,-8200.0,-114.99999999999999,-1.0,-114.99999999999999
2022-06-30,,74.0,,350.0,-173.0,219.0,-8650.0,10950.0,-1.0,10950.0
2022-07-01,,8.8,,735.0,-65.2,385.0,-3260.0,19250.0,-1.0,19250.0
2022-07-04,,2.4,,750.0,-6.4,15.0,-320.0,750.0,-1.0,750.0
2022-07-05,,1.0,,665.0,-1.4,-85.0,-70.0,-4250.0,-1.0,-4250.0
2022-07-06,310.0,0.4,180.0,1050.0,-0.6,385.0,-30.0,19250.0,-1.0,19250.0
2022-07-07,,490.0,,57.0,177.0,-126.0,8850.0,-6300.0,-1.0,-6300.0
2022-07-08,,600.0,,21.5,110.0,-35.5,5500.0,-1775.0,-1.0,-1775.0
2022-07-11,,525.0,,9.9,-75.0,-11.6,-3750.0,-580.0,-1.0,-580.0
2022-07-12,,204.0,,38.0,-321.0,28.1,-16050.0,1405.0,-1.0,1405.0
2022-07-13,217.0,580.0,191.0,0.2,376.0,-37.8,18800.0,-1889.9999999999998,-1.0,-1889.9999999999998
2022-07-14,,247.0,,114.0,27.0,-80.0,1350.0,-4000.0,-1.0,-4000.0
2022-07-15,,275.0,,51.0,28.0,-63.0,1400.0,-3150.0,-1.0,-3150.0
2022-07-18,,400.0,,8.0,125.0,-43.0,6250.0,-2150.0,-1.0,-2150.0
2022-07-19,,432.0,,1.5,32.0,-6.5,1600.0,-325.0,-1.0,-325.0
2022-07-20,236.0,462.0,114.0,0.1,30.0,-1.4,1500.0,-70.0,-1.0,-70.0
2022-07-21,,304.0,,47.0,65.0,-70.0,3250.0,-3500.0,-1.0,-3500.0
2022-07-22,,296.0,,34.0,-8.0,-13.0,-400.0,-650.0,-1.0,-650.0
2022-07-25,,319.0,,13.5,23.0,-20.5,1150.0,-1025.0,-1.0,-1025.0
2022-07-26,,216.0,,8.4,-103.0,-5.1,-5150.0,-254.99999999999997,-1.0,-254.99999999999997
2022-07-27,215.0,286.0,115.0,0.1,70.0,-8.3,3500.0,-415.00000000000006,-1.0,-415.00000000000006
2022-07-28,,222.0,,78.0,4.0,-40.0,200.0,-2000.0,-1.0,-2000.0
2022-07-29,,276.0,,30.0,54.0,-48.0,2700.0,-2400.0,-1.0,-2400.0
2022-08-01,,213.0,,28.5,-63.0,-1.5,-3150.0,-75.0,-1.0,-75.0
2022-08-02,,65.0,,119.0,-148.0,90.5,-7400.0,4525.0,-1.0,4525.0
2022-08-03,199.0,0.1,160.0,43.0,-64.9,-76.0,-3245.0000000000005,-3800.0,-1.0,-3800.0
2022-08-04,,170.0,,148.0,-32.0,-15.0,-1600.0,-750.0,-1.0,-750.0
2022-08-05,,405.0,,23.0,235.0,-125.0,11750.0,-6250.0,-1.0,-6250.0
2022-08-08,,349.0,,10.5,-56.0,-12.5,-2800.0,-625.0,-1.0,-625.0
2022-08-09,,390.0,,1.4,41.0,-9.1,2050.0,-455.0,-1.0,-455.0
2022-08-10,166.0,295.0,140.0,0.3,-95.0,-1.0999999999999999,-4750.0,-54.99999999999999,-1.0,-54.99999999999999
2022-08-11,,362.0,,23.0,193.0,-120.0,9650.0,-6000.0,-1.0,-6000.0
2022-08-12,,432.0,,8.1,70.0,-14.9,3500.0,-745.0,-1.0,-745.0
2022-08-15,,540.0,,2.1,108.0,-6.0,5400.0,-300.0,-1.0,-300.0
2022-08-16,,580.0,,0.7,40.0,-1.4000000000000001,2000.0,-70.0,-1.0,-70.0
2022-08-17,164.0,600.0,85.0,0.1,20.0,-0.6,1000.0,-30.0,-1.0,-30.0
2022-08-18,,115.0,,99.0,-52.0,11.0,-2600.0,550.0,-1.0,550.0
2022-08-19,,118.0,,64.0,3.0,-35.0,150.0,-1750.0,-1.0,-1750.0
2022-08-22,,20.5,,143.0,-97.5,79.0,-4875.0,3950.0,-1.0,3950.0
2022-08-23,,0.9,,270.0,-19.6,127.0,-980.0000000000001,6350.0,-1.0,6350.0
2022-08-24,173.0,0.1,99.0,253.0,-0.8,-17.0,-40.0,-850.0,-1.0,-850.0
2022-08-25,,249.0,,37.5,73.0,-64.5,3650.0,-3225.0,-1.0,-3225.0
2022-08-26,,289.0,,20.0,40.0,-17.5,2000.0,-875.0,-1.0,-875.0
2022-08-29,,33.0,,169.0,-256.0,149.0,-12800.0,7450.0,-1.0,7450.0
2022-08-30,,43.5,,52.0,10.5,-117.0,525.0,-5850.0,-1.0,-5850.0
2022-08-31,192.0,78.0,119.0,0.2,34.5,-51.8,1725.0,-2590.0,-1.0,-2590.0
2022-09-01,,62.0,,287.0,-133.0,165.0,-6650.0,8250.0,-1.0,8250.0
2022-09-02,,20.0,,381.0,-42.0,94.0,-2100.0,4700.0,-1.0,4700.0
2022-09-05,,3.6,,356.0,-16.4,-25.0,-819.9999999999999,-1250.0,-1.0,-1250.0
2022-09-06,,1.6,,333.0,-2.0,-23.0,-100.0,-1150.0,-1.0,-1150.0
2022-09-07,186.0,0.2,144.0,585.0,-1.4000000000000001,252.0,-70.0,12600.0,-1.0,12600.0
2022-09-08,,272.0,,50.0,83.0,-97.0,4150.0,-4850.0,-1.0,-4850.0
2022-09-12,,475.0,,3.2,203.0,-46.8,10150.0,-2340.0,-1.0,-2340.0
2022-09-13,,555.0,,0.7,80.0,-2.5,4000.0,-125.0,-1.0,-125.0
2022-09-14,179.0,316.0,151.0,0.1,-239.0,-0.6,-11950.0,-30.0,-1.0,-30.0
2022-09-15,,189.0,,98.0,7.0,-56.0,350.0,-2800.0,-1.0,-2800.0
2022-09-16,,86.0,,152.0,-103.0,54.0,-5150.0,2700.0,-1.0,2700.0
2022-09-19,,33.5,,165.0,-52.5,13.0,-2625.0,650.0,-1.0,650.0
2022-09-20,,56.0,,45.0,22.5,-120.0,1125.0,-6000.0,-1.0,-6000.0
2022-09-21,201.0,0.1,170.0,148.0,-55.9,103.0,-2795.0,5150.0,-1.0,5150.0
2022-09-22,,70.0,,212.0,-134.0,39.0,-6700.0,1950.0,-1.0,1950.0
2022-09-23,,19.5,,281.0,-50.5,69.0,-2525.0,3450.0,-1.0,3450.0
2022-09-26,,1.9,,615.0,-17.6,334.0,-880.0000000000001,16700.0,-1.0,16700.0
2022-09-27,,0.6,,570.0,-1.2999999999999998,-45.0,-64.99999999999999,-2250.0,-1.0,-2250.0
2022-09-28,197.0,0.2,175.0,900.0,-0.39999999999999997,330.0,-20.0,16500.0,-1.0,16500.0
2022-09-29,,172.0,,143.0,-28.0,-35.0,-1400.0,-1750.0,-1.0,-1750.0
2022-09-30,,101.0,,195.0,-71.0,52.0,-3550.0,2600.0,-1.0,2600.0
2022-10-03,,37.5,,224.0,-63.5,29.0,-3175.0,1450.0,-1.0,1450.0
2022-10-04,,125.0,,29.5,87.5,-194.5,4375.0,-9725.0,-1.0,-9725.0
2022-10-05,145.0,322.0,130.0,0.1,197.0,-29.4,9850.0,-1470.0,-1.0,-1470.0
2022-10-06,,174.0,,93.0,26.0,-40.0,1300.0,-2000.0,-1.0,-2000.0
2022-10-07,,72.0,,178.0,-102.0,85.0,-5100.0,4250.0,-1.0,4250.0
2022-10-11,,0.9,,690.0,-71.1,512.0,-3554.9999999999995,25600.0,-1.0,25600.0
2022-10-12,212.0,0.2,188.0,710.0,-0.7,20.0,-35.0,1000.0,-1.0,1000.0
2022-10-13,,113.0,,296.0,-102.0,105.0,-5100.0,5250.0,-1.0,5250.0
2022-10-14,,213.0,,95.0,100.0,-201.0,5000.0,-10050.0,-1.0,-10050.0
2022-10-17,,72.0,,146.0,-141.0,51.0,-7050.0,2550.0,-1.0,2550.0
2022-10-18,,102.0,,52.0,30.0,-94.0,1500.0,-4700.0,-1.0,-4700.0
2022-10-19,195.0,0.1,168.0,51.0,-101.9,-1.0,-5095.0,-50.0,-1.0,-50.0
2022-10-20,,137.0,,177.0,-61.0,6.0,-3050.0,300.0,-1.0,300.0
2022-10-21,,83.0,,214.0,-54.0,37.0,-2700.0,1850.0,-1.0,1850.0
2022-10-24,,77.0,,141.0,-6.0,-73.0,-300.0,-3650.0,-1.0,-3650.0
2022-10-25,,6.0,,270.0,-71.0,129.0,-3550.0,6450.0,-1.0,6450.0
2022-10-26,188.0,0.1,150.0,209.0,-5.9,-61.0,-295.0,-3050.0,-1.0,-3050.0
2022-10-27,,316.0,,52.0,125.0,-101.0,6250.0,-5050.0,-1.0,-5050.0
2022-10-28,,165.0,,91.0,-151.0,39.0,-7550.0,1950.0,-1.0,1950.0
2022-10-31,,260.0,,16.5,95.0,-74.5,4750.0,-3725.0,-1.0,-3725.0
2022-11-01,,340.0,,2.4,80.0,-14.1,4000.0,-705.0,-1.0,-705.0
2022-11-02,187.0,386.0,141.0,0.2,46.0,-2.1999999999999997,2300.0,-109.99999999999999,-1.0,-109.99999999999999
2022-11-03,,89.0,,171.0,-101.0,27.0,-5050.0,1350.0,-1.0,1350.0
2022-11-04,,99.0,,111.0,10.0,-60.0,500.0,-3000.0,-1.0,-3000.0
2022-11-07,,201.0,,18.5,102.0,-92.5,5100.0,-4625.0,-1.0,-4625.0
2022-11-08,,282.0,,2.9,81.0,-15.6,4050.0,-780.0,-1.0,-780.0
2022-11-09,169.0,565.0,124.0,0.1,283.0,-2.8,14150.0,-140.0,-1.0,-140.0
2022-11-10,,109.0,,175.0,-63.0,48.0,-3150.0,2400.0,-1.0,2400.0
2022-11-11,,515.0,,9.2,406.0,-165.8,20300.0,-8290.0,-1.0,-8290.0
2022-11-14,,580.0,,2.7,65.0,-6.499999999999999,3250.0,-324.99999999999994,-1.0,-324.99999999999994
2022-11-15,,980.0,,1.1,400.0,-1.6,20000.0,-80.0,-1.0,-80.0
2022-11-16,240.0,945.0,162.0,0.3,-35.0,-0.8,-1750.0,-40.0,-1.0,-40.0
2022-11-17,,212.0,,111.0,-31.0,-54.0,-1550.0,-2700.0,-1.0,-2700.0
2022-11-18,,163.0,,115.0,-49.0,4.0,-2450.0,200.0,-1.0,200.0
2022-11-21,,96.0,,84.0,-67.0,-31.0,-3350.0,-1550.0,-1.0,-1550.0
2022-11-22,,112.0,,25.5,16.0,-58.5,800.0,-2925.0,-1.0,-2925.0
2022-11-23,160.0,171.0,126.0,0.2,59.0,-25.3,2950.0,-1265.0,-1.0,-1265.0
2022-11-24,,259.0,,47.0,96.0,-82.0,4800.0,-4100.0,-1.0,-4100.0
2022-11-25,,204.0,,57.0,-55.0,10.0,-2750.0,500.0,-1.0,500.0
2022-11-28,,42.5,,126.0,-161.5,69.0,-8075.0,3450.0,-1.0,3450.0
2022-11-29,,118.0,,19.0,75.5,-107.0,3775.0,-5350.0,-1.0,-5350.0
2022-11-30,179.0,231.0,144.0,0.2,113.0,-18.8,5650.0,-940.0,1.0,-940.0
2022-12-01,,279.0,,54.0,97.0,-93.0,4850.0,-4650.0,1.0,4850.0
2022-12-02,,195.0,,66.0,-84.0,12.0,-4200.0,600.0,1.0,-4200.0
2022-12-05,,203.0,,25.5,8.0,-40.5,400.0,-2025.0,1.0,400.0
2022-12-06,,32.5,,104.0,-170.5,78.5,-8525.0,3925.0,1.0,-8525.0
2022-12-07,198.0,0.2,147.0,130.0,-32.3,26.0,-1614.9999999999998,1300.0,-1.0,-1614.9999999999998
2022-12-08,,118.0,,188.0,-83.0,38.0,-4150.0,1900.0,-1.0,1900.0
2022-12-09,,211.0,,75.0,93.0,-113.0,4650.0,-5650.0,-1.0,-5650.0
2022-12-12,,117.0,,102.0,-94.0,27.0,-4700.0,1350.0,-1.0,1350.0
2022-12-13,,89.0,,138.0,-28.0,36.0,-1400.0,1800.0,-1.0,1800.0
2022-12-14,173.0,125.0,161.0,0.1,36.0,-137.9,1800.0,-6895.0,-1.0,-6895.0
2022-12-15,,127.0,,114.0,-49.0,-50.0,-2450.0,-2500.0,-1.0,-2500.0
2022-12-16,,24.0,,263.0,-103.0,149.0,-5150.0,7450.0,-1.0,7450.0
2022-12-19,,6.5,,299.0,-17.5,36.0,-875.0,1800.0,-1.0,1800.0
2022-12-20,,0.9,,550.0,-5.6,251.0,-280.0,12550.0,-1.0,12550.0
2022-12-21,159.0,0.1,117.0,480.0,-0.8,-70.0,-40.0,-3500.0,-1.0,-3500.0
2022-12-22,,291.0,,37.0,129.0,-83.0,6450.0,-4150.0,-1.0,-4150.0
2022-12-23,,143.0,,72.0,-148.0,35.0,-7400.0,1750.0,-1.0,1750.0
2022-12-26,,150.0,,28.0,7.0,-44.0,350.0,-2200.0,-1.0,-2200.0
2022-12-27,,190.0,,7.5,40.0,-20.5,2000.0,-1025.0,-1.0,-1025.0
2022-12-28,147.0,0.2,113.0,19.5,-189.8,12.0,-9490.0,600.0,-1.0,600.0
2022-12-29,,94.0,,132.0,-56.0,16.0,-2800.0,800.0,-1.0,800.0
2022-12-30,,123.0,,70.0,29.0,-62.0,1450.0,-3100.0,-1.0,-3100.0
2023-01-03,,158.0,,11.0,35.0,-59.0,1750.0,-2950.0,-1.0,-2950.0
2023-01-04,156.0,123.0,120.0,0.1,-35.0,-10.9,-1750.0,-545.0,-1.0,-545.0
2023-01-05,,182.0,,69.0,23.0,-54.0,1150.0,-2700.0,-1.0,-2700.0
2023-01-06,,218.0,,44.5,36.0,-24.5,1800.0,-1225.0,-1.0,-1225.0
2023-01-09,,575.0,,3.2,357.0,-41.3,17850.0,-2065.0,-1.0,-2065.0
2023-01-10,,615.0,,1.0,40.0,-2.2,2000.0,-110.00000000000001,-1.0,-110.00000000000001
2023-01-11,216.0,555.0,175.0,0.3,-60.0,-0.7,-3000.0,-35.0,1.0,-35.0
2023-01-12,,210.0,,193.0,-9.0,15.0,-450.0,750.0,1.0,-450.0
2023-01-13,,213.0,,130.0,3.0,-63.0,150.0,-3150.0,1.0,150.0
2023-01-16,,262.0,,76.0,49.0,-54.0,2450.0,-2700.0,1.0,2450.0
2023-01-17,,246.0,,66.0,-16.0,-10.0,-800.0,-500.0,1.0,-800.0
2023-01-30,117.0,700.0,56.0,0.3,454.0,-65.7,22700.0,-3285.0,1.0,22700.0
2023-01-31,,11.0,,139.0,-109.0,80.0,-5450.0,4000.0,1.0,-5450.0
2023-02-01,165.0,0.3,121.0,41.0,-10.7,-98.0,-535.0,-4900.0,-1.0,-535.0
2023-02-02,,278.0,,35.5,110.0,-88.5,5500.0,-4425.0,-1.0,-4425.0
2023-02-03,,266.0,,28.0,-12.0,-7.5,-600.0,-375.0,-1.0,-375.0
2023-02-06,,111.0,,46.5,-155.0,18.5,-7750.0,925.0,-1.0,925.0
2023-02-07,,87.0,,30.5,-24.0,-16.0,-1200.0,-800.0,-1.0,-800.0
2023-02-08,141.0,266.0,136.0,0.3,179.0,-30.2,8950.0,-1510.0,1.0,-1510.0
2023-02-09,,121.0,,123.0,-23.0,-16.0,-1150.0,-800.0,1.0,-1150.0
2023-02-10,,107.0,,131.0,-14.0,8.0,-700.0,400.0,1.0,-700.0
2023-02-13,,74.0,,141.0,-33.0,10.0,-1650.0,500.0,1.0,-1650.0
2023-02-14,,122.0,,65.0,48.0,-76.0,2400.0,-3800.0,1.0,2400.0
2023-02-15,109.0,0.1,176.0,202.0,-121.9,137.0,-6095.0,6850.0,1.0,-6095.0
2023-02-16,,174.0,68.0,68.0,62.0,-111.0,3100.0,-5550.0,1.0,3100.0
2023-02-17,,95.0,99.0,99.0,-79.0,31.0,-3950.0,1550.0,1.0,-3950.0
2023-02-20,,122.0,33.0,33.0,27.0,-66.0,1350.0,-3300.0,1.0,1350.0
2023-02-21,,114.0,18.5,18.5,-8.0,-14.5,-400.0,-725.0,1.0,-400.0
2023-02-22,141.0,0.2,103.0,16.5,-113.8,-2.0,-5690.0,-100.0,1.0,-5690.0
2023-02-23,,291.0,,25.5,147.0,-80.5,7350.0,-4025.0,1.0,7350.0
2023-02-24,,229.0,,23.5,-62.0,-2.0,-3100.0,-100.0,1.0,-3100.0
2023-03-01,268.0,244.0,56.0,0.1,15.0,-23.4,750.0,-1170.0,1.0,750.0
2023-03-02,,254.0,,44.5,-17.0,-14.5,-850.0,-725.0,1.0,-850.0
2023-03-03,,302.0,,23.0,48.0,-21.5,2400.0,-1075.0,1.0,2400.0
2023-03-06,,440.0,,3.6,138.0,-19.4,6900.0,-969.9999999999999,1.0,6900.0
2023-03-07,,525.0,,1.2,85.0,-2.4000000000000004,4250.0,-120.00000000000001,1.0,4250.0
2023-03-08,147.0,460.0,113.0,0.2,-65.0,-1.0,-3250.0,-50.0,1.0,-3250.0
2023-03-09,,124.0,,108.0,-26.0,-8.0,-1300.0,-400.0,1.0,-1300.0
2023-03-10,,23.5,,295.0,-100.5,187.0,-5025.0,9350.0,1.0,-5025.0
2023-03-13,,17.0,,249.0,-6.5,-46.0,-325.0,-2300.0,1.0,-325.0
2023-03-14,,2.2,,401.0,-14.8,152.0,-740.0,7600.0,1.0,-740.0
2023-03-15,116.0,0.2,171.0,346.0,-2.0,-55.0,-100.0,-2750.0,-1.0,-100.0
2023-03-16,,155.0,,106.0,36.0,-68.0,1800.0,-3400.0,-1.0,-3400.0
2023-03-17,,49.0,,179.0,-106.0,73.0,-5300.0,3650.0,-1.0,3650.0
2023-03-20,,41.0,,142.0,-8.0,-37.0,-400.0,-1850.0,-1.0,-1850.0
2023-03-21,,8.1,,197.0,-32.9,55.0,-1645.0,2750.0,-1.0,2750.0
2023-03-22,164.0,0.1,126.0,444.0,-8.0,247.0,-400.0,12350.0,1.0,12350.0
2023-03-23,,219.0,,63.0,52.0,-66.0,2600.0,-3300.0,1.0,2600.0
2023-03-24,,267.0,,29.0,48.0,-34.0,2400.0,-1700.0,1.0,2400.0
2023-03-27,,181.0,,25.0,-86.0,-4.0,-4300.0,-200.0,1.0,-4300.0
2023-03-28,,56.0,,46.0,-125.0,21.0,-6250.0,1050.0,1.0,-6250.0
2023-03-29,156.0,49.0,101.0,0.1,-7.0,-45.9,-350.0,-2295.0,1.0,-350.0
2023-03-30,,199.0,,60.0,40.0,-44.0,2000.0,-2200.0,1.0,2000.0
2023-03-31,,219.0,,38.5,20.0,-21.5,1000.0,-1075.0,1.0,1000.0
2023-04-06,121.0,95.0,96.0,0.2,-124.0,-38.3,-6200.0,-1914.9999999999998,1.0,-6200.0
2023-04-07,,137.0,,52.0,13.0,-47.0,650.0,-2350.0,1.0,650.0
2023-04-10,,144.0,,23.5,7.0,-28.5,350.0,-1425.0,1.0,350.0
2023-04-11,,189.0,,5.7,45.0,-17.8,2250.0,-890.0,1.0,2250.0
2023-04-12,131.0,182.0,104.0,0.2,-7.0,-5.5,-350.0,-275.0,1.0,-350.0
2023-04-13,,59.0,,143.0,-75.0,36.0,-3750.0,1800.0,1.0,-3750.0
2023-04-14,,105.0,,56.0,46.0,-87.0,2300.0,-4350.0,1.0,2300.0
2023-04-17,,101.0,,30.5,-4.0,-25.5,-200.0,-1275.0,1.0,-200.0
2023-04-18,,38.5,,48.0,-62.5,17.5,-3125.0,875.0,1.0,-3125.0
2023-04-19,137.0,0.3,97.0,125.0,-38.2,77.0,-1910.0000000000002,3850.0,-1.0,-1910.0000000000002
2023-04-20,,99.0,,110.0,-41.0,10.0,-2050.0,500.0,-1.0,500.0
2023-04-21,,28.0,,156.0,-71.0,46.0,-3550.0,2300.0,-1.0,2300.0
2023-04-24,,12.0,,147.0,-16.0,-9.0,-800.0,-450.0,-1.0,-450.0
2023-04-25,,1.0,,371.0,-11.0,224.0,-550.0,11200.0,-1.0,11200.0
2023-04-26,125.0,0.2,100.0,370.0,-0.8,-1.0,-40.0,-50.0,-1.0,-50.0
2023-04-27,,136.0,,61.0,8.0,-42.0,400.0,-2100.0,-1.0,-2100.0
2023-04-28,,235.0,,15.0,99.0,-46.0,4950.0,-2300.0,-1.0,-2300.0
2023-05-02,,333.0,,1.6,98.0,-13.4,4900.0,-670.0,-1.0,-670.0
2023-05-03,117.0,268.0,121.0,0.2,-65.0,-1.4000000000000001,-3250.0,-70.0,-1.0,-70.0
2023-05-04,,134.0,,74.0,14.0,-50.0,700.0,-2500.0,-1.0,-2500.0
2023-05-05,,134.0,,44.0,0.0,-30.0,0.0,-1500.0,-1.0,-1500.0
2023-05-08,,177.0,,11.5,43.0,-32.5,2150.0,-1625.0,-1.0,-1625.0
2023-05-09,,180.0,,2.9,3.0,-8.6,150.0,-430.0,-1.0,-430.0
2023-05-10,108.0,61.0,98.0,0.1,-119.0,-2.8,-5950.0,-140.0,-1.0,-140.0
2023-05-11,,49.0,,130.0,-62.0,29.0,-3100.0,1450.0,-1.0,1450.0
2023-05-12,,29.0,,123.0,-20.0,-7.0,-1000.0,-350.0,-1.0,-350.0
2023-05-15,,17.5,,108.0,-11.5,-15.0,-575.0,-750.0,-1.0,-750.0
2023-05-16,,103.0,,11.0,85.5,-97.0,4275.0,-4850.0,-1.0,-4850.0
2023-05-17,166.0,353.0,73.0,0.1,250.0,-10.9,12500.0,-545.0,1.0,-545.0
2023-05-18,,316.0,,23.5,147.0,-52.5,7350.0,-2625.0,1.0,7350.0
2023-05-19,,361.0,,13.0,45.0,-10.5,2250.0,-525.0,1.0,2250.0
2023-05-22,,340.0,,4.5,-21.0,-8.5,-1050.0,-425.0,1.0,-1050.0
2023-05-23,,348.0,,1.9,8.0,-2.6,400.0,-130.0,1.0,400.0
2023-05-24,153.0,299.0,65.0,0.3,-49.0,-1.5999999999999999,-2450.0,-80.0,1.0,-2450.0
2023-05-25,,255.0,,28.0,99.0,-40.0,4950.0,-2000.0,1.0,4950.0
2023-05-26,,466.0,,6.0,211.0,-22.0,10550.0,-1100.0,1.0,10550.0
2023-05-29,,610.0,,1.6,144.0,-4.4,7200.0,-220.00000000000003,1.0,7200.0
2023-05-30,,595.0,,0.9,-15.0,-0.7000000000000001,-750.0,-35.0,1.0,-750.0
2023-05-31,189.0,540.0,92.0,0.1,-55.0,-0.8,-2750.0,-40.0,1.0,-2750.0
2023-06-01,,162.0,,79.0,-30.0,-16.0,-1500.0,-800.0,1.0,-1500.0
2023-06-02,,330.0,,13.5,168.0,-65.5,8400.0,-3275.0,1.0,8400.0
2023-06-05,,278.0,,6.6,-52.0,-6.9,-2600.0,-345.0,1.0,-2600.0
2023-06-06,,320.0,,2.3,42.0,-4.3,2100.0,-215.0,1.0,2100.0
2023-06-07,152.0,456.0,88.0,0.1,136.0,-2.1999999999999997,6800.0,-109.99999999999999,1.0,6800.0
2023-06-08,,58.0,,161.0,-97.0,70.0,-4850.0,3500.0,1.0,-4850.0
2023-06-09,,120.0,,65.0,62.0,-96.0,3100.0,-4800.0,1.0,3100.0
2023-06-12,,143.0,,26.0,23.0,-39.0,1150.0,-1950.0,1.0,1150.0
2023-06-13,,390.0,,1.8,247.0,-24.2,12350.0,-1210.0,1.0,12350.0
2023-06-14,130.0,393.0,131.0,0.3,3.0,-1.5,150.0,-75.0,1.0,150.0
2023-06-15,,199.0,,59.0,66.0,-75.0,3300.0,-3750.0,1.0,3300.0
2023-06-16,,134.0,,64.0,-65.0,5.0,-3250.0,250.0,1.0,-3250.0
2023-06-19,,97.0,,42.0,-37.0,-22.0,-1850.0,-1100.0,1.0,-1850.0
2023-06-20,,35.5,,46.5,-61.5,4.5,-3075.0,225.0,1.0,-3075.0
2023-06-21,223.0,30.0,50.0,0.1,-5.5,-46.4,-275.0,-2320.0,-1.0,-275.0
2023-06-26,,96.0,,43.0,-130.0,-10.0,-6500.0,-500.0,-1.0,-500.0
2023-06-27,,17.0,,86.0,-79.0,43.0,-3950.0,2150.0,-1.0,2150.0
2023-06-28,144.0,0.1,93.0,69.0,-16.9,-17.0,-844.9999999999999,-850.0,-1.0,-850.0
2023-06-29,,133.0,,84.0,-14.0,-12.0,-700.0,-600.0,-1.0,-600.0
2023-06-30,,137.0,,50.0,4.0,-34.0,200.0,-1700.0,-1.0,-1700.0
2023-07-03,,340.0,,4.9,203.0,-45.1,10150.0,-2255.0,-1.0,-2255.0
2023-07-04,,400.0,,0.9,60.0,-4.0,3000.0,-200.0,-1.0,-200.0
2023-07-05,126.0,276.0,96.0,0.3,-124.0,-0.6000000000000001,-6200.0,-30.000000000000004,1.0,-30.000000000000004
2023-07-06,,18.0,,304.0,-111.0,205.0,-5550.0,10250.0,1.0,-5550.0
2023-07-07,,8.7,,349.0,-9.3,45.0,-465.00000000000006,2250.0,1.0,-465.00000000000006
2023-07-10,,1.9,,421.0,-6.799999999999999,72.0,-339.99999999999994,3600.0,1.0,-339.99999999999994
2023-07-11,,14.0,,117.0,12.1,-304.0,605.0,-15200.0,1.0,605.0
2023-07-12,146.0,0.1,121.0,86.0,-13.9,-31.0,-695.0,-1550.0,1.0,-695.0
2023-07-13,,238.0,,52.0,89.0,-72.0,4450.0,-3600.0,1.0,4450.0
2023-07-14,,406.0,,12.0,168.0,-40.0,8400.0,-2000.0,1.0,8400.0
2023-07-17,,391.0,,4.2,-15.0,-7.8,-750.0,-390.0,1.0,-750.0
2023-07-18,,325.0,,2.8,-66.0,-1.4000000000000004,-3300.0,-70.00000000000001,1.0,-3300.0
2023-07-19,183.0,203.0,113.0,0.2,-122.0,-2.5999999999999996,-6100.0,-129.99999999999997,-1.0,-6100.0
2023-07-20,,196.0,,79.0,10.0,-37.0,500.0,-1850.0,-1.0,-1850.0
2023-07-21,,75.0,,133.0,-121.0,54.0,-6050.0,2700.0,-1.0,2700.0
2023-07-24,,66.0,,92.0,-9.0,-41.0,-450.0,-2050.0,-1.0,-2050.0
2023-07-25,,185.0,,9.0,119.0,-83.0,5950.0,-4150.0,-1.0,-4150.0
2023-07-26,149.0,104.0,118.0,0.1,-81.0,-8.9,-4050.0,-445.0,-1.0,-445.0
2023-07-27,,210.0,,55.0,58.0,-66.0,2900.0,-3300.0,-1.0,-3300.0
2023-07-28,,221.0,,31.5,11.0,-23.5,550.0,-1175.0,-1.0,-1175.0
2023-07-31,,94.0,,68.0,-127.0,36.5,-6350.0,1825.0,-1.0,1825.0
2023-08-01,,116.0,,21.5,22.0,-46.5,1100.0,-2325.0,-1.0,-2325.0
2023-08-02,160.0,0.1,144.0,246.0,-115.9,224.5,-5795.0,11225.0,-1.0,11225.0
2023-08-04,,132.0,,100.0,-31.0,-47.0,-1550.0,-2350.0,-1.0,-2350.0
2023-08-07,,228.0,,25.5,96.0,-74.5,4800.0,-3725.0,-1.0,-3725.0
2023-08-08,,105.0,,37.5,-123.0,12.0,-6150.0,600.0,-1.0,600.0
2023-08-09,150.0,71.0,147.0,0.3,-34.0,-37.2,-1700.0,-1860.0000000000002,-1.0,-1860.0000000000002
2023-08-10,,60.0,,253.0,-93.0,103.0,-4650.0,5150.0,-1.0,5150.0
2023-08-11,,25.5,,252.0,-34.5,-1.0,-1725.0,-50.0,-1.0,-50.0
2023-08-14,,2.0,,475.0,-23.5,223.0,-1175.0,11150.0,-1.0,11150.0
2023-08-15,,0.7,,430.0,-1.3,-45.0,-65.0,-2250.0,-1.0,-2250.0
2023-08-16,174.0,0.1,115.0,486.0,-0.6,56.0,-30.0,2800.0,-1.0,2800.0
2023-08-17,,204.0,,66.0,27.0,-52.0,1350.0,-2600.0,-1.0,-2600.0
2023-08-18,,133.0,,97.0,-71.0,31.0,-3550.0,1550.0,-1.0,1550.0
2023-08-21,,97.0,,73.0,-36.0,-24.0,-1800.0,-1200.0,-1.0,-1200.0
2023-08-22,,109.0,,26.5,12.0,-46.5,600.0,-2325.0,-1.0,-2325.0
2023-08-23,278.0,206.0,67.0,0.1,97.0,-26.4,4850.0,-1320.0,1.0,-1320.0
2023-08-24,,433.0,,12.5,152.0,-57.5,7600.0,-2875.0,1.0,7600.0
2023-08-25,,167.0,,67.0,-266.0,54.5,-13300.0,2725.0,1.0,-13300.0
2023-08-28,,182.0,,23.5,15.0,-43.5,750.0,-2175.0,1.0,750.0
2023-08-29,,291.0,,1.3,109.0,-22.2,5450.0,-1110.0,1.0,5450.0
2023-08-30,133.0,381.0,98.0,0.1,90.0,-1.2,4500.0,-60.0,-1.0,4500.0
2023-08-31,,82.0,,131.0,-54.0,30.0,-2700.0,1500.0,-1.0,1500.0
