,¥æ,¹å¹³è²·ææ¬¡é±æ¥çç®,¹å¹³è²·æè¿±æ¥çç®,¹å¹³è³æ¬¡é±æ¥çç®,¹å¹³è³è¿±æ¥çç®,ç­ç´¯çè³(),²å,©º¹å¹³è³è¿±å(é»)
0,2020/1/2,68,102,56,0.1,1000000,4,0
1,2020/1/3,,52,,56,999400,4,-3
2,2020/1/6,,5.4,,147,981200,4,-91
3,2020/1/7,,0.6,,225,965600,4,-78
4,2020/1/8,136,0.1,99,260,958600,4,-35
5,2020/1/9,,247,,29,972000,4,67
6,2020/1/10,,284,,20,973800,4,9
7,2020/1/13,,370,,1.5,977500,4,18.5
8,2020/1/14,,431,,0.9,977620,4,0.6
9,2020/1/15,101,313,86,0.1,977780,4,0.8
10,2020/1/16,,99,,84,977580,4,-1
11,2020/1/17,,100,,66,981180,4,18
12,2020/1/20,,120,,47.5,984880,4,18.5
13,2020/1/30,186,0.2,95,615,871380,3,-567.5
14,2020/1/31,,228,,42.5,878805,3,49.5
15,2020/2/3,,115,,76,873780,3,-33.5
16,2020/2/4,,258,,7.9,883995,3,68.1
17,2020/2/5,149,260,96,0.1,885165,4,7.8
18,2020/2/6,,278,,28.5,898065,4,64.5
19,2020/2/7,,161,,56,892565,4,-27.5
20,2020/2/10,,126,,44,894965,4,12
21,2020/2/11,,187,,8.4,902085,4,35.6
22,2020/2/12,110,293,90,0.2,903725,4,8.2
23,2020/2/13,,105,,79,905325,4,8
24,2020/2/14,,108,,47,911725,4,32
25,2020/2/17,,61,,40.5,913025,4,6.5
26,2020/2/18,,8.2,,117,897725,4,-76.5
27,2020/2/19,105,10,80,0.1,921105,4,116.9
28,2020/2/20,,69,,92,918105,4,-15
29,2020/2/21,,41.5,,116,913305,4,-24
30,2020/2/24,,5.1,,232,890105,4,-116
31,2020/2/25,,1.7,,202,896105,4,30
32,2020/2/26,144,0.1,111,317,873105,3,-115
33,2020/2/27,,76,,187,861255,3,-79
34,2020/3/2,,17.5,,222,856005,3,-35
35,2020/3/3,,24.5,,89,875955,3,133
36,2020/3/4,138,0.1,110,21,886155,4,68
37,2020/3/5,,202,,44.5,898655,4,62.5
38,2020/3/6,,84,,146,878355,4,-101.5
39,2020/3/9,,7.5,,385,830555,4,-239
40,2020/3/10,,1.3,,340,839555,4,45
41,2020/3/11,200,0.2,178,443,818955,3,-103
42,2020/3/12,,32.5,,468,775005,3,-293
43,2020/3/13,,19.5,,785,727455,3,-317
44,2020/3/16,,1.5,,1120,677205,3,-335
45,2020/3/17,,0.1,,1430,630705,3,-310
46,2020/3/18,417,0.3,285,1490,621705,2,-60
47,2020/3/19,,146,,565,593405,2,-283
48,2020/3/20,,370,,160,633905,2,405
49,2020/3/23,,141,,260,623905,2,-100
50,2020/3/24,,427,,9.5,648955,2,250.5
51,2020/3/25,308,715,194,0.2,649885,3,9.3
52,2020/3/26,,324,,154,655435,3,37
53,2020/3/27,,251,,154,655435,3,0
54,2020/3/30,,203,,91,664885,3,63
55,2020/3/31,,160,,34.5,673360,3,56.5
56,2020/4/1,265,134,185,0.1,678520,3,34.4
57,2020/4/6,,326,,16,703420,3,166
58,2020/4/7,,465,,1.4,705610,3,14.6
59,2020/4/8,180,565,152,0.1,705805,3,1.3
60,2020/4/9,,142,,142,706855,3,7
61,2020/4/10,,133,,99,713305,3,43
62,2020/4/13,,82,,106,712255,3,-7
63,2020/4/14,,250,,4.4,727495,3,101.6
64,2020/4/15,198,351,110,0.1,728140,3,4.3
65,2020/4/16,,169,,101,729040,3,6
66,2020/4/17,,330,,26.5,740215,3,74.5
67,2020/4/20,,256,,22,740890,3,4.5
68,2020/4/21,,63,,84,731590,3,-62
69,2020/4/22,218,0.2,118,15,741940,3,69
70,2020/4/23,,238,,64,749590,3,51
71,2020/4/24,,210,,59,750340,3,5
72,2020/4/27,,401,,5.2,758410,3,53.8
73,2020/4/28,,426,,0.8,759070,3,4.4
74,2020/4/29,150,555,103,0.1,759175,3,0.7
75,2020/4/30,,310,,27,770125,3,73
76,2020/5/4,,84,,115,756925,3,-88
77,2020/5/5,,104,,25,770425,3,90
78,2020/5/6,160,57,111,0.1,774160,3,24.9
79,2020/5/7,,188,,63,780910,3,45
80,2020/5/8,,213,,38,784660,3,25
81,2020/5/11,,266,,10.5,788785,3,27.5
82,2020/5/12,,153,,7.4,789250,3,3.1
83,2020/5/13,131,174,117,0.1,790345,3,7.3
84,2020/5/14,,56,,206,776545,3,-92
85,2020/5/15,,63,,143,785995,3,63
86,2020/5/18,,28,,165,782695,3,-22
87,2020/5/19,,35,,66,797545,3,99
88,2020/5/20,135,0.1,93,13,805495,3,53
89,2020/5/21,,178,,46.5,812020,3,43.5
90,2020/5/22,,65,,125,800245,3,-78.5
91,2020/5/25,,61,,52,811195,3,73
92,2020/5/26,,164,,6.7,817990,3,45.3
93,2020/5/27,139,160,86,0.1,818980,3,6.6
94,2020/5/28,,101,,108,815230,3,-25
95,2020/5/29,,86,,91,817780,3,17
96,2020/6/1,,151,,21.5,828205,3,69.5
97,2020/6/2,,187,,6.5,830455,3,15
98,2020/6/3,141,371,90,0.2,831400,3,6.3
99,2020/6/4,,182,,56,836050,3,31
100,2020/6/5,,245,,20,841450,3,36
101,2020/6/8,,341,,4.7,843745,3,15.3
102,2020/6/9,,380,,1.1,844285,3,3.6
103,2020/6/10,127,463,123,0.1,844435,3,1
104,2020/6/11,,34,,243,825985,3,-123
105,2020/6/12,,14,,323,813985,3,-80
106,2020/6/15,,1.8,,475,791185,3,-152
107,2020/6/16,,7.7,,183,834985,3,292
108,2020/6/17,217,0.2,66,179,835585,3,4
109,2020/6/18,,235,,42,838735,3,21
110,2020/6/19,,231,,27,840985,3,15
111,2020/6/22,,230,,13,843085,3,14
112,2020/6/23,,260,,3.2,844555,3,9.8
113,2020/6/24,191,302,55,0.2,845005,3,3
114,2020/6/29,,65,,85,840055,3,-33
115,2020/6/30,,102,,11,851155,3,74
116,2020/7/1,164,203,60,0.2,852775,3,10.8
117,2020/7/2,,276,,23,857875,3,34
118,2020/7/3,,398,,10,859825,3,13
119,2020/7/6,,615,,2.1,861010,3,7.9
120,2020/7/7,,575,,0.6,861235,3,1.5
121,2020/7/8,138,655,110,0.1,861310,3,0.5
122,2020/7/9,,136,,85,864610,3,22
123,2020/7/10,,54,,159,853510,3,-74
124,2020/7/13,,135,,29.5,872935,3,129.5
125,2020/7/14,,109,,21,874210,3,8.5
126,2020/7/15,228,120,68,0.1,877345,4,20.9
127,2020/7/16,,177,,65,877345,4,0
128,2020/7/17,,164,,44.5,881445,4,20.5
129,2020/7/20,,144,,25.5,885245,4,19
130,2020/7/21,,370,,1.8,889985,4,23.7
131,2020/7/22,186,401,63,0.2,890305,4,1.6
132,2020/7/23,,160,,70,888305,4,-10
133,2020/7/24,,88,,134,875505,4,-64
134,2020/7/27,,319,,15,899305,4,119
135,2020/7/28,,272,,11.5,900005,4,3.5
136,2020/7/29,205,229,97,0.1,902285,4,11.4
137,2020/7/30,,320,,47,911685,4,47
138,2020/7/31,,301,,45.5,911985,4,1.5
139,2020/8/3,,171,,43,912485,4,2.5
140,2020/8/4,,314,,2.1,920665,4,40.9
141,2020/8/5,176,393,85,0.1,921065,4,2
142,2020/8/6,,237,,54,926665,4,28
143,2020/8/7,,170,,62,925065,4,-8
144,2020/8/10,,221,,20,933465,4,42
145,2020/8/11,,97,,25,932465,4,-5
146,2020/8/12,130,0.2,121,40.5,929365,4,-15.5
147,2020/8/13,,155,,77,937565,4,41
148,2020/8/14,,183,,42.5,944465,4,34.5
149,2020/8/17,,311,,6.5,951665,4,36
150,2020/8/18,,230,,3.3,952305,4,3.2
151,2020/8/19,139,156,101,0.1,952945,4,3.2
152,2020/8/20,,18.5,,423,887945,4,-325
153,2020/8/21,,32,,187,935145,4,236
154,2020/8/24,,27.5,,137,945145,4,50
155,2020/8/25,,61,,38,964945,4,99
156,2020/8/26,165,49.5,92,0.2,972505,4,37.8
157,2020/8/27,,131,,94,971505,4,-5
158,2020/8/28,,88,,115,967305,4,-21
159,2020/8/31,,28,,155,959305,4,-40
160,2020/9/1,,26.5,,67,976905,4,88
161,2020/9/2,165,0.2,101,82,973905,4,-15
162,2020/9/3,,174,,75,978505,4,23
163,2020/9/4,,98,,120,969505,4,-45
164,2020/9/7,,52,,102,973105,4,18
165,2020/9/8,,68,32,32,987105,4,70
166,2020/9/9,175,0.1,124,58,981305,4,-29
167,2020/9/10,,211,,63,992905,4,58
168,2020/9/11,,175,,61,993305,4,2
169,2020/9/14,,246,,11.5,1003205,4,49.5
170,2020/9/15,,296,,2.8,1004945,4,8.7
171,2020/9/16,138,418,107,0.1,1005485,4,2.7
172,2020/9/17,,79,,128,1000685,4,-24
173,2020/9/18,,73,,100,1006285,4,28
174,2020/9/21,,16,,196,987085,4,-96
175,2020/9/22,,1.9,,276,971085,4,-80
176,2020/9/23,182,0.2,84,323,961685,4,-47
177,2020/9/24,,23,,274,923085,4,-193
178,2020/9/25,,13,,271,923685,4,3
179,2020/9/28,,42,,82,961485,4,189
180,2020/9/29,,23,,69,964085,4,13
181,2020/9/30,150,28.5,94,0.1,977865,4,68.9
182,2020/10/5,,142,,30,990065,4,61
183,2020/10/6,,256,,1.4,995785,4,28.6
184,2020/10/7,112,309,84,0.3,996005,4,1.1
185,2020/10/8,,187,,41,1004005,4,40
186,2020/10/12,,209,,9,1010405,4,32
187,2020/10/13,,208,,2.6,1011685,4,6.4
188,2020/10/14,135,150,94,0.1,1012185,4,2.5
189,2020/10/15,,100,,106,1009185,4,-15
190,2020/10/16,,42.5,,143,1001785,4,-37
191,2020/10/19,,85,,39,1022585,4,104
192,2020/10/20,,46,40.5,40.5,1022285,4,-1.5
193,2020/10/21,134,10,82,0.1,1029765,4,37.4
194,2020/10/22,,146,,54,1034765,4,25
195,2020/10/23,,126,,30,1039565,4,24
196,2020/10/26,,128,,16,1042365,4,14
197,2020/10/27,,80,,13,1042965,4,3
198,2020/10/28,183,0.2,90,28.5,1039865,4,-15.5
199,2020/10/29,,101,,144,1028465,4,-57
200,2020/10/30,,30.5,,251,1007065,4,-107
201,2020/11/2,,38,,152,1026865,4,99
202,2020/11/3,,86,,52,1046865,4,100
203,2020/11/4,162,165,114,0.1,1057245,4,51.9
204,2020/11/5,,140,,72,1065045,4,39
205,2020/11/6,,153,,48.5,1069745,4,23.5
206,2020/11/9,,294,,4.8,1078485,4,43.7
207,2020/11/10,,240,,2.3,1078985,4,2.5
208,2020/11/11,127,399,116,0.3,1079385,4,2
209,2020/11/12,,91,,113,1079385,4,0
210,2020/11/13,,105,,71,1087785,4,42
211,2020/11/16,,334,,5,1100985,4,66
212,2020/11/17,,375,,1.9,1101605,4,3.1
213,2020/11/18,132,510,99,0.2,1101945,4,1.7
214,2020/11/19,,139,,72,1106745,4,24
215,2020/11/20,,121,,62,1108745,4,10
216,2020/11/23,,212,,11.5,1118845,4,50.5
217,2020/11/24,,129,,8.7,1119405,4,2.8
218,2020/11/25,125,53,98,0.2,1121105,4,8.5
219,2020/11/26,,186,,29,1134305,4,66
220,2020/11/27,,208,,17.5,1136605,4,11.5
221,2020/11/30,,97,,44,1131305,4,-26.5
222,2020/12/1,,196,,3.9,1139325,4,40.1
223,2020/12/2,127,280,101,0.1,1140085,5,3.8
224,2020/12/3,,123,,72,1146585,5,26
225,2020/12/4,,232,,25.5,1158210,5,46.5
226,2020/12/7,,312,,5.8,1163135,5,19.7
227,2020/12/8,,410,,1,1164335,5,4.8
228,2020/12/9,144,449,97,0.2,1164535,5,0.8
229,2020/12/10,,60,,170,1145535,5,-76
230,2020/12/11,,41,,154,1149535,5,16
231,2020/12/14,,16,,163,1147285,5,-9
232,2020/12/15,,1.2,,270,1120535,5,-107
233,2020/12/16,180,0.1,63,27,1181285,5,243
234,2020/12/17,,180,,41,1186035,5,19
235,2020/12/18,,134,,52,1183285,5,-11
236,2020/12/21,,254,,7.3,1194460,5,44.7
237,2020/12/22,,55,,75,1177535,5,-67.7
238,2020/12/23,158,84,83,0.1,1196260,5,74.9
239,2020/12/24,,220,,29,1209010,5,51
240,2020/12/25,,261,,13.5,1212885,5,15.5
241,2020/12/28,,387,,4,1215260,5,9.5
242,2020/12/29,,405,,0.8,1216060,5,3.2
243,2020/12/30,143,540,78,0.3,1216185,5,0.5
244,2020/12/31,,170,,51,1222185,5,24
245,2021/1/4,,306,,7.4,1233085,5,43.6
246,2021/1/5,,411,,1.5,1234560,5,5.9
247,2021/1/6,171,335,136,0.2,1234885,5,1.3
248,2021/1/7,,377,,32,1260135,5,101
249,2021/1/8,,580,,16.5,1264010,5,15.5
250,2021/1/11,,660,,4.5,1267010,5,12
251,2021/1/12,,615,,2.2,1267585,5,2.3
252,2021/1/13,180,860,168,0.1,1268110,5,2.1
253,2021/1/14,,146,,168,1267360,5,-3
254,2021/1/15,,88,,203,1258610,5,-35
255,2021/1/18,,43,,186,1262860,5,17
256,2021/1/19,,167,,26,1302860,5,160
257,2021/1/20,226,16,143,0.1,1309335,5,25.9
258,2021/1/21,,498,,40.5,1334210,5,99.5
259,2021/1/22,,354,,40,1334335,5,0.5
260,2021/1/25,,287,,32,1336335,5,8
261,2021/1/26,,70,,88,1322335,5,-56
262,2021/1/27,194,49,153,0.1,1344310,5,87.9
263,2021/1/28,,67,,299,1307060,5,-149
264,2021/1/29,,8.4,,550,1244310,5,-251
265,2021/2/1,,16.5,,272,1313810,5,278
266,2021/2/2,,144,,35,1373060,5,237
267,2021/2/3,239,117,216,0.1,1381785,6,34.9
268,2021/2/4,,163,,217,1380585,6,-4
269,2021/2/5,,195,,143,1402785,6,74
270,2021/2/17,222,580,134,0.3,1445595,6,142.7
271,2021/2/18,,223,,101,1454595,6,30
272,2021/2/19,,166,,107,1452795,6,-6
273,2021/2/22,,190,,59,1467195,6,48
274,2021/2/23,,211,,19.5,1479045,6,39.5
275,2021/2/24,227,0.1,147,64,1465695,6,-44.5
276,2021/2/25,,340,,52,1493295,6,92
277,2021/2/26,,88,,244,1435695,6,-192
278,2021/3/2,,16.5,,221,1442595,6,23
279,2021/3/3,220,33,162,0.1,1508865,6,220.9
280,2021/3/4,,89,,280,1472565,6,-121
281,2021/3/5,,48.5,,314,1462365,6,-34
282,2021/3/8,,17,,321,1460265,6,-7
283,2021/3/9,,5.3,,299,1466865,6,22
284,2021/3/10,201,0.1,174,273,1474665,6,26
285,2021/3/11,,373,,55,1509465,6,116
286,2021/3/12,,397,,21,1519665,6,34
287,2021/3/15,,365,,12.5,1522215,6,8.5
288,2021/3/16,,460,,1.6,1525485,6,10.9
289,2021/3/17,170,345,105,0.1,1525935,6,1.5
290,2021/3/18,,194,,66,1536735,6,36
291,2021/3/19,,68,,158,1509135,6,-92
292,2021/3/22,,98,,77,1533435,6,81
293,2021/3/23,,71,,56,1539735,6,21
294,2021/3/24,178,0.2,114,121,1520235,6,-65
295,2021/3/25,,190,,76,1530735,6,35
296,2021/3/26,,378,,15,1549035,6,61
297,2021/3/29,,495,,5.7,1551825,6,9.3
298,2021/3/30,,590,,0.6,1553355,6,5.1
299,2021/3/31,144,494,90,0.1,1553505,6,0.5
300,2021/4/1,,214,,41.5,1567155,6,45.5
301,2021/4/6,,343,,0.7,1579395,6,40.8
302,2021/4/7,142,390,101,0.1,1579575,6,0.6
303,2021/4/8,,225,,31.5,1599525,6,66.5
304,2021/4/9,,159,,51,1593675,6,-19.5
305,2021/4/12,,133,,33,1599075,6,18
306,2021/4/13,,90,,25,1601475,6,8
307,2021/4/14,141,67,130,0.2,1608915,6,24.8
308,2021/4/15,,281,,58,1629615,6,69
309,2021/4/16,,327,,21,1640715,6,37
310,2021/4/19,,425,,5.3,1645425,6,15.7
311,2021/4/20,,475,,1.7,1646505,6,3.6
312,2021/4/21,195,381,115,0.2,1646955,7,1.5
313,2021/4/22,,166,,119,1644505,7,-7
314,2021/4/23,,232,,47.5,1669530,7,71.5
315,2021/4/26,,462,,6.8,1683775,7,40.7
316,2021/4/27,,505,,1.1,1685770,7,5.7
317,2021/4/28,176,444,115,0.1,1686120,7,1
318,2021/4/29,,172,,78,1698020,7,34
319,2021/5/3,,19,,233,1643770,7,-155
320,2021/5/4,,0.9,,535,1538070,7,-302
321,2021/5/5,222,0.1,183,610,1511820,6,-75
322,2021/5/6,,297,,86,1540020,6,94
323,2021/5/7,,560,,13.5,1561770,6,72.5
324,2021/5/10,,500,,5.1,1564290,6,8.4
325,2021/5/11,,49,,193,1507920,6,-187.9
326,2021/5/12,429,0.5,332,855,1309320,5,-662
327,2021/5/13,,259,,295,1317820,5,34
328,2021/5/14,,334,,168,1349570,5,127
329,2021/5/17,,76,,414,1288070,5,-246
330,2021/5/18,,565,,18.5,1386945,5,395.5
331,2021/5/19,316,540,258,0.2,1391520,6,18.3
332,2021/5/20,,260,,245,1394520,6,10
333,2021/5/21,,402,,108,1435620,6,137
334,2021/5/24,,385,,62,1449420,6,46
335,2021/5/25,,600,,5.1,1466490,6,56.9
336,2021/5/26,214,635,172,0.2,1467960,6,4.9
337,2021/5/27,,163,,204,1457460,6,-35
338,2021/5/28,,343,,62,1500060,6,142
339,2021/5/31,,454,,20.5,1512510,6,41.5
340,2021/6/1,,560,,2,1518060,6,18.5
341,2021/6/2,236,530,157,0.2,1518600,6,1.8
342,2021/6/3,,290,,88,1538400,6,66
343,2021/6/4,,201,,122,1528200,6,-34
344,2021/6/7,,164,,99,1535100,6,23
345,2021/6/8,,112,,50,1549800,6,49
346,2021/6/9,184,0.1,173,103,1533900,6,-53
347,2021/6/10,,274,,64,1565700,6,106
348,2021/6/11,,301,,32,1575300,6,32
349,2021/6/15,,450,,2.4,1584180,6,29.6
350,2021/6/16,216,397,98,0.1,1584870,6,2.3
351,2021/6/17,,253,,63,1594470,6,32
352,2021/6/18,,201,,64,1594170,6,-1
353,2021/6/21,,47.5,,178,1559970,6,-114
354,2021/6/22,,32,,99,1583670,6,79
355,2021/6/23,208,147,116,0.1,1613340,6,98.9
356,2021/6/24,,231,,69,1626540,6,44
357,2021/6/25,,280,,41,1634940,6,28
358,2021/6/28,,354,,11,1643940,6,30
359,2021/6/29,,358,,3.5,1646190,6,7.5
360,2021/6/30,172,491,108,0.2,1647180,7,3.3
361,2021/7/1,,134,,124,1640530,7,-19
362,2021/7/2,,113,,110,1645430,7,14
363,2021/7/5,,245,,18.5,1677455,7,91.5
364,2021/7/6,,225,,8.3,1681025,7,10.2
365,2021/7/7,173,100,117,0.3,1683825,7,8
366,2021/7/8,,153,,105,1686975,7,9
367,2021/7/9,,65,,173,1663175,7,-68
368,2021/7/12,,106,,70,1699225,7,103
369,2021/7/13,,103,,34.5,1711650,7,35.5
370,2021/7/14,165,0.2,141,4.3,1722220,7,30.2
371,2021/7/15,,244,,72,1745320,7,66
372,2021/7/16,,145,,70,1746020,7,2
373,2021/7/19,,68,,124,1727120,7,-54
374,2021/7/20,,4.2,,295,1667270,7,-171
375,2021/7/21,288,0.4,118,420,1623520,6,-125
376,2021/7/22,,319,,47,1643920,6,68
377,2021/7/23,,313,,37.5,1646770,6,9.5
378,2021/7/26,,153,,55,1641520,6,-17.5
379,2021/7/27,,85,,53,1642120,6,2
380,2021/7/28,269,0.3,153,178,1604620,6,-125
381,2021/7/29,,485,,30,1640620,6,120
382,2021/7/30,,358,,55,1633120,6,-25
383,2021/8/2,,575,,5.9,1647850,6,49.1
384,2021/8/3,,600,,1.8,1649080,6,4.1
385,2021/8/4,174,655,108,655,1453120,6,-653.2
386,2021/8/5,,147,,104,1453420,6,1
387,2021/8/6,,82,,143,1441720,6,-39
388,2021/8/9,,41.5,,139,1442920,6,4
389,2021/8/10,,3,,217,1419520,6,-78
390,2021/8/11,169,0.1,146,379,1370920,5,-162
391,2021/8/12,,143,,133,1373420,5,10
392,2021/8/13,,39,,255,1342920,5,-122
393,2021/8/16,,7,,388,1309670,5,-133
394,2021/8/17,,1.4,,575,1262920,5,-187
395,2021/8/18,194,0.1,123,362,1316170,5,213
396,2021/8/19,,47.5,,351,1258420,5,-231
397,2021/8/20,,18,,463,1230420,5,-112
398,2021/8/23,,127,,86,1324670,5,377
399,2021/8/24,,157,,22,1340670,5,64
400,2021/8/25,183,309,139,0.1,1346145,5,21.9
401,2021/8/26,,198,,112,1352145,5,24
402,2021/8/27,,297,,46,1368645,5,66
403,2021/8/30,,425,,8.4,1378045,5,37.6
404,2021/8/31,,530,,1.7,1379720,5,6.7
405,2021/9/1,174,545,121,0.2,1380095,6,1.5
406,2021/9/2,,84,,195,1356995,6,-77
407,2021/9/3,,165,,91,1388195,6,104
408,2021/9/6,,114,,62,1396895,6,29
409,2021/9/7,,52,,64,1396295,6,-2
410,2021/9/8,167,0.1,159,258,1338095,5,-194
411,2021/9/9,,146,,156,1338095,5,0
412,2021/9/10,,271,,43.5,1366220,5,112.5
413,2021/9/13,,220,,30,1369595,5,13.5
414,2021/9/14,,220,,9.5,1374720,5,20.5
415,2021/9/15,156,132,102,0.1,1377070,6,9.4
416,2021/9/16,,97,,117,1371670,6,-18
417,2021/9/17,,94,,79,1383070,6,38
418,2021/9/22,194,0.1,174,383,1291870,5,-304
419,2021/9/23,,270,,65,1318370,5,106
420,2021/9/24,,382,,21.5,1329245,5,43.5
421,2021/9/27,,415,,6.3,1333045,5,15.2
422,2021/9/28,,292,,5.4,1333270,5,0.9
423,2021/9/29,202,0.1,163,76,1315620,5,-70.6
424,2021/9/30,,240,,96,1331620,5,64
425,2021/10/1,,46,,296,1281620,5,-200
426,2021/10/4,,8.7,,418,1251120,5,-122
427,2021/10/5,,1.9,,381,1260370,5,37
428,2021/10/6,198,0.1,172,438,1246120,5,-57
429,2021/10/7,,409,,50,1275870,5,119
430,2021/10/8,,338,,53,1275120,5,-3
431,2021/10/12,,130,,50,1275870,5,3
432,2021/10/13,216,20,194,0.1,1288345,5,49.9
433,2021/10/14,,222,,118,1306595,5,73
434,2021/10/15,,496,,15.5,1332220,5,102.5
435,2021/10/18,,430,,9.3,1333770,5,6.2
436,2021/10/19,,605,,1.4,1335745,5,7.9
437,2021/10/20,180,585,113,0.1,1336070,5,1.3
438,2021/10/21,,119,,131,1330820,5,-21
439,2021/10/22,,120,,95,1339820,5,36
440,2021/10/25,,116,,50,1351070,5,45
441,2021/10/26,,215,,7.1,1361795,5,42.9
442,2021/10/27,151,207,114,0.1,1363545,5,7
443,2021/10/28,,117,,111,1363545,5,0
444,2021/10/29,,67,,151,1353545,5,-40
445,2021/11/1,,102,,57,1377045,5,94
446,2021/11/2,,55,,46.5,1379670,5,10.5
447,2021/11/3,157,62,108,0.2,1391245,6,46.3
448,2021/11/4,,127,,98,1393345,6,7
449,2021/11/5,,253,,27,1414645,6,71
450,2021/11/8,,378,,3.5,1421695,6,23.5
451,2021/11/9,,500,,1.4,1422325,6,2.1
452,2021/11/10,125,500,120,0.3,1422655,6,1.1
453,2021/11/11,,75,,152,1412155,6,-35
454,2021/11/12,,90,,96,1428955,6,56
455,2021/11/15,,145,,29,1449055,6,67
456,2021/11/16,,159,,7.3,1455565,6,21.7
457,2021/11/17,123,172,93,0.2,1457695,6,7.1
458,2021/11/18,,175,,56,1467895,6,34
459,2021/11/19,,160,,50,1469695,6,6
460,2021/11/22,,132,,39,1472995,6,11
461,2021/11/23,,14.5,,92,1457095,6,-53
462,2021/11/24,137,0.1,95,100,1454695,6,-8
463,2021/11/25,,122,,82,1457695,6,10
464,2021/11/26,,13,,308,1389895,6,-226
465,2021/11/29,,5.6,,330,1383295,6,-22
466,2021/11/30,,2,,300,1392295,6,30
467,2021/12/1,174,0.3,125,35,1471795,6,265
468,2021/12/2,,245,,78,1484995,6,44
469,2021/12/3,,232,,64,1489195,6,14
470,2021/12/6,,200,,40,1496395,6,24
471,2021/12/7,,274,,5.3,1506805,6,34.7
472,2021/12/8,137,331,134,0.3,1508305,6,5
473,2021/12/9,,145,,85,1522105,6,46
474,2021/12/10,,85,,117,1512505,6,-32
475,2021/12/13,,30.5,,127,1509505,6,-10
476,2021/12/14,,2.7,,253,1471705,6,-126
477,2021/12/15,178,0.1,99,221,1481305,6,32
478,2021/12/16,,302,,23.5,1503055,6,72.5
479,2021/12/17,,286,,30,1501105,6,-6.5
480,2021/12/20,,128,,70,1489105,6,-40
481,2021/12/21,,270,,4.2,1508845,6,65.8
482,2021/12/22,140,266,84,0.1,1510075,6,4.1
483,2021/12/23,,212,,39.5,1522525,6,41.5
484,2021/12/24,,198,,24,1527175,6,15.5
485,2021/12/27,,290,,6.2,1532515,6,17.8
486,2021/12/28,,415,,1.3,1533985,6,4.9
487,2021/12/29,137,470,95,0.1,1534345,6,1.2
488,2021/12/30,,86,,103,1531045,6,-11
489,2022/1/3,,82,,44.5,1548595,6,58.5
490,2022/1/4,,280,,2.8,1561105,6,41.7
491,2022/1/5,146,216,104,0.1,1561915,6,2.7
492,2022/1/6,,72,,173,1540315,6,-72
493,2022/1/7,,20,,312,1498615,6,-139
494,2022/1/10,,16.5,,198,1532815,6,114
495,2022/1/11,,7,,163,1543315,6,35
496,2022/1/12,153,0.3,127,133,1552315,6,30
497,2022/1/13,,171,,96,1560715,6,28
498,2022/1/14,,108,,96,1560715,6,0
499,2022/1/17,,185,,25.5,1581865,6,70.5
500,2022/1/18,,56,,58,1572115,6,-32.5
501,2022/1/19,217,0.1,144,132,1549915,6,-74
502,2022/1/20,,230,,78,1568815,6,63
503,2022/1/21,,55,,232,1522615,6,-154
504,2022/1/24,,40,,154,1546015,6,78
505,2022/1/25,,2.7,,400,1472215,6,-246
506,2022/1/26,264,0.2,219,387,1476115,6,13
507,2022/2/7,124,281,65,0.2,1540855,6,215.8
508,2022/2/8,,120,,20.5,1553305,6,41.5
509,2022/2/9,134,296,116,0.1,1559425,6,20.4
510,2022/2/10,,235,,47,1579225,6,66
511,2022/2/11,,196,,72,1571725,6,-25
512,2022/2/14,,37,,213,1529425,6,-141
513,2022/2/15,,9.5,,206,1531525,6,7
514,2022/2/16,172,55,125,0.1,1593295,6,205.9
515,2022/2/17,,178,,109,1597195,6,13
516,2022/2/18,,154,,103,1598995,6,6
517,2022/2/21,,119,,78,1606495,6,25
518,2022/2/22,,4,,290,1542895,6,-212
519,2022/2/23,189,0.1,117,124,1592695,6,166
520,2022/2/24,,24,,478,1483495,6,-364
521,2022/2/25,,13.5,,372,1515295,6,106
522,2022/3/1,,31,,102,1596295,6,270
523,2022/3/2,215,0.2,148,104,1595695,6,-2
524,2022/3/3,,252,,101,1608895,6,44
525,2022/3/4,,104,,208,1576795,6,-107
526,2022/3/7,,3.6,,700,1429195,6,-492
527,2022/3/8,,0.8,,1040,1327195,6,-340
528,2022/3/9,253,0.1,201,750,1414195,6,290
529,2022/3/10,,600,,54,1457395,6,144
530,2022/3/11,,399,,77,1450495,6,-23
531,2022/3/14,,366,,32,1463995,6,45
532,2022/3/15,,86,,102,1442995,6,-70
533,2022/3/16,264,37,196,0.1,1473565,6,101.9
534,2022/3/17,,605,,28.5,1522915,6,164.5
535,2022/3/18,,545,,25,1523965,6,3.5
536,2022/3/21,,625,,5.7,1529755,6,19.3
537,2022/3/22,,655,,1,1531165,6,4.7
538,2022/3/23,147,805,123,0.1,1531435,6,0.9
539,2022/3/24,,117,,125,1529935,6,-5
540,2022/3/25,,80,,133,1527535,6,-8
541,2022/3/28,,7.5,,251,1492135,6,-118
542,2022/3/29,,6.3,,141,1525135,6,110
543,2022/3/30,153,58,97,0.1,1567405,6,140.9
544,2022/3/31,,95,,132,1556005,6,-38
545,2022/4/1,,39.5,,162,1547005,6,-30
546,2022/4/6,154,0.1,133,188,1539205,6,-26
547,2022/4/7,,26,,370,1467205,6,-240
548,2022/4/8,,39,,224,1511005,6,146
549,2022/4/11,,3.1,,442,1445605,6,-218
550,2022/4/12,,0.7,,490,1431205,6,-48
551,2022/4/13,158,0.1,142,189,1521505,6,301
552,2022/4/14,,139,,140,1521205,6,-1
553,2022/4/15,,18,,338,1461805,6,-198
554,2022/4/18,,4.7,,420,1437205,6,-82
555,2022/4/19,,1.2,,300,1473205,6,120
556,2022/4/20,175,0.1,131,175,1510705,6,125
557,2022/4/21,,184,,91,1521805,6,37
558,2022/4/22,,92,,127,1511005,6,-36
559,2022/4/25,,4.2,,453,1413205,6,-326
560,2022/4/26,,1.2,,435,1418605,6,18
561,2022/4/27,220,0.1,158,750,1324105,5,-315
562,2022/4/28,,264,,111,1335105,5,44
563,2022/4/29,,386,,39,1353105,5,72
564,2022/5/3,,267,,16,1358855,5,23
565,2022/5/4,196,291,161,0.1,1362830,5,15.9
566,2022/5/5,,261,,56,1388330,5,102
567,2022/5/6,,74,,201,1352080,5,-145
568,2022/5/9,,4.3,,456,1288330,5,-255
569,2022/5/10,,1.4,,435,1293580,5,21
570,2022/5/11,193,0.2,184,473,1284080,5,-38
571,2022/5/12,,46.5,,418,1224830,5,-237
572,2022/5/13,,71,,222,1273830,5,196
573,2022/5/16,,64,,141,1294080,5,81
574,2022/5/17,,106,,29,1322080,5,112
575,2022/5/18,205,301,123,0.1,1329305,5,28.9
576,2022/5/19,,75,,272,1291305,5,-152
577,2022/5/20,,141,,121,1329055,5,151
578,2022/5/23,,130,,100,1334305,5,21
579,2022/5/24,,10,,193,1311055,5,-93
580,2022/5/25,184,5,140,0.2,1359255,5,192.8
581,2022/5/26,,116,,184,1347505,5,-47
582,2022/5/27,,250,,44.5,1382380,5,139.5
583,2022/5/30,,540,,3.2,1392705,5,41.3
584,2022/5/31,,660,,1.1,1393230,5,2.1
585,2022/6/1,164,665,134,0.1,1393480,6,1
586,2022/6/2,,114,,158,1385380,6,-27
587,2022/6/6,,103,,74,1410580,6,84
588,2022/6/7,,17,,129,1394080,6,-55
589,2022/6/8,171,59,127,0.1,1432750,6,128.9
590,2022/6/9,,123,,138,1428550,6,-14
591,2022/6/10,,68,,195,1411450,6,-57
592,2022/6/13,,2.8,,550,1304950,6,-355
593,2022/6/14,,1.3,,550,1304950,6,0
594,2022/6/15,495,0.2,75,540,1307950,5,10
595,2022/6/16,,367,,86,1304450,5,-14
596,2022/6/17,,207,,123,1295200,5,-37
597,2022/6/20,,65,,156,1286950,5,-33
598,2022/6/21,,227,,11,1323200,5,145
599,2022/6/22,348,0.1,108,112,1297950,5,-101
600,2022/6/23,,288,,120,1294200,5,-15
601,2022/6/24,,340,,60,1309200,5,60
602,2022/6/27,,510,,6.5,1322575,5,53.5
603,2022/6/28,,425,,2.4,1323600,5,4.1
604,2022/6/29,244,261,128,0.1,1324175,5,2.3
605,2022/6/30,,74,,350,1267925,5,-225
606,2022/7/1,,8.8,,735,1171675,5,-385
607,2022/7/4,,2.4,,750,1167925,5,-15
608,2022/7/5,,1,,665,1189175,5,85
609,2022/7/6,310,0.4,180,1050,1092925,4,-385
610,2022/7/7,,490,,57,1116925,4,120
611,2022/7/8,,600,,21.5,1124025,4,35.5
612,2022/7/11,,525,,9.9,1126345,4,11.6
613,2022/7/12,,204,,38,1120725,4,-28.1
614,2022/7/13,217,580,191,0.2,1128285,5,37.8
615,2022/7/14,,247,,114,1146785,5,74
616,2022/7/15,,275,,51,1162535,5,63
617,2022/7/18,,400,,8,1173285,5,43
618,2022/7/19,,432,,1.5,1174910,5,6.5
619,2022/7/20,236,462,114,0.1,1175260,5,1.4
620,2022/7/21,,304,,47,1191260,5,64
621,2022/7/22,,296,,34,1194510,5,13
622,2022/7/25,,319,,13.5,1199635,5,20.5
623,2022/7/26,,216,,8.4,1200910,5,5.1
624,2022/7/27,215,286,115,0.1,1202985,5,8.3
625,2022/7/28,,222,,78,1211485,5,34
626,2022/7/29,,276,,30,1223485,5,48
627,2022/8/1,,213,,28.5,1223860,5,1.5
628,2022/8/2,,65,,119,1201235,5,-90.5
629,2022/8/3,199,0.1,160,43,1220235,5,76
630,2022/8/4,,170,,148,1222485,5,9
631,2022/8/5,,405,,23,1253735,5,125
632,2022/8/8,,349,,10.5,1256860,5,12.5
633,2022/8/9,,390,,1.4,1259135,5,9.1
634,2022/8/10,166,295,140,0.3,1259410,5,1.1
635,2022/8/11,,362,,23,1287910,5,114
636,2022/8/12,,432,,8.1,1291635,5,14.9
637,2022/8/15,,540,,2.1,1293135,5,6
638,2022/8/16,,580,,0.7,1293485,5,1.4
639,2022/8/17,164,600,85,0.1,1293635,5,0.6
640,2022/8/18,,115,,99,1289385,5,-17
641,2022/8/19,,118,,64,1298135,5,35
642,2022/8/22,,20.5,,143,1278385,5,-79
643,2022/8/23,,0.9,,270,1246635,5,-127
644,2022/8/24,173,0.1,99,253,1250885,5,17
645,2022/8/25,,249,,37.5,1265510,5,58.5
646,2022/8/26,,289,,20,1269885,5,17.5
647,2022/8/29,,33,,169,1232635,5,-149
648,2022/8/30,,43.5,,52,1261885,5,117
649,2022/8/31,192,78,119,0.2,1274835,5,51.8
650,2022/9/1,,62,,287,1232085,5,-171
651,2022/9/2,,20,,381,1208585,5,-94
652,2022/9/5,,3.6,,356,1214835,5,25
653,2022/9/6,,1.6,,333,1220585,5,23
654,2022/9/7,186,0.2,144,585,1157585,5,-252
655,2022/9/8,,272,,50,1180335,5,91
656,2022/9/12,,475,,3.2,1192035,5,46.8
657,2022/9/13,,555,,0.7,1192660,5,2.5
658,2022/9/14,179,316,151,0.1,1192810,5,0.6
659,2022/9/15,,189,,98,1205310,5,50
660,2022/9/16,,86,,152,1191810,5,-54
661,2022/9/19,,33.5,,165,1188560,5,-13
662,2022/9/20,,56,,45,1218560,5,120
663,2022/9/21,201,0.1,170,148,1192810,5,-103
664,2022/9/22,,70,,212,1181560,5,-45
665,2022/9/23,,19.5,,281,1164310,5,-69
666,2022/9/26,,1.9,,615,1080810,5,-334
667,2022/9/27,,0.6,,570,1092060,5,45
668,2022/9/28,197,0.2,175,900,1009560,4,-330
669,2022/9/29,,172,,143,1015360,4,29
670,2022/9/30,,101,,195,1004960,4,-52
671,2022/10/3,,37.5,,224,999160,4,-29
672,2022/10/4,,125,,29.5,1038060,4,194.5
673,2022/10/5,145,322,130,0.1,1043940,4,29.4
674,2022/10/6,,174,,93,1050740,4,34
675,2022/10/7,,72,,178,1033740,4,-85
676,2022/10/11,,0.9,,690,931340,4,-512
677,2022/10/12,212,0.2,188,710,927340,4,-20
678,2022/10/13,,113,,296,905140,4,-111
679,2022/10/14,,213,,95,945340,4,201
680,2022/10/17,,72,,146,935140,4,-51
681,2022/10/18,,102,,52,953940,4,94
682,2022/10/19,195,0.1,168,51,954140,4,1
683,2022/10/20,,137,,177,951740,4,-12
684,2022/10/21,,83,,214,944340,4,-37
685,2022/10/24,,77,,141,958940,4,73
686,2022/10/25,,6,,270,933140,4,-129
687,2022/10/26,188,0.1,150,209,945340,4,61
688,2022/10/27,,316,,52,964340,4,95
689,2022/10/28,,165,,91,956540,4,-39
690,2022/10/31,,260,,16.5,971440,4,74.5
691,2022/11/1,,340,,2.4,974260,4,14.1
692,2022/11/2,187,386,141,0.2,974700,4,2.2
693,2022/11/3,,89,,171,968100,4,-33
694,2022/11/4,,99,,111,980100,4,60
695,2022/11/7,,201,,18.5,998600,4,92.5
696,2022/11/8,,282,,2.9,1001720,4,15.6
697,2022/11/9,169,565,124,0.1,1002280,4,2.8
698,2022/11/10,,109,,175,991480,4,-54
699,2022/11/11,,515,,9.2,1024640,4,165.8
700,2022/11/14,,580,,2.7,1025940,4,6.5
701,2022/11/15,,980,,1.1,1026260,4,1.6
702,2022/11/16,240,945,162,0.3,1026420,4,0.8
703,2022/11/17,,212,,111,1036020,4,48
704,2022/11/18,,163,,115,1035220,4,-4
705,2022/11/21,,96,,84,1041420,4,31
706,2022/11/22,,112,,25.5,1053120,4,58.5
707,2022/11/23,160,171,126,0.2,1058180,4,25.3
708,2022/11/24,,259,,47,1073380,4,76
709,2022/11/25,,204,,57,1071380,4,-10
710,2022/11/28,,42.5,,126,1057580,4,-69
711,2022/11/29,,118,,19,1078980,4,107
712,2022/11/30,179,231,144,0.2,1082740,4,18.8
713,2022/12/1,,279,,54,1100140,4,87
714,2022/12/2,,195,,66,1097740,4,-12
715,2022/12/5,,203,,25.5,1105840,4,40.5
716,2022/12/6,,32.5,,104,1090140,4,-78.5
717,2022/12/7,198,0.2,147,130,1084940,4,-26
718,2022/12/8,,118,,188,1076140,4,-44
719,2022/12/9,,211,,75,1098740,4,113
720,2022/12/12,,117,,102,1093340,4,-27
721,2022/12/13,,89,,138,1086140,4,-36
722,2022/12/14,173,125,161,0.1,1113720,4,137.9
723,2022/12/15,,127,,114,1122520,4,44
724,2022/12/16,,24,,263,1092720,4,-149
725,2022/12/19,,6.5,,299,1085520,4,-36
726,2022/12/20,,0.9,,550,1035320,4,-251
727,2022/12/21,159,0.1,117,480,1049320,4,70
728,2022/12/22,,291,,37,1064720,4,77
729,2022/12/23,,143,,72,1057720,4,-35
730,2022/12/26,,150,,28,1066520,4,44
731,2022/12/27,,190,,7.5,1070620,4,20.5
732,2022/12/28,147,0.2,113,19.5,1068220,4,-12
733,2022/12/29,,94,,132,1063820,4,-22
734,2022/12/30,,123,,70,1076220,4,62
735,2023/1/3,,158,,11,1088020,4,59
736,2023/1/4,156,123,120,0.1,1090200,4,10.9
737,2023/1/5,,182,,69,1099800,4,48
738,2023/1/6,,218,,44.5,1104700,4,24.5
739,2023/1/9,,575,,3.2,1112960,4,41.3
740,2023/1/10,,615,,1,1113400,4,2.2
741,2023/1/11,216,555,175,0.3,1113540,4,0.7
742,2023/1/12,,210,,193,1109340,4,-21
743,2023/1/13,,213,,130,1121940,4,63
744,2023/1/16,,262,,76,1132740,4,54
745,2023/1/17,,246,,66,1134740,4,10
746,2023/1/30,117,700,56,0.3,1147880,5,65.7
747,2023/1/31,,11,,139,1126380,5,-86
748,2023/2/1,165,0.3,121,41,1150880,5,98
749,2023/2/2,,278,,35.5,1171505,5,82.5
750,2023/2/3,,266,,28,1173380,5,7.5
751,2023/2/6,,111,,46.5,1168755,5,-18.5
752,2023/2/7,,87,,30.5,1172755,5,16
753,2023/2/8,141,266,136,0.3,1180305,5,30.2
754,2023/2/9,,121,,123,1182805,5,10
755,2023/2/10,,107,,131,1180805,5,-8
756,2023/2/13,,74,,141,1178305,5,-10
757,2023/2/14,,122,,65,1197305,5,76
758,2023/2/15,109,0.1,176,202,1163055,5,-137
759,2023/2/16,,174,68,68,1189305,5,105
760,2023/2/17,,95,99,99,1180805,5,-34
761,2023/2/20,,122,33,33,1196555,5,63
762,2023/2/21,,114,18.5,18.5,1199430,5,11.5
763,2023/2/22,141,0.2,103,16.5,1199180,5,-1
764,2023/2/23,,291,,25.5,1217805,5,74.5
765,2023/2/24,,229,,23.5,1218305,5,2
766,2023/3/1,268,244,56,0.1,1224155,5,23.4
767,2023/3/2,,254,,44.5,1226280,5,8.5
768,2023/3/3,,302,,23,1231655,5,21.5
769,2023/3/6,,440,,3.6,1236505,5,19.4
770,2023/3/7,,525,,1.2,1237105,5,2.4
771,2023/3/8,147,460,113,0.2,1237355,5,1
772,2023/3/9,,124,,108,1237855,5,2
773,2023/3/10,,23.5,,295,1191105,5,-187
774,2023/3/13,,17,,249,1202605,5,46
775,2023/3/14,,2.2,,401,1164605,5,-152
776,2023/3/15,116,0.2,171,346,1178355,5,55
777,2023/3/16,,155,,106,1193855,5,62
778,2023/3/17,,49,,179,1175605,5,-73
779,2023/3/20,,41,,142,1184855,5,37
780,2023/3/21,,8.1,,197,1171105,5,-55
781,2023/3/22,164,0.1,126,444,1109355,4,-247
782,2023/3/23,,219,,63,1121355,4,60
783,2023/3/24,,267,,29,1128155,4,34
784,2023/3/27,,181,,25,1128955,4,4
785,2023/3/28,,56,,46,1124755,4,-21
786,2023/3/29,156,49,101,0.1,1133935,5,45.9
787,2023/3/30,,199,,60,1143435,5,38
788,2023/3/31,,219,,38.5,1148810,5,21.5
789,2023/4/6,121,95,96,0.2,1158385,5,38.3
790,2023/4/7,,137,,52,1168635,5,41
791,2023/4/10,,144,,23.5,1175760,5,28.5
792,2023/4/11,,189,,5.7,1180210,5,17.8
793,2023/4/12,131,182,104,0.2,1181585,5,5.5
794,2023/4/13,,59,,143,1171085,5,-42
795,2023/4/14,,105,,56,1192835,5,87
796,2023/4/17,,101,,30.5,1199210,5,25.5
797,2023/4/18,,38.5,,48,1194835,5,-17.5
798,2023/4/19,137,0.3,97,125,1175585,5,-77
799,2023/4/20,,99,,110,1171585,5,-16
800,2023/4/21,,28,,156,1160085,5,-46
801,2023/4/24,,12,,147,1162335,5,9
802,2023/4/25,,1,,371,1106335,5,-224
803,2023/4/26,125,0.2,100,370,1106585,4,1
804,2023/4/27,,136,,61,1113785,4,36
805,2023/4/28,,235,,15,1122985,4,46
806,2023/5/2,,333,,1.6,1125665,4,13.4
807,2023/5/3,117,268,121,0.2,1125945,5,1.4
808,2023/5/4,,134,,74,1136945,5,44
809,2023/5/5,,134,,44,1144445,5,30
810,2023/5/8,,177,,11.5,1152570,5,32.5
811,2023/5/9,,180,,2.9,1154720,5,8.6
812,2023/5/10,108,61,98,0.1,1155420,5,2.8
813,2023/5/11,,49,,130,1146670,5,-35
814,2023/5/12,,29,,123,1148420,5,7
815,2023/5/15,,17.5,,108,1152170,5,15
816,2023/5/16,,103,,11,1176420,5,97
817,2023/5/17,166,353,73,0.1,1179145,5,10.9
818,2023/5/18,,316,,23.5,1190770,5,46.5
819,2023/5/19,,361,,13,1193395,5,10.5
820,2023/5/22,,340,,4.5,1195520,5,8.5
821,2023/5/23,,348,,1.9,1196170,5,2.6
822,2023/5/24,153,299,65,0.3,1196570,5,1.6
823,2023/5/25,,255,,28,1205070,5,34
824,2023/5/26,,466,,6,1210570,5,22
825,2023/5/29,,610,,1.6,1211670,5,4.4
826,2023/5/30,,595,,0.9,1211845,5,0.7
827,2023/5/31,189,540,92,0.1,1212045,5,0.8
828,2023/6/1,,162,,79,1214545,5,10
829,2023/6/2,,330,,13.5,1230920,5,65.5
830,2023/6/5,,278,,6.6,1232645,5,6.9
831,2023/6/6,,320,,2.3,1233720,5,4.3
832,2023/6/7,152,456,88,0.1,1234270,5,2.2
833,2023/6/8,,58,,161,1215270,5,-76
834,2023/6/9,,120,,65,1239270,5,96
835,2023/6/12,,143,,26,1249020,5,39
836,2023/6/13,,390,,1.8,1255070,5,24.2
837,2023/6/14,130,393,131,0.3,1255445,5,1.5
838,2023/6/15,,199,,59,1272695,5,69
839,2023/6/16,,134,,64,1271445,5,-5
840,2023/6/19,,97,,42,1276945,5,22
841,2023/6/20,,35.5,,46.5,1275820,5,-4.5
842,2023/6/21,223,30,50,0.1,1287420,5,46.4
843,2023/6/26,,96,,43,1288420,5,4
844,2023/6/27,,17,,86,1277670,5,-43
845,2023/6/28,144,0.1,93,69,1281920,5,17
846,2023/6/29,,133,,84,1283420,5,6
847,2023/6/30,,137,,50,1291920,5,34
848,2023/7/3,,340,,4.9,1303195,5,45.1
849,2023/7/4,,400,,0.9,1304195,5,4
850,2023/7/5,126,276,96,0.3,1304345,5,0.6
851,2023/7/6,,18,,304,1251595,5,-211
852,2023/7/7,,8.7,,349,1240345,5,-45
853,2023/7/10,,1.9,,421,1222345,5,-72
854,2023/7/11,,14,,117,1298345,5,304
855,2023/7/12,146,0.1,121,86,1306095,5,31
856,2023/7/13,,238,,52,1322595,5,66
857,2023/7/14,,406,,12,1332595,5,40
858,2023/7/17,,391,,4.2,1334545,5,7.8
859,2023/7/18,,325,,2.8,1334895,5,1.4
860,2023/7/19,183,203,113,0.2,1335545,5,2.6
861,2023/7/20,,196,,79,1343295,5,31
862,2023/7/21,,75,,133,1329795,5,-54
863,2023/7/24,,66,,92,1340045,5,41
864,2023/7/25,,185,,9,1360795,5,83
865,2023/7/26,149,104,118,0.1,1363020,5,8.9
866,2023/7/27,,210,,55,1378020,5,60
867,2023/7/28,,221,,31.5,1383895,5,23.5
868,2023/7/31,,94,,68,1374770,5,-36.5
869,2023/8/1,,116,,21.5,1386395,5,46.5
870,2023/8/2,160,0.1,144,246,1330270,5,-224.5
871,2023/8/4,,132,,100,1340520,5,41
872,2023/8/7,,228,,25.5,1359145,5,74.5
873,2023/8/8,,105,,37.5,1356145,5,-12
874,2023/8/9,150,71,147,0.3,1365445,5,37.2
875,2023/8/10,,60,,253,1338195,5,-109
876,2023/8/11,,25.5,,252,1338445,5,1
877,2023/8/14,,2,,475,1282695,5,-223
878,2023/8/15,,0.7,,430,1293945,5,45
879,2023/8/16,174,0.1,115,486,1279945,5,-56
880,2023/8/17,,204,,66,1291445,5,46
881,2023/8/18,,133,,97,1283695,5,-31
882,2023/8/21,,97,,73,1289695,5,24
883,2023/8/22,,109,,26.5,1301320,5,46.5
884,2023/8/23,278,206,67,0.1,1307920,5,26.4
885,2023/8/24,,433,,12.5,1320795,5,51.5
886,2023/8/25,,167,,67,1307170,5,-54.5
887,2023/8/28,,182,,23.5,1318045,5,43.5
888,2023/8/29,,291,,1.3,1323595,5,22.2
889,2023/8/30,133,381,98,0.1,1323895,5,1.2
890,2023/8/31,,82,,131,1314895,5,-36