,日期,價平買權次週每日結算價,價平買權近週每日結算價,價平賣權次週每日結算價,價平賣權近週每日結算價,做空價平賣權近週報酬(點數),做空價平賣權近週報酬(金額),策略累積資金(金額),策略每日報酬率,策略累積報酬率,每個時點最大策略累積資金(金額),Drawdown
0,2020-01-02,68.0,102.0,56.0,0.1,0.0,0.0,1000000.0,0.0,0.0,1000000.0,0.0
1,2020-01-03,,52.0,,56.0,-3.0,-300.0,999700.0,-0.00029999999999996696,-0.00029999999999996696,1000000.0,-0.0003
2,2020-01-06,,5.4,,147.0,-91.0,-9100.0,990600.0,-0.00910273081924573,-0.009399999999999964,1000000.0,-0.0094
3,2020-01-07,,0.6,,225.0,-78.0,-7800.0,982800.0,-0.007874015748031482,-0.017199999999999993,1000000.0,-0.0172
4,2020-01-08,136.0,0.1,99.0,260.0,-35.0,-3500.0,979300.0,-0.0035612535612535856,-0.02070000000000005,1000000.0,-0.0207
5,2020-01-09,,247.0,,29.0,67.0,6700.0,986000.0,0.0068416215664250934,-0.014000000000000012,1000000.0,-0.014
6,2020-01-10,,284.0,,20.0,9.0,900.0,986900.0,0.0009127789046652346,-0.013100000000000112,1000000.0,-0.0131
7,2020-01-13,,370.0,,1.5,18.5,1850.0,988750.0,0.001874556692674112,-0.011249999999999982,1000000.0,-0.01125
8,2020-01-14,,431.0,,0.9,0.6,60.0,988810.0,6.0682680151691315e-05,-0.011190000000000033,1000000.0,-0.01119
9,2020-01-15,101.0,313.0,86.0,0.1,0.8,80.0,988890.0,8.090533065008287e-05,-0.011109999999999953,1000000.0,-0.01111
10,2020-01-16,,99.0,,84.0,-1.0,-100.0,988790.0,-0.00010112348188373588,-0.011209999999999942,1000000.0,-0.01121
11,2020-01-17,,100.0,,66.0,18.0,1800.0,990590.0,0.0018204067597771267,-0.009409999999999918,1000000.0,-0.00941
12,2020-01-20,,120.0,,47.5,18.5,1850.0,992440.0,0.0018675738701177114,-0.007560000000000011,1000000.0,-0.00756
13,2020-01-30,186.0,0.2,95.0,615.0,-567.5,-56750.0,935690.0,-0.057182298174196955,-0.06431000000000009,1000000.0,-0.06431
14,2020-01-31,,228.0,,42.5,49.5,4950.0,940640.0,0.005290213639132624,-0.05936000000000008,1000000.0,-0.05936
15,2020-02-03,,115.0,,76.0,-33.5,-3350.0,937290.0,-0.0035614050008504483,-0.06271000000000004,1000000.0,-0.06271
16,2020-02-04,,258.0,,7.9,68.1,6809.999999999999,944100.0,0.007265627500560035,-0.05590000000000017,1000000.0,-0.0559
17,2020-02-05,149.0,260.0,96.0,0.1,7.8,780.0,944880.0,0.0008261836669845035,-0.05512000000000006,1000000.0,-0.05512
18,2020-02-06,,278.0,,28.5,64.5,6450.0,951330.0,0.0068262636525273646,-0.04866999999999999,1000000.0,-0.04867
19,2020-02-07,,161.0,,56.0,-27.5,-2750.0,948580.0,-0.002890689876278496,-0.05142000000000002,1000000.0,-0.05142
20,2020-02-10,,126.0,,44.0,12.0,1200.0,949780.0,0.0012650488097998291,-0.05022000000000015,1000000.0,-0.05022
21,2020-02-11,,187.0,,8.4,35.6,3560.0,953340.0,0.0037482364337004803,-0.046660000000000146,1000000.0,-0.04666
22,2020-02-12,110.0,293.0,90.0,0.2,8.2,819.9999999999999,954160.0,0.0008601338452178808,-0.0458400000000001,1000000.0,-0.04584
23,2020-02-13,,105.0,,79.0,8.0,800.0,954960.0,0.0008384338056510732,-0.04504000000000008,1000000.0,-0.04504
24,2020-02-14,,108.0,,47.0,32.0,3200.0,958160.0,0.003350925693222706,-0.0418400000000001,1000000.0,-0.04184
25,2020-02-17,,61.0,,40.5,6.5,650.0,958810.0,0.0006783835685062467,-0.04119000000000017,1000000.0,-0.04119
26,2020-02-18,,8.2,,117.0,-76.5,-7650.0,951160.0,-0.00797864018940142,-0.048840000000000106,1000000.0,-0.04884
27,2020-02-19,105.0,10.0,80.0,0.1,116.9,11690.0,962850.0,0.0122902561083309,-0.03715000000000013,1000000.0,-0.03715
28,2020-02-20,,69.0,,92.0,-15.0,-1500.0,961350.0,-0.0015578750584203105,-0.03865000000000007,1000000.0,-0.03865
29,2020-02-21,,41.5,,116.0,-24.0,-2400.0,958950.0,-0.002496489311905159,-0.04105000000000014,1000000.0,-0.04105
30,2020-02-24,,5.1,,232.0,-116.0,-11600.0,947350.0,-0.012096563950153794,-0.052650000000000086,1000000.0,-0.05265
31,2020-02-25,,1.7,,202.0,30.0,3000.0,950350.0,0.0031667282419380882,-0.04965000000000008,1000000.0,-0.04965
32,2020-02-26,144.0,0.1,111.0,317.0,-115.0,-11500.0,938850.0,-0.012100804966591272,-0.06115000000000015,1000000.0,-0.06115
33,2020-02-27,,76.0,,187.0,-79.0,-7900.0,930950.0,-0.008414549715076935,-0.06905000000000017,1000000.0,-0.06905
34,2020-03-02,,17.5,,222.0,-35.0,-3500.0,927450.0,-0.0037596004081852374,-0.07255000000000023,1000000.0,-0.07255
35,2020-03-03,,24.5,,89.0,133.0,13300.0,940750.0,0.014340395708663634,-0.059250000000000136,1000000.0,-0.05925
36,2020-03-04,138.0,0.1,110.0,21.0,68.0,6800.0,947550.0,0.007228275312250787,-0.05245000000000022,1000000.0,-0.05245
37,2020-03-05,,202.0,,44.5,62.5,6250.0,953800.0,0.006595957996939461,-0.04620000000000024,1000000.0,-0.0462
38,2020-03-06,,84.0,,146.0,-101.5,-10150.0,943650.0,-0.010641643950513702,-0.05635000000000023,1000000.0,-0.05635
39,2020-03-09,,7.5,,385.0,-239.0,-23900.0,919750.0,-0.025327186986700556,-0.08025000000000015,1000000.0,-0.08025
40,2020-03-10,,1.3,,340.0,45.0,4500.0,924250.0,0.0048926338678989545,-0.0757500000000001,1000000.0,-0.07575
41,2020-03-11,200.0,0.2,178.0,443.0,-103.0,-10300.0,913950.0,-0.011144170949418442,-0.08605000000000007,1000000.0,-0.08605
42,2020-03-12,,32.5,,468.0,-293.0,-29300.0,884650.0,-0.03205864653427426,-0.11535000000000006,1000000.0,-0.11535
43,2020-03-13,,19.5,,785.0,-317.0,-31700.0,852950.0,-0.0358333804329396,-0.14705000000000013,1000000.0,-0.14705
44,2020-03-16,,1.5,,1120.0,-335.0,-33500.0,819450.0,-0.039275455771147216,-0.1805500000000001,1000000.0,-0.18055
45,2020-03-17,,0.1,,1430.0,-310.0,-31000.0,788450.0,-0.037830251998291486,-0.21155000000000002,1000000.0,-0.21155
46,2020-03-18,417.0,0.3,285.0,1490.0,-60.0,-6000.0,782450.0,-0.007609867461475073,-0.21755000000000002,1000000.0,-0.21755
47,2020-03-19,,146.0,,565.0,-283.0,-28300.0,754150.0,-0.03616844526806828,-0.24585,1000000.0,-0.24585
48,2020-03-20,,370.0,,160.0,405.0,40500.0,794650.0,0.05370284426175154,-0.20535000000000014,1000000.0,-0.20535
49,2020-03-23,,141.0,,260.0,-100.0,-10000.0,784650.0,-0.012584156546907477,-0.21535000000000015,1000000.0,-0.21535
50,2020-03-24,,427.0,,9.5,250.5,25050.0,809700.0,0.03192506212961188,-0.19030000000000025,1000000.0,-0.1903
51,2020-03-25,308.0,715.0,194.0,0.2,9.3,930.0000000000001,810630.0,0.0011485735457577029,-0.18937000000000026,1000000.0,-0.18937
52,2020-03-26,,324.0,,154.0,37.0,3700.0,814330.0,0.004564351183647286,-0.18567000000000022,1000000.0,-0.18567
53,2020-03-27,,251.0,,154.0,0.0,0.0,814330.0,0.0,-0.18567000000000022,1000000.0,-0.18567
54,2020-03-30,,203.0,,91.0,63.0,6300.0,820630.0,0.007736421352522838,-0.17937000000000025,1000000.0,-0.17937
55,2020-03-31,,160.0,,34.5,56.5,5650.0,826280.0,0.006884954242472263,-0.1737200000000002,1000000.0,-0.17372
56,2020-04-01,265.0,134.0,185.0,0.1,34.4,3440.0,829720.0,0.004163237643413753,-0.17028000000000032,1000000.0,-0.17028
57,2020-04-06,,326.0,,16.0,166.0,16600.0,846320.0,0.020006749264812163,-0.15368000000000037,1000000.0,-0.15368
58,2020-04-07,,465.0,,1.4,14.6,1460.0,847780.0,0.0017251157954438767,-0.15222000000000036,1000000.0,-0.15222
59,2020-04-08,180.0,565.0,152.0,0.1,1.3,130.0,847910.0,0.00015334166882907674,-0.1520900000000004,1000000.0,-0.15209
60,2020-04-09,,142.0,,142.0,7.0,700.0,848610.0,0.0008255593164367969,-0.15139000000000047,1000000.0,-0.15139
61,2020-04-10,,133.0,,99.0,43.0,4300.0,852910.0,0.0050671097441699064,-0.1470900000000005,1000000.0,-0.14709
62,2020-04-13,,82.0,,106.0,-7.0,-700.0,852210.0,-0.0008207196538907446,-0.14779000000000042,1000000.0,-0.14779
63,2020-04-14,,250.0,,4.4,101.6,10160.0,862370.0,0.011921944121753958,-0.13763000000000047,1000000.0,-0.13763
64,2020-04-15,198.0,351.0,110.0,0.1,4.3,430.0,862800.0,0.000498625879842729,-0.13720000000000054,1000000.0,-0.1372
65,2020-04-16,,169.0,,101.0,6.0,600.0,863400.0,0.0006954102920724292,-0.1366000000000005,1000000.0,-0.1366
66,2020-04-17,,330.0,,26.5,74.5,7450.0,870850.0,0.008628677322214395,-0.12915000000000054,1000000.0,-0.12915
67,2020-04-20,,256.0,,22.0,4.5,450.0,871300.0,0.000516736521789074,-0.12870000000000048,1000000.0,-0.1287
68,2020-04-21,,63.0,,84.0,-62.0,-6200.0,865100.0,-0.007115803971077694,-0.13490000000000046,1000000.0,-0.1349
69,2020-04-22,218.0,0.2,118.0,15.0,69.0,6900.0,872000.0,0.007975956536816486,-0.12800000000000056,1000000.0,-0.128
70,2020-04-23,,238.0,,64.0,51.0,5100.0,877100.0,0.005848623853210944,-0.12290000000000056,1000000.0,-0.1229
71,2020-04-24,,210.0,,59.0,5.0,500.0,877600.0,0.0005700604264051723,-0.12240000000000062,1000000.0,-0.1224
72,2020-04-27,,401.0,,5.2,53.8,5380.0,882980.0,0.006130355515040931,-0.11702000000000068,1000000.0,-0.11702
73,2020-04-28,,426.0,,0.8,4.4,440.00000000000006,883420.0,0.0004983125325601634,-0.11658000000000068,1000000.0,-0.11658
74,2020-04-29,150.0,555.0,103.0,0.1,0.7,70.0,883490.0,7.923750877281144e-05,-0.11651000000000056,1000000.0,-0.11651
75,2020-04-30,,310.0,,27.0,73.0,7300.0,890790.0,0.008262685485970422,-0.10921000000000058,1000000.0,-0.10921
76,2020-05-04,,84.0,,115.0,-88.0,-8800.0,881990.0,-0.009878871563443692,-0.11801000000000061,1000000.0,-0.11801
77,2020-05-05,,104.0,,25.0,90.0,9000.0,890990.0,0.010204197326500353,-0.1090100000000006,1000000.0,-0.10901
78,2020-05-06,160.0,57.0,111.0,0.1,24.9,2490.0,893480.0,0.002794644159867188,-0.1065200000000005,1000000.0,-0.10652
79,2020-05-07,,188.0,,63.0,45.0,4500.0,897980.0,0.005036486546984742,-0.10202000000000055,1000000.0,-0.10202
80,2020-05-08,,213.0,,38.0,25.0,2500.0,900480.0,0.002784026370297843,-0.0995200000000005,1000000.0,-0.09952
81,2020-05-11,,266.0,,10.5,27.5,2750.0,903230.0,0.0030539267945983717,-0.09677000000000058,1000000.0,-0.09677
82,2020-05-12,,153.0,,7.4,3.1,310.0,903540.0,0.00034321269222670203,-0.09646000000000066,1000000.0,-0.09646
83,2020-05-13,131.0,174.0,117.0,0.1,7.3,730.0,904270.0,0.0008079332403656547,-0.09573000000000065,1000000.0,-0.09573
84,2020-05-14,,56.0,,206.0,-92.0,-9200.0,895070.0,-0.010173952469948122,-0.10493000000000063,1000000.0,-0.10493
85,2020-05-15,,63.0,,143.0,63.0,6300.0,901370.0,0.007038555643692712,-0.09863000000000055,1000000.0,-0.09863
86,2020-05-18,,28.0,,165.0,-22.0,-2200.0,899170.0,-0.0024407291123511587,-0.10083000000000053,1000000.0,-0.10083
87,2020-05-19,,35.0,,66.0,99.0,9900.0,909070.0,0.011010153808512335,-0.09093000000000051,1000000.0,-0.09093
88,2020-05-20,135.0,0.1,93.0,13.0,53.0,5300.0,914370.0,0.005830134093084194,-0.08563000000000043,1000000.0,-0.08563
89,2020-05-21,,178.0,,46.5,43.5,4350.0,918720.0,0.004757373929590969,-0.08128000000000035,1000000.0,-0.08128
90,2020-05-22,,65.0,,125.0,-78.5,-7850.0,910870.0,-0.008544496691048398,-0.08913000000000038,1000000.0,-0.08913
91,2020-05-25,,61.0,,52.0,73.0,7300.0,918170.0,0.008014315983620124,-0.08183000000000029,1000000.0,-0.08183
92,2020-05-26,,164.0,,6.7,45.3,4530.0,922700.0,0.004933726869751798,-0.07730000000000026,1000000.0,-0.0773
93,2020-05-27,139.0,160.0,86.0,0.1,6.6,660.0,923360.0,0.0007152920775983507,-0.07664000000000026,1000000.0,-0.07664
94,2020-05-28,,101.0,,108.0,-25.0,-2500.0,920860.0,-0.0027075030324034133,-0.07914000000000032,1000000.0,-0.07914
95,2020-05-29,,86.0,,91.0,17.0,1700.0,922560.0,0.0018461003844232327,-0.0774400000000004,1000000.0,-0.07744
96,2020-06-01,,151.0,,21.5,69.5,6950.0,929510.0,0.0075333853624697245,-0.07049000000000039,1000000.0,-0.07049
97,2020-06-02,,187.0,,6.5,15.0,1500.0,931010.0,0.0016137534830178435,-0.06899000000000044,1000000.0,-0.06899
98,2020-06-03,141.0,371.0,90.0,0.2,6.3,630.0,931640.0,0.0006766844609618072,-0.06836000000000042,1000000.0,-0.06836
99,2020-06-04,,182.0,,56.0,31.0,3100.0,934740.0,0.0033274655446309254,-0.06526000000000043,1000000.0,-0.06526
100,2020-06-05,,245.0,,20.0,36.0,3600.0,938340.0,0.0038513383400731183,-0.06166000000000049,1000000.0,-0.06166
101,2020-06-08,,341.0,,4.7,15.3,1530.0,939870.0,0.0016305390370228157,-0.06013000000000046,1000000.0,-0.06013
102,2020-06-09,,380.0,,1.1,3.6,360.0,940230.0,0.0003830316958728375,-0.059770000000000434,1000000.0,-0.05977
103,2020-06-10,127.0,463.0,123.0,0.1,1.0,100.0,940330.0,0.00010635695521310495,-0.059670000000000445,1000000.0,-0.05967
104,2020-06-11,,34.0,,243.0,-123.0,-12300.0,928030.0,-0.013080514287537315,-0.07197000000000042,1000000.0,-0.07197
105,2020-06-12,,14.0,,323.0,-80.0,-8000.0,920030.0,-0.008620410978093407,-0.07997000000000043,1000000.0,-0.07997
106,2020-06-15,,1.8,,475.0,-152.0,-15200.0,904830.0,-0.016521200395639313,-0.09517000000000042,1000000.0,-0.09517
107,2020-06-16,,7.7,,183.0,292.0,29200.0,934030.0,0.03227125537393771,-0.06597000000000042,1000000.0,-0.06597
108,2020-06-17,217.0,0.2,66.0,179.0,4.0,400.0,934430.0,0.00042825176921512664,-0.06557000000000046,1000000.0,-0.06557
109,2020-06-18,,235.0,,42.0,21.0,2100.0,936530.0,0.0022473593527605473,-0.06347000000000047,1000000.0,-0.06347
110,2020-06-19,,231.0,,27.0,15.0,1500.0,938030.0,0.0016016571812969005,-0.061970000000000525,1000000.0,-0.06197
111,2020-06-22,,230.0,,13.0,14.0,1400.0,939430.0,0.001492489579224543,-0.06057000000000057,1000000.0,-0.06057
112,2020-06-23,,260.0,,3.2,9.8,980.0000000000001,940410.0,0.001043185761578913,-0.059590000000000476,1000000.0,-0.05959
113,2020-06-24,191.0,302.0,55.0,0.2,3.0,300.0,940710.0,0.00031900979360055537,-0.05929000000000062,1000000.0,-0.05929
114,2020-06-29,,65.0,,85.0,-33.0,-3300.0,937410.0,-0.0035079886468730725,-0.06259000000000059,1000000.0,-0.06259
115,2020-06-30,,102.0,,11.0,74.0,7400.0,944810.0,0.007894091166085193,-0.05519000000000063,1000000.0,-0.05519
116,2020-07-01,164.0,203.0,60.0,0.2,10.8,1080.0,945890.0,0.0011430869698669799,-0.05411000000000066,1000000.0,-0.05411
117,2020-07-02,,276.0,,23.0,34.0,3400.0,949290.0,0.003594498303185256,-0.05071000000000081,1000000.0,-0.05071
118,2020-07-03,,398.0,,10.0,13.0,1300.0,950590.0,0.0013694445322294246,-0.04941000000000073,1000000.0,-0.04941
119,2020-07-06,,615.0,,2.1,7.9,790.0,951380.0,0.0008310628136209974,-0.048620000000000774,1000000.0,-0.04862
120,2020-07-07,,575.0,,0.6,1.5,150.0,951530.0,0.00015766570665776136,-0.04847000000000068,1000000.0,-0.04847
121,2020-07-08,138.0,655.0,110.0,0.1,0.5,50.0,951580.0,5.254695070044946e-05,-0.048420000000000685,1000000.0,-0.04842
122,2020-07-09,,136.0,,85.0,22.0,2200.0,953780.0,0.0023119443451942168,-0.046220000000000816,1000000.0,-0.04622
123,2020-07-10,,54.0,,159.0,-74.0,-7400.0,946380.0,-0.007758602612761845,-0.05362000000000078,1000000.0,-0.05362
124,2020-07-13,,135.0,,29.5,129.5,12950.0,959330.0,0.013683721126820148,-0.04067000000000076,1000000.0,-0.04067
125,2020-07-14,,109.0,,21.0,8.5,850.0,960180.0,0.0008860350452919441,-0.039820000000000855,1000000.0,-0.03982
126,2020-07-15,228.0,120.0,68.0,0.1,20.9,2090.0,962270.0,0.002176675206732037,-0.03773000000000093,1000000.0,-0.03773
127,2020-07-16,,177.0,,65.0,0.0,0.0,962270.0,0.0,-0.03773000000000093,1000000.0,-0.03773
128,2020-07-17,,164.0,,44.5,20.5,2050.0,964320.0,0.0021303792074989225,-0.03568000000000093,1000000.0,-0.03568
129,2020-07-20,,144.0,,25.5,19.0,1900.0,966220.0,0.0019703003152480303,-0.03378000000000092,1000000.0,-0.03378
130,2020-07-21,,370.0,,1.8,23.7,2370.0,968590.0,0.0024528575272713127,-0.031410000000000826,1000000.0,-0.03141
131,2020-07-22,186.0,401.0,63.0,0.2,1.6,160.0,968750.0,0.00016518857308045476,-0.03125000000000078,1000000.0,-0.03125
132,2020-07-23,,160.0,,70.0,-10.0,-1000.0,967750.0,-0.0010322580645161228,-0.03225000000000078,1000000.0,-0.03225
133,2020-07-24,,88.0,,134.0,-64.0,-6400.0,961350.0,-0.006613278222681429,-0.03865000000000074,1000000.0,-0.03865
134,2020-07-27,,319.0,,15.0,119.0,11900.0,973250.0,0.012378426171529622,-0.026750000000000718,1000000.0,-0.02675
135,2020-07-28,,272.0,,11.5,3.5,350.0,973600.0,0.00035961983046495227,-0.026400000000000756,1000000.0,-0.0264
136,2020-07-29,205.0,229.0,97.0,0.1,11.4,1140.0,974740.0,0.0011709120788825356,-0.025260000000000726,1000000.0,-0.02526
137,2020-07-30,,320.0,,47.0,47.0,4700.0,979440.0,0.004821798633481755,-0.02056000000000069,1000000.0,-0.02056
138,2020-07-31,,301.0,,45.5,1.5,150.0,979590.0,0.00015314873805438722,-0.020410000000000705,1000000.0,-0.02041
139,2020-08-03,,171.0,,43.0,2.5,250.0,979840.0,0.0002552088118499274,-0.020160000000000622,1000000.0,-0.02016
140,2020-08-04,,314.0,,2.1,40.9,4090.0,983930.0,0.004174150881776528,-0.016070000000000695,1000000.0,-0.01607
141,2020-08-05,176.0,393.0,85.0,0.1,2.0,200.0,984130.0,0.00020326649253510354,-0.015870000000000606,1000000.0,-0.01587
142,2020-08-06,,237.0,,54.0,28.0,2800.0,986930.0,0.002845152571306686,-0.013070000000000581,1000000.0,-0.01307
143,2020-08-07,,170.0,,62.0,-8.0,-800.0,986130.0,-0.0008105944697192058,-0.013870000000000604,1000000.0,-0.01387
144,2020-08-10,,221.0,,20.0,42.0,4200.0,990330.0,0.004259073347327336,-0.009670000000000734,1000000.0,-0.00967
145,2020-08-11,,97.0,,25.0,-5.0,-500.0,989830.0,-0.0005048822109802176,-0.01017000000000079,1000000.0,-0.01017
146,2020-08-12,130.0,0.2,121.0,40.5,-15.5,-1550.0,988280.0,-0.0015659254619480034,-0.01172000000000073,1000000.0,-0.01172
147,2020-08-13,,155.0,,77.0,41.0,4100.0,992380.0,0.0041486218480593084,-0.007620000000000626,1000000.0,-0.00762
148,2020-08-14,,183.0,,42.5,34.5,3450.0,995830.0,0.003476490860355952,-0.004170000000000562,1000000.0,-0.00417
149,2020-08-17,,311.0,,6.5,36.0,3600.0,999430.0,0.0036150748621752715,-0.0005700000000005145,1000000.0,-0.00057
150,2020-08-18,,230.0,,3.3,3.2,320.0,999750.0,0.00032018250402732207,-0.0002500000000005276,1000000.0,-0.00025
151,2020-08-19,139.0,156.0,101.0,0.1,3.2,320.0,1000070.0,0.0003200800200049425,6.999999999934836e-05,1000070.0,0.0
152,2020-08-20,,18.5,,423.0,-325.0,-32500.0,967570.0,-0.03249772515923888,-0.032430000000000625,1000070.0,-0.0325
153,2020-08-21,,32.0,,187.0,236.0,23600.0,991170.0,0.024391000134357244,-0.00883000000000056,1000070.0,-0.0089
154,2020-08-24,,27.5,,137.0,50.0,5000.0,996170.0,0.005044543317493488,-0.003830000000000555,1000070.0,-0.0039
155,2020-08-25,,61.0,,38.0,99.0,9900.0,1006070.0,0.009938062780449064,0.006069999999999354,1006070.0,0.0
156,2020-08-26,165.0,49.5,92.0,0.2,37.8,3779.9999999999995,1009850.0,0.003757193833431094,0.00984999999999947,1009850.0,0.0
157,2020-08-27,,131.0,,94.0,-5.0,-500.0,1009350.0,-0.0004951230380749738,0.009349999999999525,1009850.0,-0.0005
158,2020-08-28,,88.0,,115.0,-21.0,-2100.0,1007250.0,-0.0020805468866101906,0.007249999999999535,1009850.0,-0.0026
159,2020-08-31,,28.0,,155.0,-40.0,-4000.0,1003250.0,-0.0039712087366592375,0.003249999999999531,1009850.0,-0.0066
160,2020-09-01,,26.5,,67.0,88.0,8800.0,1012050.0,0.0087714926488911,0.01204999999999945,1012050.0,0.0
161,2020-09-02,165.0,0.2,101.0,82.0,-15.0,-1500.0,1010550.0,-0.0014821402104638892,0.010549999999999393,1012050.0,-0.0015
162,2020-09-03,,174.0,,75.0,23.0,2300.0,1012850.0,0.0022759883231904254,0.012849999999999584,1012850.0,0.0
163,2020-09-04,,98.0,,120.0,-45.0,-4500.0,1008350.0,-0.004442908624179287,0.008349999999999635,1012850.0,-0.0045
164,2020-09-07,,52.0,,102.0,18.0,1800.0,1010150.0,0.0017850944612485264,0.01014999999999966,1012850.0,-0.0027
165,2020-09-08,,68.0,32.0,32.0,70.0,7000.0,1017150.0,0.006929663911300343,0.017149999999999777,1017150.0,0.0
166,2020-09-09,175.0,0.1,124.0,58.0,-29.0,-2900.0,1014250.0,-0.002851103573710878,0.014249999999999652,1017150.0,-0.0029
167,2020-09-10,,211.0,,63.0,58.0,5800.0,1020050.0,0.00571851121518363,0.02004999999999968,1020050.0,0.0
168,2020-09-11,,175.0,,61.0,2.0,200.0,1020250.0,0.00019606882015588134,0.020249999999999657,1020250.0,0.0
169,2020-09-14,,246.0,,11.5,49.5,4950.0,1025200.0,0.004851752021563405,0.025199999999999667,1025200.0,0.0
170,2020-09-15,,296.0,,2.8,8.7,869.9999999999999,1026070.0,0.0008486149044089064,0.026069999999999593,1026070.0,0.0
171,2020-09-16,138.0,418.0,107.0,0.1,2.7,270.0,1026340.0,0.000263139941719448,0.026339999999999586,1026340.0,0.0
172,2020-09-17,,79.0,,128.0,-24.0,-2400.0,1023940.0,-0.002338406376054758,0.023939999999999628,1026340.0,-0.0024
173,2020-09-18,,73.0,,100.0,28.0,2800.0,1026740.0,0.00273453522667344,0.026739999999999542,1026740.0,0.0
174,2020-09-21,,16.0,,196.0,-96.0,-9600.0,1017140.0,-0.009349981494828241,0.01713999999999949,1026740.0,-0.0096
175,2020-09-22,,1.9,,276.0,-80.0,-8000.0,1009140.0,-0.007865190632557972,0.009139999999999482,1026740.0,-0.0176
176,2020-09-23,182.0,0.2,84.0,323.0,-47.0,-4700.0,1004440.0,-0.004657431079929442,0.004439999999999555,1026740.0,-0.0223
177,2020-09-24,,23.0,,274.0,-193.0,-19300.0,985140.0,-0.019214686790649527,-0.014860000000000428,1026740.0,-0.0416
178,2020-09-25,,13.0,,271.0,3.0,300.0,985440.0,0.0003045252451427949,-0.014560000000000461,1026740.0,-0.0413
179,2020-09-28,,42.0,,82.0,189.0,18900.0,1004340.0,0.019179249878227056,0.004339999999999566,1026740.0,-0.0224
180,2020-09-29,,23.0,,69.0,13.0,1300.0,1005640.0,0.0012943823804687504,0.005639999999999645,1026740.0,-0.0211
181,2020-09-30,150.0,28.5,94.0,0.1,68.9,6890.000000000001,1012530.0,0.0068513583389682164,0.012529999999999708,1026740.0,-0.01421
182,2020-10-05,,142.0,,30.0,61.0,6100.0,1018630.0,0.006024512853940234,0.018629999999999702,1026740.0,-0.00811
183,2020-10-06,,256.0,,1.4,28.6,2860.0,1021490.0,0.0028076926852733664,0.021489999999999787,1026740.0,-0.00525
184,2020-10-07,112.0,309.0,84.0,0.3,1.1,110.00000000000001,1021600.0,0.00010768583148146327,0.02159999999999984,1026740.0,-0.00514
185,2020-10-08,,187.0,,41.0,40.0,4000.0,1025600.0,0.003915426781519127,0.025599999999999845,1026740.0,-0.00114
186,2020-10-12,,209.0,,9.0,32.0,3200.0,1028800.0,0.0031201248049921304,0.028799999999999715,1028800.0,0.0
187,2020-10-13,,208.0,,2.6,6.4,640.0,1029440.0,0.0006220839813375623,0.02943999999999969,1029440.0,0.0
188,2020-10-14,135.0,150.0,94.0,0.1,2.5,250.0,1029690.0,0.00024285048181527102,0.02968999999999955,1029690.0,0.0
189,2020-10-15,,100.0,,106.0,-15.0,-1500.0,1028190.0,-0.001456749118666778,0.028189999999999493,1029690.0,-0.0015
190,2020-10-16,,42.5,,143.0,-37.0,-3700.0,1024490.0,-0.0035985566869936036,0.024489999999999457,1029690.0,-0.0052
191,2020-10-19,,85.0,,39.0,104.0,10400.0,1034890.0,0.010151392400121084,0.03488999999999942,1034890.0,0.0
192,2020-10-20,,46.0,40.5,40.5,-1.5,-150.0,1034740.0,-0.00014494294079558934,0.03473999999999955,1034890.0,-0.00015
193,2020-10-21,134.0,10.0,82.0,0.1,37.4,3740.0,1038480.0,0.003614434543943501,0.038479999999999626,1038480.0,0.0
194,2020-10-22,,146.0,,54.0,25.0,2500.0,1040980.0,0.0024073646098143886,0.04097999999999957,1040980.0,0.0
195,2020-10-23,,126.0,,30.0,24.0,2400.0,1043380.0,0.0023055197986512344,0.04337999999999953,1043380.0,0.0
196,2020-10-26,,128.0,,16.0,14.0,1400.0,1044780.0,0.0013417930188426297,0.0447799999999996,1044780.0,0.0
197,2020-10-27,,80.0,,13.0,3.0,300.0,1045080.0,0.0002871417906162854,0.04507999999999979,1045080.0,0.0
198,2020-10-28,183.0,0.2,90.0,28.5,-15.5,-1550.0,1043530.0,-0.0014831400466950306,0.04352999999999985,1045080.0,-0.00155
199,2020-10-29,,101.0,,144.0,-57.0,-5700.0,1037830.0,-0.005462229164470589,0.03782999999999981,1045080.0,-0.00725
200,2020-10-30,,30.5,,251.0,-107.0,-10700.0,1027130.0,-0.010309973695113883,0.027129999999999876,1045080.0,-0.01795
201,2020-11-02,,38.0,,152.0,99.0,9900.0,1037030.0,0.009638507297031529,0.037029999999999896,1045080.0,-0.00805
202,2020-11-03,,86.0,,52.0,100.0,10000.0,1047030.0,0.009642922576974522,0.04702999999999968,1047030.0,0.0
203,2020-11-04,162.0,165.0,114.0,0.1,51.9,5190.0,1052220.0,0.004956878026417533,0.05221999999999971,1052220.0,0.0
204,2020-11-05,,140.0,,72.0,39.0,3900.0,1056120.0,0.003706449221645647,0.056119999999999726,1056120.0,0.0
205,2020-11-06,,153.0,,48.5,23.5,2350.0,1058470.0,0.002225125932659111,0.05846999999999958,1058470.0,0.0
206,2020-11-09,,294.0,,4.8,43.7,4370.0,1062840.0,0.0041286007161280835,0.06283999999999956,1062840.0,0.0
207,2020-11-10,,240.0,,2.3,2.5,250.0,1063090.0,0.00023521884761579237,0.06308999999999942,1063090.0,0.0
208,2020-11-11,127.0,399.0,116.0,0.3,2.0,200.0,1063290.0,0.00018813082617641363,0.0632899999999994,1063290.0,0.0
209,2020-11-12,,91.0,,113.0,0.0,0.0,1063290.0,0.0,0.0632899999999994,1063290.0,0.0
210,2020-11-13,,105.0,,71.0,42.0,4200.0,1067490.0,0.003950004232147419,0.06748999999999938,1067490.0,0.0
211,2020-11-16,,334.0,,5.0,66.0,6600.0,1074090.0,0.006182727707051194,0.07408999999999955,1074090.0,0.0
212,2020-11-17,,375.0,,1.9,3.1,310.0,1074400.0,0.00028861641017052797,0.07439999999999958,1074400.0,0.0
213,2020-11-18,132.0,510.0,99.0,0.2,1.7,170.0,1074570.0,0.00015822784810115564,0.07456999999999936,1074570.0,0.0
214,2020-11-19,,139.0,,72.0,24.0,2400.0,1076970.0,0.0022334515201429816,0.07696999999999932,1076970.0,0.0
215,2020-11-20,,121.0,,62.0,10.0,1000.0,1077970.0,0.0009285309711506429,0.07796999999999943,1077970.0,0.0
216,2020-11-23,,212.0,,11.5,50.5,5050.0,1083020.0,0.004684731486033877,0.08301999999999943,1083020.0,0.0
217,2020-11-24,,129.0,,8.7,2.8,280.0,1083300.0,0.00025853631511885133,0.08329999999999949,1083300.0,0.0
218,2020-11-25,125.0,53.0,98.0,0.2,8.5,850.0,1084150.0,0.0007846395273700679,0.0841499999999995,1084150.0,0.0
219,2020-11-26,,186.0,,29.0,66.0,6600.0,1090750.0,0.006087718489139027,0.09074999999999966,1090750.0,0.0
220,2020-11-27,,208.0,,17.5,11.5,1150.0,1091900.0,0.0010543204217281499,0.09189999999999965,1091900.0,0.0
221,2020-11-30,,97.0,,44.0,-26.5,-2650.0,1089250.0,-0.0024269621760234505,0.08924999999999961,1091900.0,-0.00265
222,2020-12-01,,196.0,,3.9,40.1,4010.0,1093260.0,0.003681432178104238,0.09325999999999968,1093260.0,0.0
223,2020-12-02,127.0,280.0,101.0,0.1,3.8,380.0,1093640.0,0.0003475842891902392,0.09363999999999972,1093640.0,0.0
224,2020-12-03,,123.0,,72.0,26.0,2600.0,1096240.0,0.0023773819538421836,0.09623999999999966,1096240.0,0.0
225,2020-12-04,,232.0,,25.5,46.5,4650.0,1100890.0,0.004241771874772038,0.1008899999999997,1100890.0,0.0
226,2020-12-07,,312.0,,5.8,19.7,1970.0,1102860.0,0.0017894612540763077,0.10285999999999973,1102860.0,0.0
227,2020-12-08,,410.0,,1.0,4.8,480.0,1103340.0,0.00043523203307760383,0.10333999999999977,1103340.0,0.0
228,2020-12-09,144.0,449.0,97.0,0.2,0.8,80.0,1103420.0,7.250711476070038e-05,0.10341999999999985,1103420.0,0.0
229,2020-12-10,,60.0,,170.0,-76.0,-7600.0,1095820.0,-0.006887676496710182,0.0958199999999998,1103420.0,-0.0076
230,2020-12-11,,41.0,,154.0,16.0,1600.0,1097420.0,0.0014600938110274075,0.09741999999999984,1103420.0,-0.006
231,2020-12-14,,16.0,,163.0,-9.0,-900.0,1096520.0,-0.0008201053379744971,0.09651999999999994,1103420.0,-0.0069
232,2020-12-15,,1.2,,270.0,-107.0,-10700.0,1085820.0,-0.00975814394630281,0.08582000000000001,1103420.0,-0.0176
233,2020-12-16,180.0,0.1,63.0,27.0,243.0,24300.0,1110120.0,0.022379399900535946,0.11012,1110120.0,0.0
234,2020-12-17,,180.0,,41.0,19.0,1900.0,1112020.0,0.0017115266818001906,0.11202000000000001,1112020.0,0.0
235,2020-12-18,,134.0,,52.0,-11.0,-1100.0,1110920.0,-0.0009891908418913076,0.11092000000000013,1112020.0,-0.0011
236,2020-12-21,,254.0,,7.3,44.7,4470.0,1115390.0,0.004023692075036944,0.1153900000000001,1115390.0,0.0
237,2020-12-22,,55.0,,75.0,-67.7,-6770.0,1108620.0,-0.006069625870771644,0.10862000000000016,1115390.0,-0.00677
238,2020-12-23,158.0,84.0,83.0,0.1,74.9,7490.000000000001,1116110.0,0.006756147282206637,0.11611000000000016,1116110.0,0.0
239,2020-12-24,,220.0,,29.0,51.0,5100.0,1121210.0,0.004569442080081698,0.12121000000000004,1121210.0,0.0
240,2020-12-25,,261.0,,13.5,15.5,1550.0,1122760.0,0.0013824350478501835,0.1227600000000002,1122760.0,0.0
241,2020-12-28,,387.0,,4.0,9.5,950.0,1123710.0,0.000846129181659494,0.12371000000000021,1123710.0,0.0
242,2020-12-29,,405.0,,0.8,3.2,320.0,1124030.0,0.00028477098183699034,0.1240300000000003,1124030.0,0.0
243,2020-12-30,143.0,540.0,78.0,0.3,0.5,50.0,1124080.0,4.4482798501777054e-05,0.12408000000000019,1124080.0,0.0
244,2020-12-31,,170.0,,51.0,24.0,2400.0,1126480.0,0.002135079353782654,0.12648000000000015,1126480.0,0.0
245,2021-01-04,,306.0,,7.4,43.6,4360.0,1130840.0,0.0038704637454727298,0.1308400000000003,1130840.0,0.0
246,2021-01-05,,411.0,,1.5,5.9,590.0,1131430.0,0.0005217360546143635,0.13143000000000038,1131430.0,0.0
247,2021-01-06,171.0,335.0,136.0,0.2,1.3,130.0,1131560.0,0.00011489884482474011,0.13156000000000034,1131560.0,0.0
248,2021-01-07,,377.0,,32.0,101.0,10100.0,1141660.0,0.008925730849446811,0.14166000000000034,1141660.0,0.0
249,2021-01-08,,580.0,,16.5,15.5,1550.0,1143210.0,0.0013576721615893295,0.1432100000000005,1143210.0,0.0
250,2021-01-11,,660.0,,4.5,12.0,1200.0,1144410.0,0.001049675912561998,0.1444100000000006,1144410.0,0.0
251,2021-01-12,,615.0,,2.2,2.3,229.99999999999997,1144640.0,0.00020097692260634403,0.14464000000000055,1144640.0,0.0
252,2021-01-13,180.0,860.0,168.0,0.1,2.1,210.0,1144850.0,0.0001834637964774899,0.1448500000000006,1144850.0,0.0
253,2021-01-14,,146.0,,168.0,-3.0,-300.0,1144550.0,-0.0002620430624099557,0.14455000000000062,1144850.0,-0.0003
254,2021-01-15,,88.0,,203.0,-35.0,-3500.0,1141050.0,-0.0030579703813725656,0.14105000000000056,1144850.0,-0.0038
255,2021-01-18,,43.0,,186.0,17.0,1700.0,1142750.0,0.0014898558345384227,0.1427500000000006,1144850.0,-0.0021
256,2021-01-19,,167.0,,26.0,160.0,16000.0,1158750.0,0.014001312623058482,0.1587500000000006,1158750.0,0.0
257,2021-01-20,226.0,16.0,143.0,0.1,25.9,2590.0,1161340.0,0.002235167206041,0.1613400000000007,1161340.0,0.0
258,2021-01-21,,498.0,,40.5,99.5,9950.0,1171290.0,0.008567689048857297,0.1712900000000006,1171290.0,0.0
259,2021-01-22,,354.0,,40.0,0.5,50.0,1171340.0,4.26879765045296e-05,0.1713400000000005,1171340.0,0.0
260,2021-01-25,,287.0,,32.0,8.0,800.0,1172140.0,0.0006829784691038121,0.17214000000000063,1172140.0,0.0
261,2021-01-26,,70.0,,88.0,-56.0,-5600.0,1166540.0,-0.004777586295152458,0.16654000000000058,1172140.0,-0.0056
262,2021-01-27,194.0,49.0,153.0,0.1,87.9,8790.0,1175330.0,0.007535103811270982,0.17533000000000065,1175330.0,0.0
263,2021-01-28,,67.0,,299.0,-149.0,-14900.0,1160430.0,-0.012677290633268945,0.16043000000000074,1175330.0,-0.0149
264,2021-01-29,,8.4,,550.0,-251.0,-25100.0,1135330.0,-0.021629913049473037,0.13533000000000062,1175330.0,-0.04
265,2021-02-01,,16.5,,272.0,278.0,27800.0,1163130.0,0.02448627271366033,0.16313000000000066,1175330.0,-0.0122
266,2021-02-02,,144.0,,35.0,237.0,23700.0,1186830.0,0.020376054267364774,0.18683000000000072,1186830.0,0.0
267,2021-02-03,239.0,117.0,216.0,0.1,34.9,3490.0,1190320.0,0.0029406064895562967,0.1903200000000007,1190320.0,0.0
268,2021-02-04,,163.0,,217.0,-4.0,-400.0,1189920.0,-0.00033604408898446625,0.18992000000000075,1190320.0,-0.0004
269,2021-02-05,,195.0,,143.0,74.0,7400.0,1197320.0,0.006218905472636926,0.19732000000000083,1197320.0,0.0
270,2021-02-17,222.0,580.0,134.0,0.3,142.7,14269.999999999998,1211590.0,0.011918284167975246,0.21159000000000106,1211590.0,0.0
271,2021-02-18,,223.0,,101.0,30.0,3000.0,1214590.0,0.0024760851443144105,0.21459000000000095,1214590.0,0.0
272,2021-02-19,,166.0,,107.0,-6.0,-600.0,1213990.0,-0.0004939938580097447,0.2139900000000008,1214590.0,-0.0006
273,2021-02-22,,190.0,,59.0,48.0,4800.0,1218790.0,0.0039539040684024584,0.2187900000000007,1218790.0,0.0
274,2021-02-23,,211.0,,19.5,39.5,3950.0,1222740.0,0.003240919272393006,0.2227400000000006,1222740.0,0.0
275,2021-02-24,227.0,0.1,147.0,64.0,-44.5,-4450.0,1218290.0,-0.0036393673225706413,0.21829000000000054,1222740.0,-0.00445
276,2021-02-25,,340.0,,52.0,92.0,9200.0,1227490.0,0.007551568181631607,0.22749000000000041,1227490.0,0.0
277,2021-02-26,,88.0,,244.0,-192.0,-19200.0,1208290.0,-0.015641675288597057,0.2082900000000003,1227490.0,-0.0192
278,2021-03-02,,16.5,,221.0,23.0,2300.0,1210590.0,0.0019035165399035048,0.21059000000000028,1227490.0,-0.0169
279,2021-03-03,220.0,33.0,162.0,0.1,220.9,22090.0,1232680.0,0.018247300902865637,0.23268000000000044,1232680.0,0.0
280,2021-03-04,,89.0,,280.0,-121.0,-12100.0,1220580.0,-0.009816010643476036,0.22058000000000044,1232680.0,-0.0121
281,2021-03-05,,48.5,,314.0,-34.0,-3400.0,1217180.0,-0.002785560962820899,0.2171800000000006,1232680.0,-0.0155
282,2021-03-08,,17.0,,321.0,-7.0,-700.0,1216480.0,-0.000575099820897429,0.21648000000000067,1232680.0,-0.0162
283,2021-03-09,,5.3,,299.0,22.0,2200.0,1218680.0,0.0018084966460607532,0.21868000000000065,1232680.0,-0.014
284,2021-03-10,201.0,0.1,174.0,273.0,26.0,2600.0,1221280.0,0.0021334558702859052,0.2212800000000006,1232680.0,-0.0114
285,2021-03-11,,373.0,,55.0,116.0,11600.0,1232880.0,0.009498231363815002,0.23288000000000064,1232880.0,0.0
286,2021-03-12,,397.0,,21.0,34.0,3400.0,1236280.0,0.0027577704237233824,0.2362800000000007,1236280.0,0.0
287,2021-03-15,,365.0,,12.5,8.5,850.0,1237130.0,0.0006875465104991818,0.23713000000000073,1237130.0,0.0
288,2021-03-16,,460.0,,1.6,10.9,1090.0,1238220.0,0.0008810715122904433,0.23822000000000054,1238220.0,0.0
289,2021-03-17,170.0,345.0,105.0,0.1,1.5,150.0,1238370.0,0.00012114163880405648,0.23837000000000041,1238370.0,0.0
290,2021-03-18,,194.0,,66.0,36.0,3600.0,1241970.0,0.0029070471668402043,0.24197000000000024,1241970.0,0.0
291,2021-03-19,,68.0,,158.0,-92.0,-9200.0,1232770.0,-0.007407586334613581,0.23277000000000014,1241970.0,-0.0092
292,2021-03-22,,98.0,,77.0,81.0,8100.0,1240870.0,0.0065705687192259,0.24087000000000036,1241970.0,-0.0011
293,2021-03-23,,71.0,,56.0,21.0,2100.0,1242970.0,0.001692361004778986,0.24297000000000035,1242970.0,0.0
294,2021-03-24,178.0,0.2,114.0,121.0,-65.0,-6500.0,1236470.0,-0.005229410202981621,0.23647000000000018,1242970.0,-0.0065
295,2021-03-25,,190.0,,76.0,35.0,3500.0,1239970.0,0.0028306388347472122,0.23997000000000002,1242970.0,-0.003
296,2021-03-26,,378.0,,15.0,61.0,6100.0,1246070.0,0.004919473858238543,0.24607,1246070.0,0.0
297,2021-03-29,,495.0,,5.7,9.3,930.0000000000001,1247000.0,0.0007463465134383007,0.2470000000000001,1247000.0,0.0
298,2021-03-30,,590.0,,0.6,5.1,509.99999999999994,1247510.0,0.00040898155573376727,0.24751000000000012,1247510.0,0.0
299,2021-03-31,144.0,494.0,90.0,0.1,0.5,50.0,1247560.0,4.0079839039419696e-05,0.24756000000000022,1247560.0,0.0
300,2021-04-01,,214.0,,41.5,45.5,4550.0,1252110.0,0.0036471191766327404,0.25211000000000006,1252110.0,0.0
301,2021-04-06,,343.0,,0.7,40.8,4079.9999999999995,1256190.0,0.0032584996525863996,0.2561899999999999,1256190.0,0.0
302,2021-04-07,142.0,390.0,101.0,0.1,0.6,60.0,1256250.0,4.776347527046809e-05,0.25624999999999987,1256250.0,0.0
303,2021-04-08,,225.0,,31.5,66.5,6650.0,1262900.0,0.0052935323383085375,0.2628999999999999,1262900.0,0.0
304,2021-04-09,,159.0,,51.0,-19.5,-1950.0,1260950.0,-0.0015440652466545135,0.26095,1262900.0,-0.00195
305,2021-04-12,,133.0,,33.0,18.0,1800.0,1262750.0,0.0014274951425512494,0.26275000000000004,1262900.0,-0.00015
306,2021-04-13,,90.0,,25.0,8.0,800.0,1263550.0,0.0006335379132844654,0.26354999999999995,1263550.0,0.0
307,2021-04-14,141.0,67.0,130.0,0.2,24.8,2480.0,1266030.0,0.001962724071069566,0.26603,1266030.0,0.0
308,2021-04-15,,281.0,,58.0,69.0,6900.0,1272930.0,0.005450107817350336,0.2729300000000001,1272930.0,0.0
309,2021-04-16,,327.0,,21.0,37.0,3700.0,1276630.0,0.0029066798645644987,0.27663000000000015,1276630.0,0.0
310,2021-04-19,,425.0,,5.3,15.7,1570.0,1278200.0,0.0012298003336910224,0.2782000000000002,1278200.0,0.0
311,2021-04-20,,475.0,,1.7,3.6,360.0,1278560.0,0.00028164606477854015,0.27856000000000014,1278560.0,0.0
312,2021-04-21,195.0,381.0,115.0,0.2,1.5,150.0,1278710.0,0.00011731948441995321,0.27871,1278710.0,0.0
313,2021-04-22,,166.0,,119.0,-7.0,-700.0,1278010.0,-0.0005474267034746294,0.27800999999999987,1278710.0,-0.0007
314,2021-04-23,,232.0,,47.5,71.5,7150.0,1285160.0,0.00559463540973848,0.28515999999999964,1285160.0,0.0
315,2021-04-26,,462.0,,6.8,40.7,4070.0000000000005,1289230.0,0.003166920850322219,0.28922999999999965,1289230.0,0.0
316,2021-04-27,,505.0,,1.1,5.7,570.0,1289800.0,0.0004421243688093046,0.2897999999999996,1289800.0,0.0
317,2021-04-28,176.0,444.0,115.0,0.1,1.0,100.0,1289900.0,7.753140021704574e-05,0.2898999999999996,1289900.0,0.0
318,2021-04-29,,172.0,,78.0,34.0,3400.0,1293300.0,0.0026358632452128106,0.29329999999999967,1293300.0,0.0
319,2021-05-03,,19.0,,233.0,-155.0,-15500.0,1277800.0,-0.011984844970231223,0.2777999999999996,1293300.0,-0.0155
320,2021-05-04,,0.9,,535.0,-302.0,-30200.0,1247600.0,-0.02363437157614645,0.2475999999999996,1293300.0,-0.0457
321,2021-05-05,222.0,0.1,183.0,610.0,-75.0,-7500.0,1240100.0,-0.006011542160949013,0.24009999999999954,1293300.0,-0.0532
322,2021-05-06,,297.0,,86.0,94.0,9400.0,1249500.0,0.007580033868236358,0.2494999999999994,1293300.0,-0.0438
323,2021-05-07,,560.0,,13.5,72.5,7250.0,1256750.0,0.005802320928371296,0.25674999999999937,1293300.0,-0.03655
324,2021-05-10,,500.0,,5.1,8.4,840.0,1257590.0,0.000668390690272469,0.2575899999999993,1293300.0,-0.03571
325,2021-05-11,,49.0,,193.0,-187.9,-18790.0,1238800.0,-0.014941276568675055,0.23879999999999924,1293300.0,-0.0545
326,2021-05-12,429.0,0.5,332.0,855.0,-662.0,-66200.0,1172600.0,-0.05343881175330967,0.1725999999999992,1293300.0,-0.1207
327,2021-05-13,,259.0,,295.0,34.0,3400.0,1176000.0,0.0028995394849054,0.17599999999999927,1293300.0,-0.1173
328,2021-05-14,,334.0,,168.0,127.0,12700.0,1188700.0,0.010799319727891055,0.1886999999999992,1293300.0,-0.1046
329,2021-05-17,,76.0,,414.0,-246.0,-24600.0,1164100.0,-0.02069487675612014,0.16409999999999925,1293300.0,-0.1292
330,2021-05-18,,565.0,,18.5,395.5,39550.0,1203650.0,0.03397474443776316,0.20364999999999922,1293300.0,-0.08965
331,2021-05-19,316.0,540.0,258.0,0.2,18.3,1830.0,1205480.0,0.0015203755244463935,0.20547999999999922,1293300.0,-0.08782
332,2021-05-20,,260.0,,245.0,10.0,1000.0,1206480.0,0.0008295450774795654,0.20647999999999933,1293300.0,-0.08682
333,2021-05-21,,402.0,,108.0,137.0,13700.0,1220180.0,0.011355347788608139,0.22017999999999938,1293300.0,-0.07312
334,2021-05-24,,385.0,,62.0,46.0,4600.0,1224780.0,0.003769935583274542,0.2247799999999993,1293300.0,-0.06852
335,2021-05-25,,600.0,,5.1,56.9,5690.0,1230470.0,0.004645732294779492,0.2304699999999993,1293300.0,-0.06283
336,2021-05-26,214.0,635.0,172.0,0.2,4.9,490.00000000000006,1230960.0,0.0003982218176794561,0.2309599999999994,1293300.0,-0.06234
337,2021-05-27,,163.0,,204.0,-35.0,-3500.0,1227460.0,-0.002843309287060558,0.22745999999999933,1293300.0,-0.06584
338,2021-05-28,,343.0,,62.0,142.0,14200.0,1241660.0,0.011568605086927475,0.24165999999999932,1293300.0,-0.05164
339,2021-05-31,,454.0,,20.5,41.5,4150.0,1245810.0,0.003342299824428574,0.2458099999999992,1293300.0,-0.04749
340,2021-06-01,,560.0,,2.0,18.5,1850.0,1247660.0,0.0014849776450662766,0.2476599999999991,1293300.0,-0.04564
341,2021-06-02,236.0,530.0,157.0,0.2,1.8,180.0,1247840.0,0.00014427007357764587,0.24783999999999895,1293300.0,-0.04546
342,2021-06-03,,290.0,,88.0,66.0,6600.0,1254440.0,0.005289139633286366,0.2544399999999991,1293300.0,-0.03886
343,2021-06-04,,201.0,,122.0,-34.0,-3400.0,1251040.0,-0.002710372755970747,0.25103999999999926,1293300.0,-0.04226
344,2021-06-07,,164.0,,99.0,23.0,2300.0,1253340.0,0.0018384703926332957,0.25333999999999923,1293300.0,-0.03996
345,2021-06-08,,112.0,,50.0,49.0,4900.0,1258240.0,0.00390955367258683,0.25823999999999914,1293300.0,-0.03506
346,2021-06-09,184.0,0.1,173.0,103.0,-53.0,-5300.0,1252940.0,-0.004212232960325579,0.25293999999999905,1293300.0,-0.04036
347,2021-06-10,,274.0,,64.0,106.0,10600.0,1263540.0,0.008460101840471301,0.2635399999999992,1293300.0,-0.02976
348,2021-06-11,,301.0,,32.0,32.0,3200.0,1266740.0,0.002532567231745775,0.2667399999999993,1293300.0,-0.02656
349,2021-06-15,,450.0,,2.4,29.6,2960.0,1269700.0,0.002336706822236634,0.2696999999999994,1293300.0,-0.0236
350,2021-06-16,216.0,397.0,98.0,0.1,2.3,229.99999999999997,1269930.0,0.00018114515239830986,0.26992999999999956,1293300.0,-0.02337
351,2021-06-17,,253.0,,63.0,32.0,3200.0,1273130.0,0.0025198239273029888,0.27312999999999943,1293300.0,-0.02017
352,2021-06-18,,201.0,,64.0,-1.0,-100.0,1273030.0,-7.854657419115174e-05,0.27302999999999944,1293300.0,-0.02027
353,2021-06-21,,47.5,,178.0,-114.0,-11400.0,1261630.0,-0.008955012843373633,0.2616299999999996,1293300.0,-0.03167
354,2021-06-22,,32.0,,99.0,79.0,7900.0,1269530.0,0.006261740763932266,0.2695299999999994,1293300.0,-0.02377
355,2021-06-23,208.0,147.0,116.0,0.1,98.9,9890.0,1279420.0,0.007790284593510943,0.27941999999999934,1293300.0,-0.01388
356,2021-06-24,,231.0,,69.0,44.0,4400.0,1283820.0,0.003439058323302824,0.2838199999999995,1293300.0,-0.00948
357,2021-06-25,,280.0,,41.0,28.0,2800.0,1286620.0,0.0021809911046719588,0.28661999999999943,1293300.0,-0.00668
358,2021-06-28,,354.0,,11.0,30.0,3000.0,1289620.0,0.0023316907867125813,0.28961999999999954,1293300.0,-0.00368
359,2021-06-29,,358.0,,3.5,7.5,750.0,1290370.0,0.0005815666630479832,0.2903699999999996,1293300.0,-0.00293
360,2021-06-30,172.0,491.0,108.0,0.2,3.3,330.0,1290700.0,0.00025574060153288336,0.2906999999999995,1293300.0,-0.0026
361,2021-07-01,,134.0,,124.0,-19.0,-1900.0,1288800.0,-0.0014720694196946882,0.2887999999999995,1293300.0,-0.0045
362,2021-07-02,,113.0,,110.0,14.0,1400.0,1290200.0,0.0010862818125387808,0.29019999999999957,1293300.0,-0.0031
363,2021-07-05,,245.0,,18.5,91.5,9150.0,1299350.0,0.00709192373275469,0.29934999999999956,1299350.0,0.0
364,2021-07-06,,225.0,,8.3,10.2,1019.9999999999999,1300370.0,0.000785007888559619,0.3003699999999996,1300370.0,0.0
365,2021-07-07,173.0,100.0,117.0,0.3,8.0,800.0,1301170.0,0.0006152095172913263,0.3011699999999997,1301170.0,0.0
366,2021-07-08,,153.0,,105.0,9.0,900.0,1302070.0,0.0006916851756495479,0.3020699999999996,1302070.0,0.0
367,2021-07-09,,65.0,,173.0,-68.0,-6800.0,1295270.0,-0.005222453477923605,0.2952699999999997,1302070.0,-0.0068
368,2021-07-12,,106.0,,70.0,103.0,10300.0,1305570.0,0.007952010005635834,0.3055699999999997,1305570.0,0.0
369,2021-07-13,,103.0,,34.5,35.5,3550.0,1309120.0,0.002719118852302138,0.30911999999999984,1309120.0,0.0
370,2021-07-14,165.0,0.2,141.0,4.3,30.2,3020.0,1312140.0,0.002306893180151537,0.31213999999999986,1312140.0,0.0
371,2021-07-15,,244.0,,72.0,66.0,6600.0,1318740.0,0.005029951072294203,0.31874,1318740.0,0.0
372,2021-07-16,,145.0,,70.0,2.0,200.0,1318940.0,0.00015165991780041743,0.3189400000000002,1318940.0,0.0
373,2021-07-19,,68.0,,124.0,-54.0,-5400.0,1313540.0,-0.004094196855050303,0.31354000000000015,1318940.0,-0.0054
374,2021-07-20,,4.2,,295.0,-171.0,-17100.0,1296440.0,-0.01301825601047546,0.29644000000000026,1318940.0,-0.0225
375,2021-07-21,288.0,0.4,118.0,420.0,-125.0,-12500.0,1283940.0,-0.009641788281756214,0.2839400000000003,1318940.0,-0.035
376,2021-07-22,,319.0,,47.0,68.0,6800.0,1290740.0,0.005296197641634359,0.2907400000000002,1318940.0,-0.0282
377,2021-07-23,,313.0,,37.5,9.5,950.0,1291690.0,0.0007360119001502685,0.2916900000000002,1318940.0,-0.02725
378,2021-07-26,,153.0,,55.0,-17.5,-1750.0,1289940.0,-0.0013548142356137882,0.2899400000000003,1318940.0,-0.029
379,2021-07-27,,85.0,,53.0,2.0,200.0,1290140.0,0.00015504597113036311,0.2901400000000003,1318940.0,-0.0288
380,2021-07-28,269.0,0.3,153.0,178.0,-125.0,-12500.0,1277640.0,-0.009688870975242958,0.27764000000000033,1318940.0,-0.0413
381,2021-07-29,,485.0,,30.0,120.0,12000.0,1289640.0,0.009392317084624846,0.28964000000000034,1318940.0,-0.0293
382,2021-07-30,,358.0,,55.0,-25.0,-2500.0,1287140.0,-0.0019385254799788587,0.2871400000000004,1318940.0,-0.0318
383,2021-08-02,,575.0,,5.9,49.1,4910.0,1292050.0,0.0038146588560685757,0.2920500000000006,1318940.0,-0.02689
384,2021-08-03,,600.0,,1.8,4.1,409.99999999999994,1292460.0,0.00031732518091409645,0.2924600000000006,1318940.0,-0.02648
385,2021-08-04,174.0,655.0,108.0,655.0,-653.2,-65320.00000000001,1227140.0,-0.0505392816798973,0.22714000000000056,1318940.0,-0.0918
386,2021-08-05,,147.0,,104.0,1.0,100.0,1227240.0,8.149029450588152e-05,0.22724000000000055,1318940.0,-0.0917
387,2021-08-06,,82.0,,143.0,-39.0,-3900.0,1223340.0,-0.0031778625207783406,0.22334000000000054,1318940.0,-0.0956
388,2021-08-09,,41.5,,139.0,4.0,400.0,1223740.0,0.0003269736949662594,0.2237400000000005,1318940.0,-0.0952
389,2021-08-10,,3.0,,217.0,-78.0,-7800.0,1215940.0,-0.006373902953241695,0.21594000000000046,1318940.0,-0.103
390,2021-08-11,169.0,0.1,146.0,379.0,-162.0,-16200.0,1199740.0,-0.013323025807194466,0.19974000000000047,1318940.0,-0.1192
391,2021-08-12,,143.0,,133.0,10.0,1000.0,1200740.0,0.0008335139280177817,0.20074000000000058,1318940.0,-0.1182
392,2021-08-13,,39.0,,255.0,-122.0,-12200.0,1188540.0,-0.010160401085996917,0.1885400000000006,1318940.0,-0.1304
393,2021-08-16,,7.0,,388.0,-133.0,-13300.0,1175240.0,-0.011190199740858553,0.1752400000000005,1318940.0,-0.1437
394,2021-08-17,,1.4,,575.0,-187.0,-18700.0,1156540.0,-0.015911643579183843,0.15654000000000057,1318940.0,-0.1624
395,2021-08-18,194.0,0.1,123.0,362.0,213.0,21300.0,1177840.0,0.01841700243830746,0.17784000000000066,1318940.0,-0.1411
396,2021-08-19,,47.5,,351.0,-231.0,-23100.0,1154740.0,-0.01961217143245264,0.15474000000000054,1318940.0,-0.1642
397,2021-08-20,,18.0,,463.0,-112.0,-11200.0,1143540.0,-0.009699153056099252,0.14354000000000045,1318940.0,-0.1754
398,2021-08-23,,127.0,,86.0,377.0,37700.0,1181240.0,0.032967801738461366,0.1812400000000005,1318940.0,-0.1377
399,2021-08-24,,157.0,,22.0,64.0,6400.0,1187640.0,0.005418035284954881,0.1876400000000007,1318940.0,-0.1313
400,2021-08-25,183.0,309.0,139.0,0.1,21.9,2190.0,1189830.0,0.001843993129231114,0.18983000000000083,1318940.0,-0.12911
401,2021-08-26,,198.0,,112.0,24.0,2400.0,1192230.0,0.0020170948791002896,0.1922300000000008,1318940.0,-0.12671
402,2021-08-27,,297.0,,46.0,66.0,6600.0,1198830.0,0.0055358445937445655,0.19883000000000095,1318940.0,-0.12011
403,2021-08-30,,425.0,,8.4,37.6,3760.0,1202590.0,0.0031363913148654277,0.20259000000000116,1318940.0,-0.11635
404,2021-08-31,,530.0,,1.7,6.7,670.0,1203260.0,0.000557130859228927,0.20326000000000133,1318940.0,-0.11568
405,2021-09-01,174.0,545.0,121.0,0.2,1.5,150.0,1203410.0,0.00012466133670185897,0.2034100000000012,1318940.0,-0.11553
406,2021-09-02,,84.0,,195.0,-77.0,-7700.0,1195710.0,-0.006398484307093999,0.19571000000000116,1318940.0,-0.12323
407,2021-09-03,,165.0,,91.0,104.0,10400.0,1206110.0,0.008697761162823836,0.20611000000000135,1318940.0,-0.11283
408,2021-09-06,,114.0,,62.0,29.0,2900.0,1209010.0,0.0024044241404184152,0.20901000000000147,1318940.0,-0.10993
409,2021-09-07,,52.0,,64.0,-2.0,-200.0,1208810.0,-0.00016542460360124966,0.2088100000000015,1318940.0,-0.11013
410,2021-09-08,167.0,0.1,159.0,258.0,-194.0,-19400.0,1189410.0,-0.016048841422556026,0.1894100000000014,1318940.0,-0.12953
411,2021-09-09,,146.0,,156.0,0.0,0.0,1189410.0,0.0,0.1894100000000014,1318940.0,-0.12953
412,2021-09-10,,271.0,,43.5,112.5,11250.0,1200660.0,0.00945847100663344,0.2006600000000014,1318940.0,-0.11828
413,2021-09-13,,220.0,,30.0,13.5,1350.0,1202010.0,0.0011243815901254006,0.20201000000000136,1318940.0,-0.11693
414,2021-09-14,,220.0,,9.5,20.5,2050.0,1204060.0,0.0017054766599280402,0.20406000000000146,1318940.0,-0.11488
415,2021-09-15,156.0,132.0,102.0,0.1,9.4,940.0,1205000.0,0.0007806919920934074,0.2050000000000014,1318940.0,-0.11394
416,2021-09-16,,97.0,,117.0,-18.0,-1800.0,1203200.0,-0.0014937759336099976,0.20320000000000138,1318940.0,-0.11574
417,2021-09-17,,94.0,,79.0,38.0,3800.0,1207000.0,0.00315824468085113,0.2070000000000014,1318940.0,-0.11194
418,2021-09-22,194.0,0.1,174.0,383.0,-304.0,-30400.0,1176600.0,-0.02518641259320631,0.17660000000000142,1318940.0,-0.14234
419,2021-09-23,,270.0,,65.0,106.0,10600.0,1187200.0,0.009009009009008917,0.18720000000000137,1318940.0,-0.13174
420,2021-09-24,,382.0,,21.5,43.5,4350.0,1191550.0,0.0036640835579515585,0.19155000000000144,1318940.0,-0.12739
421,2021-09-27,,415.0,,6.3,15.2,1520.0,1193070.0,0.001275649364273379,0.1930700000000014,1318940.0,-0.12587
422,2021-09-28,,292.0,,5.4,0.9,90.0,1193160.0,7.543564082568288e-05,0.19316000000000133,1318940.0,-0.12578
423,2021-09-29,202.0,0.1,163.0,76.0,-70.6,-7059.999999999999,1186100.0,-0.005917060578631506,0.18610000000000126,1318940.0,-0.13284
424,2021-09-30,,240.0,,96.0,64.0,6400.0,1192500.0,0.005395835089790024,0.19250000000000123,1318940.0,-0.12644
425,2021-10-01,,46.0,,296.0,-200.0,-20000.0,1172500.0,-0.016771488469601636,0.1725000000000012,1318940.0,-0.14644
426,2021-10-04,,8.7,,418.0,-122.0,-12200.0,1160300.0,-0.010405117270788966,0.16030000000000122,1318940.0,-0.15864
427,2021-10-05,,1.9,,381.0,37.0,3700.0,1164000.0,0.00318883047487728,0.16400000000000126,1318940.0,-0.15494
428,2021-10-06,198.0,0.1,172.0,438.0,-57.0,-5700.0,1158300.0,-0.004896907216494828,0.15830000000000122,1318940.0,-0.16064
429,2021-10-07,,409.0,,50.0,119.0,11900.0,1170200.0,0.010273676940343535,0.17020000000000124,1318940.0,-0.14874
430,2021-10-08,,338.0,,53.0,-3.0,-300.0,1169900.0,-0.00025636643308835083,0.16990000000000127,1318940.0,-0.14904
431,2021-10-12,,130.0,,50.0,3.0,300.0,1170200.0,0.00025643217368997995,0.17020000000000124,1318940.0,-0.14874
432,2021-10-13,216.0,20.0,194.0,0.1,49.9,4990.0,1175190.0,0.004264228337036435,0.1751900000000013,1318940.0,-0.14375
433,2021-10-14,,222.0,,118.0,73.0,7300.0,1182490.0,0.00621176150239533,0.18249000000000137,1318940.0,-0.13645
434,2021-10-15,,496.0,,15.5,102.5,10250.0,1192740.0,0.008668149413525672,0.19274000000000147,1318940.0,-0.1262
435,2021-10-18,,430.0,,9.3,6.2,620.0,1193360.0,0.0005198115264013481,0.1933600000000013,1318940.0,-0.12558
436,2021-10-19,,605.0,,1.4,7.9,790.0,1194150.0,0.0006619963799692208,0.19415000000000138,1318940.0,-0.12479
437,2021-10-20,180.0,585.0,113.0,0.1,1.3,130.0,1194280.0,0.00010886404555532359,0.19428000000000134,1318940.0,-0.12466
438,2021-10-21,,119.0,,131.0,-21.0,-2100.0,1192180.0,-0.0017583816190508417,0.19218000000000135,1318940.0,-0.12676
439,2021-10-22,,120.0,,95.0,36.0,3600.0,1195780.0,0.00301967823650795,0.1957800000000014,1318940.0,-0.12316
440,2021-10-25,,116.0,,50.0,45.0,4500.0,1200280.0,0.0037632340397062425,0.20028000000000135,1318940.0,-0.11866
441,2021-10-26,,215.0,,7.1,42.9,4290.0,1204570.0,0.0035741660279267062,0.20457000000000125,1318940.0,-0.11437
442,2021-10-27,151.0,207.0,114.0,0.1,7.0,700.0,1205270.0,0.0005811202337764332,0.2052700000000014,1318940.0,-0.11367
443,2021-10-28,,117.0,,111.0,0.0,0.0,1205270.0,0.0,0.2052700000000014,1318940.0,-0.11367
444,2021-10-29,,67.0,,151.0,-40.0,-4000.0,1201270.0,-0.0033187584524629887,0.2012700000000014,1318940.0,-0.11767
445,2021-11-01,,102.0,,57.0,94.0,9400.0,1210670.0,0.007825051820157025,0.21067000000000147,1318940.0,-0.10827
446,2021-11-02,,55.0,,46.5,10.5,1050.0,1211720.0,0.0008672883609901483,0.21172000000000146,1318940.0,-0.10722
447,2021-11-03,157.0,62.0,108.0,0.2,46.3,4630.0,1216350.0,0.0038210147558841445,0.21635000000000137,1318940.0,-0.10259
448,2021-11-04,,127.0,,98.0,7.0,700.0,1217050.0,0.0005754922514078498,0.2170500000000013,1318940.0,-0.10189
449,2021-11-05,,253.0,,27.0,71.0,7100.0,1224150.0,0.005833778398586675,0.22415000000000118,1318940.0,-0.09479
450,2021-11-08,,378.0,,3.5,23.5,2350.0,1226500.0,0.0019196993832455433,0.22650000000000126,1318940.0,-0.09244
451,2021-11-09,,500.0,,1.4,2.1,210.0,1226710.0,0.00017121891561355795,0.2267100000000013,1318940.0,-0.09223
452,2021-11-10,125.0,500.0,120.0,0.3,1.1,110.00000000000001,1226820.0,8.967074532684194e-05,0.22682000000000113,1318940.0,-0.09212
453,2021-11-11,,75.0,,152.0,-35.0,-3500.0,1223320.0,-0.002852904256533173,0.22332000000000107,1318940.0,-0.09562
454,2021-11-12,,90.0,,96.0,56.0,5600.0,1228920.0,0.00457770656900891,0.22892000000000112,1318940.0,-0.09002
455,2021-11-15,,145.0,,29.0,67.0,6700.0,1235620.0,0.005451941542167216,0.23562000000000127,1318940.0,-0.08332
456,2021-11-16,,159.0,,7.3,21.7,2170.0,1237790.0,0.0017562033634936913,0.23779000000000128,1318940.0,-0.08115
457,2021-11-17,123.0,172.0,93.0,0.2,7.1,710.0,1238500.0,0.0005736029536511644,0.23850000000000104,1318940.0,-0.08044
458,2021-11-18,,175.0,,56.0,34.0,3400.0,1241900.0,0.002745256358498205,0.24190000000000111,1318940.0,-0.07704
459,2021-11-19,,160.0,,50.0,6.0,600.0,1242500.0,0.0004831306868506857,0.24250000000000105,1318940.0,-0.07644
460,2021-11-22,,132.0,,39.0,11.0,1100.0,1243600.0,0.0008853118712273123,0.24360000000000093,1318940.0,-0.07534
461,2021-11-23,,14.5,,92.0,-53.0,-5300.0,1238300.0,-0.004261820521067827,0.23830000000000107,1318940.0,-0.08064
462,2021-11-24,137.0,0.1,95.0,100.0,-8.0,-800.0,1237500.0,-0.0006460469999192142,0.23750000000000115,1318940.0,-0.08144
463,2021-11-25,,122.0,,82.0,10.0,1000.0,1238500.0,0.0008080808080808133,0.23850000000000127,1318940.0,-0.08044
464,2021-11-26,,13.0,,308.0,-226.0,-22600.0,1215900.0,-0.01824788050060555,0.2159000000000013,1318940.0,-0.10304
465,2021-11-29,,5.6,,330.0,-22.0,-2200.0,1213700.0,-0.0018093593223127424,0.21370000000000133,1318940.0,-0.10524
466,2021-11-30,,2.0,,300.0,30.0,3000.0,1216700.0,0.0024717805058911413,0.21670000000000145,1318940.0,-0.10224
467,2021-12-01,174.0,0.3,125.0,35.0,265.0,26500.0,1243200.0,0.021780225199309555,0.24320000000000142,1318940.0,-0.07574
468,2021-12-02,,245.0,,78.0,44.0,4400.0,1247600.0,0.0035392535392535507,0.24760000000000137,1318940.0,-0.07134
469,2021-12-03,,232.0,,64.0,14.0,1400.0,1249000.0,0.0011221545367103847,0.24900000000000122,1318940.0,-0.06994
470,2021-12-06,,200.0,,40.0,24.0,2400.0,1251400.0,0.0019215372297838318,0.2514000000000012,1318940.0,-0.06754
471,2021-12-07,,274.0,,5.3,34.7,3470.0000000000005,1254870.0,0.0027728943583187338,0.25487000000000126,1318940.0,-0.06407
472,2021-12-08,137.0,331.0,134.0,0.3,5.0,500.0,1255370.0,0.00039844764796348464,0.2553700000000012,1318940.0,-0.06357
473,2021-12-09,,145.0,,85.0,46.0,4600.0,1259970.0,0.003664258346145033,0.25997000000000137,1318940.0,-0.05897
474,2021-12-10,,85.0,,117.0,-32.0,-3200.0,1256770.0,-0.002539743009754236,0.2567700000000013,1318940.0,-0.06217
475,2021-12-13,,30.5,,127.0,-10.0,-1000.0,1255770.0,-0.0007956905400351433,0.2557700000000014,1318940.0,-0.06317
476,2021-12-14,,2.7,,253.0,-126.0,-12600.0,1243170.0,-0.010033684512291252,0.24317000000000144,1318940.0,-0.07577
477,2021-12-15,178.0,0.1,99.0,221.0,32.0,3200.0,1246370.0,0.0025740646894631958,0.2463700000000013,1318940.0,-0.07257
478,2021-12-16,,302.0,,23.5,72.5,7250.0,1253620.0,0.00581689225510873,0.2536200000000013,1318940.0,-0.06532
479,2021-12-17,,286.0,,30.0,-6.5,-650.0,1252970.0,-0.0005184984285508953,0.25297000000000125,1318940.0,-0.06597
480,2021-12-20,,128.0,,70.0,-40.0,-4000.0,1248970.0,-0.0031924148223819726,0.24897000000000125,1318940.0,-0.06997
481,2021-12-21,,270.0,,4.2,65.8,6580.0,1255550.0,0.0052683411130771685,0.2555500000000013,1318940.0,-0.06339
482,2021-12-22,140.0,266.0,84.0,0.1,4.1,409.99999999999994,1255960.0,0.0003265501174782859,0.2559600000000011,1318940.0,-0.06298
483,2021-12-23,,212.0,,39.5,41.5,4150.0,1260110.0,0.0033042453581324516,0.2601100000000012,1318940.0,-0.05883
484,2021-12-24,,198.0,,24.0,15.5,1550.0,1261660.0,0.0012300513447238703,0.2616600000000011,1318940.0,-0.05728
485,2021-12-27,,290.0,,6.2,17.8,1780.0,1263440.0,0.0014108396873959705,0.263440000000001,1318940.0,-0.0555
486,2021-12-28,,415.0,,1.3,4.9,490.00000000000006,1263930.0,0.0003878300512885069,0.2639300000000009,1318940.0,-0.05501
487,2021-12-29,137.0,470.0,95.0,0.1,1.2,120.0,1264050.0,9.494196672288346e-05,0.264050000000001,1318940.0,-0.05489
488,2021-12-30,,86.0,,103.0,-11.0,-1100.0,1262950.0,-0.000870218741347295,0.2629500000000009,1318940.0,-0.05599
489,2022-01-03,,82.0,,44.5,58.5,5850.0,1268800.0,0.0046320123520329215,0.2688000000000008,1318940.0,-0.05014
490,2022-01-04,,280.0,,2.8,41.7,4170.0,1272970.0,0.0032865699873896315,0.2729700000000008,1318940.0,-0.04597
491,2022-01-05,146.0,216.0,104.0,0.1,2.7,270.0,1273240.0,0.00021210240618385612,0.2732400000000006,1318940.0,-0.0457
492,2022-01-06,,72.0,,173.0,-72.0,-7200.0,1266040.0,-0.005654864754484623,0.2660400000000005,1318940.0,-0.0529
493,2022-01-07,,20.0,,312.0,-139.0,-13900.0,1252140.0,-0.010979115983697163,0.2521400000000005,1318940.0,-0.0668
494,2022-01-10,,16.5,,198.0,114.0,11400.0,1263540.0,0.009104413244525267,0.26354000000000033,1318940.0,-0.0554
495,2022-01-11,,7.0,,163.0,35.0,3500.0,1267040.0,0.0027699954097217816,0.26704000000000017,1318940.0,-0.0519
496,2022-01-12,153.0,0.3,127.0,133.0,30.0,3000.0,1270040.0,0.002367723197373328,0.27004000000000006,1318940.0,-0.0489
497,2022-01-13,,171.0,,96.0,28.0,2800.0,1272840.0,0.002204654971496911,0.27283999999999997,1318940.0,-0.0461
498,2022-01-14,,108.0,,96.0,0.0,0.0,1272840.0,0.0,0.27283999999999997,1318940.0,-0.0461
499,2022-01-17,,185.0,,25.5,70.5,7050.0,1279890.0,0.005538795135288099,0.27988999999999997,1318940.0,-0.03905
500,2022-01-18,,56.0,,58.0,-32.5,-3250.0,1276640.0,-0.002539280719436876,0.27664,1318940.0,-0.0423
501,2022-01-19,217.0,0.1,144.0,132.0,-74.0,-7400.0,1269240.0,-0.005796465722521571,0.26924000000000015,1318940.0,-0.0497
502,2022-01-20,,230.0,,78.0,63.0,6300.0,1275540.0,0.00496360026472531,0.2755400000000001,1318940.0,-0.0434
503,2022-01-21,,55.0,,232.0,-154.0,-15400.0,1260140.0,-0.012073317967292274,0.26014000000000004,1318940.0,-0.0588
504,2022-01-24,,40.0,,154.0,78.0,7800.0,1267940.0,0.0061897884362054345,0.26793999999999984,1318940.0,-0.051
505,2022-01-25,,2.7,,400.0,-246.0,-24600.0,1243340.0,-0.019401548969194105,0.2433399999999999,1318940.0,-0.0756
506,2022-01-26,264.0,0.2,219.0,387.0,13.0,1300.0,1244640.0,0.0010455708012289122,0.24463999999999975,1318940.0,-0.0743
507,2022-02-07,124.0,281.0,65.0,0.2,215.8,21580.0,1266220.0,0.01733834683121227,0.2662199999999997,1318940.0,-0.05272
508,2022-02-08,,120.0,,20.5,41.5,4150.0,1270370.0,0.0032774715294341394,0.2703699999999998,1318940.0,-0.04857
509,2022-02-09,134.0,296.0,116.0,0.1,20.4,2039.9999999999998,1272410.0,0.0016058313719624628,0.2724099999999998,1318940.0,-0.04653
510,2022-02-10,,235.0,,47.0,66.0,6600.0,1279010.0,0.005187007332542182,0.27900999999999976,1318940.0,-0.03993
511,2022-02-11,,196.0,,72.0,-25.0,-2500.0,1276510.0,-0.0019546367893917838,0.2765099999999998,1318940.0,-0.04243
512,2022-02-14,,37.0,,213.0,-141.0,-14100.0,1262410.0,-0.011045741905664652,0.2624099999999998,1318940.0,-0.05653
513,2022-02-15,,9.5,,206.0,7.0,700.0,1263110.0,0.0005544949738991445,0.26310999999999973,1318940.0,-0.05583
514,2022-02-16,172.0,55.0,125.0,0.1,205.9,20590.0,1283700.0,0.01630103474756761,0.28369999999999984,1318940.0,-0.03524
515,2022-02-17,,178.0,,109.0,13.0,1300.0,1285000.0,0.0010126976707953705,0.2849999999999999,1318940.0,-0.03394
516,2022-02-18,,154.0,,103.0,6.0,600.0,1285600.0,0.00046692607003895326,0.2856000000000001,1318940.0,-0.03334
517,2022-02-21,,119.0,,78.0,25.0,2500.0,1288100.0,0.0019446172993153876,0.2881,1318940.0,-0.03084
518,2022-02-22,,4.0,,290.0,-212.0,-21200.0,1266900.0,-0.01645834950702585,0.26690000000000014,1318940.0,-0.05204
519,2022-02-23,189.0,0.1,117.0,124.0,166.0,16600.0,1283500.0,0.013102849475096656,0.2835000000000001,1318940.0,-0.03544
520,2022-02-24,,24.0,,478.0,-364.0,-36400.0,1247100.0,-0.028359953252824255,0.2471000000000001,1318940.0,-0.07184
521,2022-02-25,,13.5,,372.0,106.0,10600.0,1257700.0,0.008499719348889379,0.25770000000000004,1318940.0,-0.06124
522,2022-03-01,,31.0,,102.0,270.0,27000.0,1284700.0,0.021467758606980913,0.28469999999999995,1318940.0,-0.03424
523,2022-03-02,215.0,0.2,148.0,104.0,-2.0,-200.0,1284500.0,-0.00015567836849073036,0.2845,1318940.0,-0.03444
524,2022-03-03,,252.0,,101.0,44.0,4400.0,1288900.0,0.0034254573764109786,0.28889999999999993,1318940.0,-0.03004
525,2022-03-04,,104.0,,208.0,-107.0,-10700.0,1278200.0,-0.008301652571960583,0.2782,1318940.0,-0.04074
526,2022-03-07,,3.6,,700.0,-492.0,-49200.0,1229000.0,-0.038491628853074666,0.22899999999999987,1318940.0,-0.08994
527,2022-03-08,,0.8,,1040.0,-340.0,-34000.0,1195000.0,-0.02766476810414975,0.19499999999999984,1318940.0,-0.12394
528,2022-03-09,253.0,0.1,201.0,750.0,290.0,29000.0,1224000.0,0.024267782426778295,0.22399999999999998,1318940.0,-0.09494
529,2022-03-10,,600.0,,54.0,144.0,14400.0,1238400.0,0.0117647058823529,0.23839999999999995,1318940.0,-0.08054
530,2022-03-11,,399.0,,77.0,-23.0,-2300.0,1236100.0,-0.0018572351421188849,0.23609999999999998,1318940.0,-0.08284
531,2022-03-14,,366.0,,32.0,45.0,4500.0,1240600.0,0.0036404821616373706,0.24059999999999993,1318940.0,-0.07834
532,2022-03-15,,86.0,,102.0,-70.0,-7000.0,1233600.0,-0.005642431081734678,0.2335999999999998,1318940.0,-0.08534
533,2022-03-16,264.0,37.0,196.0,0.1,101.9,10190.0,1243790.0,0.008260376134889835,0.24378999999999995,1318940.0,-0.07515
534,2022-03-17,,605.0,,28.5,164.5,16450.0,1260240.0,0.013225705303949953,0.2602399999999998,1318940.0,-0.0587
535,2022-03-18,,545.0,,25.0,3.5,350.0,1260590.0,0.00027772487780097777,0.26058999999999966,1318940.0,-0.05835
536,2022-03-21,,625.0,,5.7,19.3,1930.0,1262520.0,0.001531029121284444,0.26251999999999964,1318940.0,-0.05642
537,2022-03-22,,655.0,,1.0,4.7,470.0,1262990.0,0.00037227133035511173,0.2629899999999996,1318940.0,-0.05595
538,2022-03-23,147.0,805.0,123.0,0.1,0.9,90.0,1263080.0,7.125947157149426e-05,0.26307999999999976,1318940.0,-0.05586
539,2022-03-24,,117.0,,125.0,-5.0,-500.0,1262580.0,-0.0003958577445609679,0.2625799999999996,1318940.0,-0.05636
540,2022-03-25,,80.0,,133.0,-8.0,-800.0,1261780.0,-0.0006336232159546151,0.2617799999999997,1318940.0,-0.05716
541,2022-03-28,,7.5,,251.0,-118.0,-11800.0,1249980.0,-0.009351867996005625,0.24997999999999965,1318940.0,-0.06896
542,2022-03-29,,6.3,,141.0,110.0,11000.0,1260980.0,0.008800140802252887,0.26097999999999977,1318940.0,-0.05796
543,2022-03-30,153.0,58.0,97.0,0.1,140.9,14090.0,1275070.0,0.011173848911164352,0.2750699999999997,1318940.0,-0.04387
544,2022-03-31,,95.0,,132.0,-38.0,-3800.0,1271270.0,-0.0029802285364725067,0.2712699999999997,1318940.0,-0.04767
545,2022-04-01,,39.5,,162.0,-30.0,-3000.0,1268270.0,-0.002359844879529893,0.2682699999999998,1318940.0,-0.05067
546,2022-04-06,154.0,0.1,133.0,188.0,-26.0,-2600.0,1265670.0,-0.002050036664117294,0.26566999999999985,1318940.0,-0.05327
547,2022-04-07,,26.0,,370.0,-240.0,-24000.0,1241670.0,-0.0189622887482519,0.24166999999999983,1318940.0,-0.07727
548,2022-04-08,,39.0,,224.0,146.0,14600.0,1256270.0,0.011758357695684118,0.25627,1318940.0,-0.06267
549,2022-04-11,,3.1,,442.0,-218.0,-21800.0,1234470.0,-0.017352957564854665,0.23446999999999996,1318940.0,-0.08447
550,2022-04-12,,0.7,,490.0,-48.0,-4800.0,1229670.0,-0.0038883083428515874,0.22967000000000004,1318940.0,-0.08927
551,2022-04-13,158.0,0.1,142.0,189.0,301.0,30100.0,1259770.0,0.02447811201379224,0.25977000000000006,1318940.0,-0.05917
552,2022-04-14,,139.0,,140.0,-1.0,-100.0,1259670.0,-7.937956928649736e-05,0.25967000000000007,1318940.0,-0.05927
553,2022-04-15,,18.0,,338.0,-198.0,-19800.0,1239870.0,-0.015718402438733903,0.23987000000000003,1318940.0,-0.07907
554,2022-04-18,,4.7,,420.0,-82.0,-8200.0,1231670.0,-0.006613596586738879,0.23167000000000004,1318940.0,-0.08727
555,2022-04-19,,1.2,,300.0,120.0,12000.0,1243670.0,0.009742869437430413,0.24367000000000005,1318940.0,-0.07527
556,2022-04-20,175.0,0.1,131.0,175.0,125.0,12500.0,1256170.0,0.010050897746186616,0.25617,1318940.0,-0.06277
557,2022-04-21,,184.0,,91.0,37.0,3700.0,1259870.0,0.0029454612034995886,0.25987000000000005,1318940.0,-0.05907
558,2022-04-22,,92.0,,127.0,-36.0,-3600.0,1256270.0,-0.00285743767214075,0.25627,1318940.0,-0.06267
559,2022-04-25,,4.2,,453.0,-326.0,-32600.0,1223670.0,-0.025949835624507478,0.22367000000000004,1318940.0,-0.09527
560,2022-04-26,,1.2,,435.0,18.0,1800.0,1225470.0,0.0014709848243399382,0.22547000000000006,1318940.0,-0.09347
561,2022-04-27,220.0,0.1,158.0,750.0,-315.0,-31500.0,1193970.0,-0.025704423608901128,0.19396999999999998,1318940.0,-0.12497
562,2022-04-28,,264.0,,111.0,44.0,4400.0,1198370.0,0.0036851847198839938,0.19836999999999994,1318940.0,-0.12057
563,2022-04-29,,386.0,,39.0,72.0,7200.0,1205570.0,0.006008161085474528,0.20557000000000003,1318940.0,-0.11337
564,2022-05-03,,267.0,,16.0,23.0,2300.0,1207870.0,0.0019078112428145833,0.20787,1318940.0,-0.11107
565,2022-05-04,196.0,291.0,161.0,0.1,15.9,1590.0,1209460.0,0.0013163668275559814,0.20945999999999998,1318940.0,-0.10948
566,2022-05-05,,261.0,,56.0,102.0,10200.0,1219660.0,0.0084335157839035,0.21965999999999997,1318940.0,-0.09928
567,2022-05-06,,74.0,,201.0,-145.0,-14500.0,1205160.0,-0.01188855910663622,0.20516,1318940.0,-0.11378
568,2022-05-09,,4.3,,456.0,-255.0,-25500.0,1179660.0,-0.021159016230210104,0.17965999999999993,1318940.0,-0.13928
569,2022-05-10,,1.4,,435.0,21.0,2100.0,1181760.0,0.0017801739484257784,0.18175999999999992,1318940.0,-0.13718
570,2022-05-11,193.0,0.2,184.0,473.0,-38.0,-3800.0,1177960.0,-0.0032155429190360296,0.1779599999999999,1318940.0,-0.14098
571,2022-05-12,,46.5,,418.0,-237.0,-23700.0,1154260.0,-0.02011952867669531,0.15425999999999984,1318940.0,-0.16468
572,2022-05-13,,71.0,,222.0,196.0,19600.0,1173860.0,0.016980576299967076,0.1738599999999999,1318940.0,-0.14508
573,2022-05-16,,64.0,,141.0,81.0,8100.0,1181960.0,0.0069003117918662316,0.1819599999999999,1318940.0,-0.13698
574,2022-05-17,,106.0,,29.0,112.0,11200.0,1193160.0,0.009475785982605123,0.19315999999999978,1318940.0,-0.12578
575,2022-05-18,205.0,301.0,123.0,0.1,28.9,2890.0,1196050.0,0.002422139528646561,0.1960499999999996,1318940.0,-0.12289
576,2022-05-19,,75.0,,272.0,-152.0,-15200.0,1180850.0,-0.012708498808578272,0.1808499999999995,1318940.0,-0.13809
577,2022-05-20,,141.0,,121.0,151.0,15100.0,1195950.0,0.012787398907566638,0.19594999999999962,1318940.0,-0.12299
578,2022-05-23,,130.0,,100.0,21.0,2100.0,1198050.0,0.0017559262510975504,0.19804999999999984,1318940.0,-0.12089
579,2022-05-24,,10.0,,193.0,-93.0,-9300.0,1188750.0,-0.007762614248153277,0.18874999999999975,1318940.0,-0.13019
580,2022-05-25,184.0,5.0,140.0,0.2,192.8,19280.0,1208030.0,0.01621871713985268,0.20802999999999972,1318940.0,-0.11091
581,2022-05-26,,116.0,,184.0,-47.0,-4700.0,1203330.0,-0.0038906318551691355,0.2033299999999998,1318940.0,-0.11561
582,2022-05-27,,250.0,,44.5,139.5,13950.0,1217280.0,0.011592829897035806,0.21727999999999992,1318940.0,-0.10166
583,2022-05-30,,540.0,,3.2,41.3,4130.0,1221410.0,0.003392810199789764,0.2214100000000001,1318940.0,-0.09753
584,2022-05-31,,660.0,,1.1,2.1,210.0,1221620.0,0.0001719324387388088,0.22162000000000015,1318940.0,-0.09732
585,2022-06-01,164.0,665.0,134.0,0.1,1.0,100.0,1221720.0,8.185851574138425e-05,0.22172000000000014,1318940.0,-0.09722
586,2022-06-02,,114.0,,158.0,-27.0,-2700.0,1219020.0,-0.002209999017778186,0.21902000000000021,1318940.0,-0.09992
587,2022-06-06,,103.0,,74.0,84.0,8400.0,1227420.0,0.006890781119259781,0.22742000000000018,1318940.0,-0.09152
588,2022-06-07,,17.0,,129.0,-55.0,-5500.0,1221920.0,-0.004480943768229273,0.22192000000000012,1318940.0,-0.09702
589,2022-06-08,171.0,59.0,127.0,0.1,128.9,12890.0,1234810.0,0.010548972109467147,0.23481000000000019,1318940.0,-0.08413
590,2022-06-09,,123.0,,138.0,-14.0,-1400.0,1233410.0,-0.001133777666199709,0.23341000000000012,1318940.0,-0.08553
591,2022-06-10,,68.0,,195.0,-57.0,-5700.0,1227710.0,-0.004621334349486417,0.22771000000000008,1318940.0,-0.09123
592,2022-06-13,,2.8,,550.0,-355.0,-35500.0,1192210.0,-0.028915623396404744,0.19221,1318940.0,-0.12673
593,2022-06-14,,1.3,,550.0,0.0,0.0,1192210.0,0.0,0.19221,1318940.0,-0.12673
594,2022-06-15,495.0,0.2,75.0,540.0,10.0,1000.0,1193210.0,0.0008387784031336221,0.19320999999999988,1318940.0,-0.12573
595,2022-06-16,,367.0,,86.0,-14.0,-1400.0,1191810.0,-0.001173305620971954,0.19181000000000004,1318940.0,-0.12713
596,2022-06-17,,207.0,,123.0,-37.0,-3700.0,1188110.0,-0.003104521693894191,0.18811,1318940.0,-0.13083
597,2022-06-20,,65.0,,156.0,-33.0,-3300.0,1184810.0,-0.0027775205999444053,0.18481000000000014,1318940.0,-0.13413
598,2022-06-21,,227.0,,11.0,145.0,14500.0,1199310.0,0.012238249170753113,0.1993100000000001,1318940.0,-0.11963
599,2022-06-22,348.0,0.1,108.0,112.0,-101.0,-10100.0,1189210.0,-0.008421509034361452,0.1892100000000001,1318940.0,-0.12973
600,2022-06-23,,288.0,,120.0,-15.0,-1500.0,1187710.0,-0.0012613415628862645,0.18771000000000004,1318940.0,-0.13123
601,2022-06-24,,340.0,,60.0,60.0,6000.0,1193710.0,0.005051738218925461,0.19371000000000005,1318940.0,-0.12523
602,2022-06-27,,510.0,,6.5,53.5,5350.0,1199060.0,0.0044818255690242115,0.19906000000000001,1318940.0,-0.11988
603,2022-06-28,,425.0,,2.4,4.1,409.99999999999994,1199470.0,0.0003419345153703457,0.19947000000000004,1318940.0,-0.11947
604,2022-06-29,244.0,261.0,128.0,0.1,2.3,229.99999999999997,1199700.0,0.0001917513568492346,0.1997,1318940.0,-0.11924
605,2022-06-30,,74.0,,350.0,-225.0,-22500.0,1177200.0,-0.018754688672168007,0.17720000000000002,1318940.0,-0.14174
606,2022-07-01,,8.8,,735.0,-385.0,-38500.0,1138700.0,-0.032704723071695585,0.13870000000000005,1318940.0,-0.18024
607,2022-07-04,,2.4,,750.0,-15.0,-1500.0,1137200.0,-0.0013172916483709107,0.1372,1318940.0,-0.18174
608,2022-07-05,,1.0,,665.0,85.0,8500.0,1145700.0,0.007474498768906157,0.14570000000000016,1318940.0,-0.17324
609,2022-07-06,310.0,0.4,180.0,1050.0,-385.0,-38500.0,1107200.0,-0.033603910273195425,0.10720000000000018,1318940.0,-0.21174
610,2022-07-07,,490.0,,57.0,120.0,12000.0,1119200.0,0.010838150289017356,0.1192000000000002,1318940.0,-0.19974
611,2022-07-08,,600.0,,21.5,35.5,3550.0,1122750.0,0.003171908506075738,0.12275000000000014,1318940.0,-0.19619
612,2022-07-11,,525.0,,9.9,11.6,1160.0,1123910.0,0.0010331774660432558,0.12391000000000019,1318940.0,-0.19503
613,2022-07-12,,204.0,,38.0,-28.1,-2810.0,1121100.0,-0.002500200193965685,0.12110000000000021,1318940.0,-0.19784
614,2022-07-13,217.0,580.0,191.0,0.2,37.8,3779.9999999999995,1124880.0,0.0033716885202033087,0.1248800000000001,1318940.0,-0.19406
615,2022-07-14,,247.0,,114.0,74.0,7400.0,1132280.0,0.006578479482255872,0.13228000000000018,1318940.0,-0.18666
616,2022-07-15,,275.0,,51.0,63.0,6300.0,1138580.0,0.005563994771611291,0.13858000000000015,1318940.0,-0.18036
617,2022-07-18,,400.0,,8.0,43.0,4300.0,1142880.0,0.0037766340529430398,0.14288000000000012,1318940.0,-0.17606
618,2022-07-19,,432.0,,1.5,6.5,650.0,1143530.0,0.0005687386252275495,0.14353000000000016,1318940.0,-0.17541
619,2022-07-20,236.0,462.0,114.0,0.1,1.4,140.0,1143670.0,0.0001224279205618295,0.1436700000000002,1318940.0,-0.17527
620,2022-07-21,,304.0,,47.0,64.0,6400.0,1150070.0,0.005596019830895305,0.15007000000000015,1318940.0,-0.16887
621,2022-07-22,,296.0,,34.0,13.0,1300.0,1151370.0,0.0011303659777230912,0.15137000000000023,1318940.0,-0.16757
622,2022-07-25,,319.0,,13.5,20.5,2050.0,1153420.0,0.001780487593041391,0.15342000000000033,1318940.0,-0.16552
623,2022-07-26,,216.0,,8.4,5.1,509.99999999999994,1153930.0,0.0004421633056475027,0.15393000000000034,1318940.0,-0.16501
624,2022-07-27,215.0,286.0,115.0,0.1,8.3,830.0000000000001,1154760.0,0.0007192810655758386,0.15476000000000023,1318940.0,-0.16418
625,2022-07-28,,222.0,,78.0,34.0,3400.0,1158160.0,0.002944334753541833,0.1581600000000003,1318940.0,-0.16078
626,2022-07-29,,276.0,,30.0,48.0,4800.0,1162960.0,0.004144505077018801,0.16296000000000044,1318940.0,-0.15598
627,2022-08-01,,213.0,,28.5,1.5,150.0,1163110.0,0.00012898122033422332,0.1631100000000003,1318940.0,-0.15583
628,2022-08-02,,65.0,,119.0,-90.5,-9050.0,1154060.0,-0.007780863374917235,0.1540600000000003,1318940.0,-0.16488
629,2022-08-03,199.0,0.1,160.0,43.0,76.0,7600.0,1161660.0,0.006585446163977604,0.16166000000000036,1318940.0,-0.15728
630,2022-08-04,,170.0,,148.0,9.0,900.0,1162560.0,0.0007747533701771836,0.16256000000000048,1318940.0,-0.15638
631,2022-08-05,,405.0,,23.0,125.0,12500.0,1175060.0,0.01075213322323143,0.17506000000000044,1318940.0,-0.14388
632,2022-08-08,,349.0,,10.5,12.5,1250.0,1176310.0,0.0010637754667846,0.1763100000000004,1318940.0,-0.14263
633,2022-08-09,,390.0,,1.4,9.1,910.0,1177220.0,0.0007736055971641065,0.1772200000000006,1318940.0,-0.14172
634,2022-08-10,166.0,295.0,140.0,0.3,1.1,110.00000000000001,1177330.0,9.344047841519654e-05,0.17733000000000043,1318940.0,-0.14161
635,2022-08-11,,362.0,,23.0,114.0,11400.0,1188730.0,0.009682926622102572,0.1887300000000005,1318940.0,-0.13021
636,2022-08-12,,432.0,,8.1,14.9,1490.0,1190220.0,0.0012534385436557827,0.1902200000000005,1318940.0,-0.12872
637,2022-08-15,,540.0,,2.1,6.0,600.0,1190820.0,0.0005041084841457266,0.19082000000000043,1318940.0,-0.12812
638,2022-08-16,,580.0,,0.7,1.4,140.0,1190960.0,0.00011756604692569894,0.19096000000000046,1318940.0,-0.12798
639,2022-08-17,164.0,600.0,85.0,0.1,0.6,60.0,1191020.0,5.037952576070204e-05,0.1910200000000004,1318940.0,-0.12792
640,2022-08-18,,115.0,,99.0,-17.0,-1700.0,1189320.0,-0.0014273479874393757,0.18932000000000038,1318940.0,-0.12962
641,2022-08-19,,118.0,,64.0,35.0,3500.0,1192820.0,0.002942858103790469,0.19282000000000044,1318940.0,-0.12612
642,2022-08-22,,20.5,,143.0,-79.0,-7900.0,1184920.0,-0.0066229607149443925,0.18492000000000042,1318940.0,-0.13402
643,2022-08-23,,0.9,,270.0,-127.0,-12700.0,1172220.0,-0.010718023157681555,0.17222000000000048,1318940.0,-0.14672
644,2022-08-24,173.0,0.1,99.0,253.0,17.0,1700.0,1173920.0,0.0014502397160942593,0.17392000000000052,1318940.0,-0.14502
645,2022-08-25,,249.0,,37.5,58.5,5850.0,1179770.0,0.004983303802644112,0.17977000000000043,1318940.0,-0.13917
646,2022-08-26,,289.0,,20.0,17.5,1750.0,1181520.0,0.0014833399730456165,0.18152000000000035,1318940.0,-0.13742
647,2022-08-29,,33.0,,169.0,-149.0,-14900.0,1166620.0,-0.012610874128241578,0.16662000000000043,1318940.0,-0.15232
648,2022-08-30,,43.5,,52.0,117.0,11700.0,1178320.0,0.010028972587474927,0.17832000000000048,1318940.0,-0.14062
649,2022-08-31,192.0,78.0,119.0,0.2,51.8,5180.0,1183500.0,0.004396089347545651,0.18350000000000044,1318940.0,-0.13544
650,2022-09-01,,62.0,,287.0,-171.0,-17100.0,1166400.0,-0.01444866920152088,0.16640000000000055,1318940.0,-0.15254
651,2022-09-02,,20.0,,381.0,-94.0,-9400.0,1157000.0,-0.008058984910836786,0.15700000000000047,1318940.0,-0.16194
652,2022-09-05,,3.6,,356.0,25.0,2500.0,1159500.0,0.002160760587726962,0.15950000000000064,1318940.0,-0.15944
653,2022-09-06,,1.6,,333.0,23.0,2300.0,1161800.0,0.0019836136265631854,0.1618000000000006,1318940.0,-0.15714
654,2022-09-07,186.0,0.2,144.0,585.0,-252.0,-25200.0,1136600.0,-0.021690480289206393,0.1366000000000005,1318940.0,-0.18234
655,2022-09-08,,272.0,,50.0,91.0,9100.0,1145700.0,0.008006334682385985,0.14570000000000038,1318940.0,-0.17324
656,2022-09-12,,475.0,,3.2,46.8,4680.0,1150380.0,0.004084838963079429,0.1503800000000004,1318940.0,-0.16856
657,2022-09-13,,555.0,,0.7,2.5,250.0,1150630.0,0.00021731949442793663,0.15063000000000049,1318940.0,-0.16831
658,2022-09-14,179.0,316.0,151.0,0.1,0.6,60.0,1150690.0,5.214534646236224e-05,0.15069000000000043,1318940.0,-0.16825
659,2022-09-15,,189.0,,98.0,50.0,5000.0,1155690.0,0.004345218955583263,0.15569000000000055,1318940.0,-0.16325
660,2022-09-16,,86.0,,152.0,-54.0,-5400.0,1150290.0,-0.00467253329179973,0.15029000000000048,1318940.0,-0.16865
661,2022-09-19,,33.5,,165.0,-13.0,-1300.0,1148990.0,-0.001130149788314272,0.1489900000000004,1318940.0,-0.16995
662,2022-09-20,,56.0,,45.0,120.0,12000.0,1160990.0,0.010443955125806204,0.1609900000000004,1318940.0,-0.15795
663,2022-09-21,201.0,0.1,170.0,148.0,-103.0,-10300.0,1150690.0,-0.008871738774666404,0.15069000000000043,1318940.0,-0.16825
664,2022-09-22,,70.0,,212.0,-45.0,-4500.0,1146190.0,-0.0039106970600248925,0.1461900000000005,1318940.0,-0.17275
665,2022-09-23,,19.5,,281.0,-69.0,-6900.0,1139290.0,-0.006019944337326222,0.13929000000000058,1318940.0,-0.17965
666,2022-09-26,,1.9,,615.0,-334.0,-33400.0,1105890.0,-0.029316504138542476,0.10589000000000048,1318940.0,-0.21305
667,2022-09-27,,0.6,,570.0,45.0,4500.0,1110390.0,0.004069120798632753,0.11039000000000043,1318940.0,-0.20855
668,2022-09-28,197.0,0.2,175.0,900.0,-330.0,-33000.0,1077390.0,-0.02971928781779376,0.07739000000000051,1318940.0,-0.24155
669,2022-09-29,,172.0,,143.0,29.0,2900.0,1080290.0,0.002691690102933908,0.08029000000000042,1318940.0,-0.23865
670,2022-09-30,,101.0,,195.0,-52.0,-5200.0,1075090.0,-0.004813522294939365,0.07509000000000032,1318940.0,-0.24385
671,2022-10-03,,37.5,,224.0,-29.0,-2900.0,1072190.0,-0.0026974485856997577,0.07219000000000042,1318940.0,-0.24675
672,2022-10-04,,125.0,,29.5,194.5,19450.0,1091640.0,0.018140441526222073,0.09164000000000039,1318940.0,-0.2273
673,2022-10-05,145.0,322.0,130.0,0.1,29.4,2940.0,1094580.0,0.002693195558975514,0.09458000000000033,1318940.0,-0.22436
674,2022-10-06,,174.0,,93.0,34.0,3400.0,1097980.0,0.003106214255696349,0.0979800000000004,1318940.0,-0.22096
675,2022-10-07,,72.0,,178.0,-85.0,-8500.0,1089480.0,-0.0077414889160094535,0.08948000000000045,1318940.0,-0.22946
676,2022-10-11,,0.9,,690.0,-512.0,-51200.0,1038280.0,-0.0469948966479421,0.038280000000000536,1318940.0,-0.28066
677,2022-10-12,212.0,0.2,188.0,710.0,-20.0,-2000.0,1036280.0,-0.0019262626651770365,0.036280000000000534,1318940.0,-0.28266
678,2022-10-13,,113.0,,296.0,-111.0,-11100.0,1025180.0,-0.010711390743814442,0.025180000000000424,1318940.0,-0.29376
679,2022-10-14,,213.0,,95.0,201.0,20100.0,1045280.0,0.019606313037710432,0.04528000000000043,1318940.0,-0.27366
680,2022-10-17,,72.0,,146.0,-51.0,-5100.0,1040180.0,-0.0048790754630337885,0.04018000000000055,1318940.0,-0.27876
681,2022-10-18,,102.0,,52.0,94.0,9400.0,1049580.0,0.009036897460054982,0.049580000000000624,1318940.0,-0.26936
682,2022-10-19,195.0,0.1,168.0,51.0,1.0,100.0,1049680.0,9.527620572047368e-05,0.04968000000000061,1318940.0,-0.26926
683,2022-10-20,,137.0,,177.0,-12.0,-1200.0,1048480.0,-0.001143205548357562,0.048480000000000745,1318940.0,-0.27046
684,2022-10-21,,83.0,,214.0,-37.0,-3700.0,1044780.0,-0.0035289180528002007,0.04478000000000071,1318940.0,-0.27416
685,2022-10-24,,77.0,,141.0,73.0,7300.0,1052080.0,0.006987116904994428,0.05208000000000079,1318940.0,-0.26686
686,2022-10-25,,6.0,,270.0,-129.0,-12900.0,1039180.0,-0.012261424986693026,0.03918000000000088,1318940.0,-0.27976
687,2022-10-26,188.0,0.1,150.0,209.0,61.0,6100.0,1045280.0,0.005870012894782395,0.045280000000000875,1318940.0,-0.27366
688,2022-10-27,,316.0,,52.0,95.0,9500.0,1054780.0,0.009088473901729621,0.05478000000000072,1318940.0,-0.26416
689,2022-10-28,,165.0,,91.0,-39.0,-3900.0,1050880.0,-0.0036974534974117956,0.0508800000000007,1318940.0,-0.26806
690,2022-10-31,,260.0,,16.5,74.5,7450.0,1058330.0,0.007089296589525063,0.05833000000000088,1318940.0,-0.26061
691,2022-11-01,,340.0,,2.4,14.1,1410.0,1059740.0,0.0013322876607484435,0.05974000000000079,1318940.0,-0.2592
692,2022-11-02,187.0,386.0,141.0,0.2,2.2,220.00000000000003,1059960.0,0.00020759809009751606,0.05996000000000068,1318940.0,-0.25898
693,2022-11-03,,89.0,,171.0,-33.0,-3300.0,1056660.0,-0.0031133250311332628,0.0566600000000006,1318940.0,-0.26228
694,2022-11-04,,99.0,,111.0,60.0,6000.0,1062660.0,0.005678269263528435,0.0626600000000006,1318940.0,-0.25628
695,2022-11-07,,201.0,,18.5,92.5,9250.0,1071910.0,0.008704571546872986,0.07191000000000058,1318940.0,-0.24703
696,2022-11-08,,282.0,,2.9,15.6,1560.0,1073470.0,0.0014553460645017058,0.07347000000000059,1318940.0,-0.24547
697,2022-11-09,169.0,565.0,124.0,0.1,2.8,280.0,1073750.0,0.00026083635313511877,0.07375000000000065,1318940.0,-0.24519
698,2022-11-10,,109.0,,175.0,-54.0,-5400.0,1068350.0,-0.005029103608847452,0.0683500000000008,1318940.0,-0.25059
699,2022-11-11,,515.0,,9.2,165.8,16580.0,1084930.0,0.015519258669911551,0.08493000000000084,1318940.0,-0.23401
700,2022-11-14,,580.0,,2.7,6.5,650.0,1085580.0,0.00059911699372317,0.08558000000000088,1318940.0,-0.23336
701,2022-11-15,,980.0,,1.1,1.6,160.0,1085740.0,0.00014738665045421762,0.08574000000000104,1318940.0,-0.2332
702,2022-11-16,240.0,945.0,162.0,0.3,0.8,80.0,1085820.0,7.368246541528123e-05,0.08582000000000112,1318940.0,-0.23312
703,2022-11-17,,212.0,,111.0,48.0,4800.0,1090620.0,0.0044206222025751085,0.09062000000000126,1318940.0,-0.22832
704,2022-11-18,,163.0,,115.0,-4.0,-400.0,1090220.0,-0.0003667638590892919,0.0902200000000013,1318940.0,-0.22872
705,2022-11-21,,96.0,,84.0,31.0,3100.0,1093320.0,0.0028434627873272778,0.09332000000000118,1318940.0,-0.22562
706,2022-11-22,,112.0,,25.5,58.5,5850.0,1099170.0,0.00535067500823172,0.09917000000000109,1318940.0,-0.21977
707,2022-11-23,160.0,171.0,126.0,0.2,25.3,2530.0,1101700.0,0.002301736765013551,0.10170000000000101,1318940.0,-0.21724
708,2022-11-24,,259.0,,47.0,76.0,7600.0,1109300.0,0.006898429699555342,0.10930000000000106,1318940.0,-0.20964
709,2022-11-25,,204.0,,57.0,-10.0,-1000.0,1108300.0,-0.0009014693951140407,0.10830000000000095,1318940.0,-0.21064
710,2022-11-28,,42.5,,126.0,-69.0,-6900.0,1101400.0,-0.0062257511504105745,0.10140000000000082,1318940.0,-0.21754
711,2022-11-29,,118.0,,19.0,107.0,10700.0,1112100.0,0.009714908298529057,0.11210000000000075,1318940.0,-0.20684
712,2022-11-30,179.0,231.0,144.0,0.2,18.8,1880.0,1113980.0,0.001690495459041541,0.11398000000000086,1318940.0,-0.20496
713,2022-12-01,,279.0,,54.0,87.0,8700.0,1122680.0,0.007809835006014509,0.12268000000000101,1318940.0,-0.19626
714,2022-12-02,,195.0,,66.0,-12.0,-1200.0,1121480.0,-0.0010688709160223686,0.12148000000000092,1318940.0,-0.19746
715,2022-12-05,,203.0,,25.5,40.5,4050.0,1125530.0,0.003611299354424613,0.12553000000000103,1318940.0,-0.19341
716,2022-12-06,,32.5,,104.0,-78.5,-7850.0,1117680.0,-0.006974492017094214,0.1176800000000009,1318940.0,-0.20126
717,2022-12-07,198.0,0.2,147.0,130.0,-26.0,-2600.0,1115080.0,-0.0023262472263975154,0.11508000000000096,1318940.0,-0.20386
718,2022-12-08,,118.0,,188.0,-44.0,-4400.0,1110680.0,-0.003945905226530821,0.110680000000001,1318940.0,-0.20826
719,2022-12-09,,211.0,,75.0,113.0,11300.0,1121980.0,0.0101739474916267,0.12198000000000087,1318940.0,-0.19696
720,2022-12-12,,117.0,,102.0,-27.0,-2700.0,1119280.0,-0.0024064600081997733,0.11928000000000094,1318940.0,-0.19966
721,2022-12-13,,89.0,,138.0,-36.0,-3600.0,1115680.0,-0.0032163533700235725,0.1156800000000009,1318940.0,-0.20326
722,2022-12-14,173.0,125.0,161.0,0.1,137.9,13790.0,1129470.0,0.012360174960562187,0.12947000000000086,1318940.0,-0.18947
723,2022-12-15,,127.0,,114.0,44.0,4400.0,1133870.0,0.0038956324647843044,0.13387000000000082,1318940.0,-0.18507
724,2022-12-16,,24.0,,263.0,-149.0,-14900.0,1118970.0,-0.013140836251069321,0.11897000000000091,1318940.0,-0.19997
725,2022-12-19,,6.5,,299.0,-36.0,-3600.0,1115370.0,-0.003217244430145594,0.11537000000000086,1318940.0,-0.20357
726,2022-12-20,,0.9,,550.0,-251.0,-25100.0,1090270.0,-0.02250374315249648,0.09027000000000074,1318940.0,-0.22867
727,2022-12-21,159.0,0.1,117.0,480.0,70.0,7000.0,1097270.0,0.00642042796738429,0.09727000000000086,1318940.0,-0.22167
728,2022-12-22,,291.0,,37.0,77.0,7700.0,1104970.0,0.007017415950495209,0.10497000000000067,1318940.0,-0.21397
729,2022-12-23,,143.0,,72.0,-35.0,-3500.0,1101470.0,-0.003167506810139664,0.10147000000000062,1318940.0,-0.21747
730,2022-12-26,,150.0,,28.0,44.0,4400.0,1105870.0,0.0039946616793919976,0.10587000000000057,1318940.0,-0.21307
731,2022-12-27,,190.0,,7.5,20.5,2050.0,1107920.0,0.0018537441109713892,0.10792000000000046,1318940.0,-0.21102
732,2022-12-28,147.0,0.2,113.0,19.5,-12.0,-1200.0,1106720.0,-0.0010831106939128698,0.10672000000000059,1318940.0,-0.21222
733,2022-12-29,,94.0,,132.0,-22.0,-2200.0,1104520.0,-0.0019878560069394036,0.10452000000000061,1318940.0,-0.21442
734,2022-12-30,,123.0,,70.0,62.0,6200.0,1110720.0,0.005613298084235607,0.1107200000000006,1318940.0,-0.20822
735,2023-01-03,,158.0,,11.0,59.0,5900.0,1116620.0,0.005311869778162004,0.11662000000000061,1318940.0,-0.20232
736,2023-01-04,156.0,123.0,120.0,0.1,10.9,1090.0,1117710.0,0.0009761601977396062,0.11771000000000065,1318940.0,-0.20123
737,2023-01-05,,182.0,,69.0,48.0,4800.0,1122510.0,0.004294494994229181,0.12251000000000056,1318940.0,-0.19643
738,2023-01-06,,218.0,,44.5,24.5,2450.0,1124960.0,0.002182608618185977,0.1249600000000004,1318940.0,-0.19398
739,2023-01-09,,575.0,,3.2,41.3,4130.0,1129090.0,0.0036712416441473383,0.12909000000000037,1318940.0,-0.18985
740,2023-01-10,,615.0,,1.0,2.2,220.00000000000003,1129310.0,0.0001948471778157046,0.12931000000000026,1318940.0,-0.18963
741,2023-01-11,216.0,555.0,175.0,0.3,0.7,70.0,1129380.0,6.198475175112073e-05,0.12938000000000027,1318940.0,-0.18956
742,2023-01-12,,210.0,,193.0,-21.0,-2100.0,1127280.0,-0.0018594272963926572,0.12728000000000028,1318940.0,-0.19166
743,2023-01-13,,213.0,,130.0,63.0,6300.0,1133580.0,0.005588673621460538,0.13358000000000025,1318940.0,-0.18536
744,2023-01-16,,262.0,,76.0,54.0,5400.0,1138980.0,0.004763669083787558,0.1389800000000001,1318940.0,-0.17996
745,2023-01-17,,246.0,,66.0,10.0,1000.0,1139980.0,0.000877978542204394,0.13998,1318940.0,-0.17896
746,2023-01-30,117.0,700.0,56.0,0.3,65.7,6570.0,1146550.0,0.005763259004543997,0.14654999999999996,1318940.0,-0.17239
747,2023-01-31,,11.0,,139.0,-86.0,-8600.0,1137950.0,-0.007500763159042356,0.13795000000000002,1318940.0,-0.18099
748,2023-02-01,165.0,0.3,121.0,41.0,98.0,9800.0,1147750.0,0.008611977679159999,0.14775000000000005,1318940.0,-0.17119
749,2023-02-02,,278.0,,35.5,82.5,8250.0,1156000.0,0.0071879764757134534,0.15600000000000014,1318940.0,-0.16294
750,2023-02-03,,266.0,,28.0,7.5,750.0,1156750.0,0.000648788927335664,0.15675000000000017,1318940.0,-0.16219
751,2023-02-06,,111.0,,46.5,-18.5,-1850.0,1154900.0,-0.0015993084071752595,0.15490000000000026,1318940.0,-0.16404
752,2023-02-07,,87.0,,30.5,16.0,1600.0,1156500.0,0.001385401333448888,0.1565000000000003,1318940.0,-0.16244
753,2023-02-08,141.0,266.0,136.0,0.3,30.2,3020.0,1159520.0,0.002611327280587883,0.1595200000000001,1318940.0,-0.15942
754,2023-02-09,,121.0,,123.0,10.0,1000.0,1160520.0,0.0008624258313785216,0.16052000000000022,1318940.0,-0.15842
755,2023-02-10,,107.0,,131.0,-8.0,-800.0,1159720.0,-0.0006893461551717994,0.1597200000000003,1318940.0,-0.15922
756,2023-02-13,,74.0,,141.0,-10.0,-1000.0,1158720.0,-0.0008622771013693242,0.1587200000000002,1318940.0,-0.16022
757,2023-02-14,,122.0,,65.0,76.0,7600.0,1166320.0,0.006558961612814107,0.16632000000000025,1318940.0,-0.15262
758,2023-02-15,109.0,0.1,176.0,202.0,-137.0,-13700.0,1152620.0,-0.011746347486110142,0.1526200000000002,1318940.0,-0.16632
759,2023-02-16,,174.0,68.0,68.0,105.0,10500.0,1163120.0,0.009109680553868627,0.16312000000000015,1318940.0,-0.15582
760,2023-02-17,,95.0,99.0,99.0,-34.0,-3400.0,1159720.0,-0.0029231721576449265,0.15972000000000008,1318940.0,-0.15922
761,2023-02-20,,122.0,33.0,33.0,63.0,6300.0,1166020.0,0.005432345738626498,0.16602000000000006,1318940.0,-0.15292
762,2023-02-21,,114.0,18.5,18.5,11.5,1150.0,1167170.0,0.000986260956072904,0.16717000000000026,1318940.0,-0.15177
763,2023-02-22,141.0,0.2,103.0,16.5,-1.0,-100.0,1167070.0,-8.567732206965495e-05,0.16707000000000027,1318940.0,-0.15187
764,2023-02-23,,291.0,,25.5,74.5,7450.0,1174520.0,0.006383507416007683,0.17452000000000045,1318940.0,-0.14442
765,2023-02-24,,229.0,,23.5,2.0,200.0,1174720.0,0.0001702823281000132,0.17472000000000043,1318940.0,-0.14422
766,2023-03-01,268.0,244.0,56.0,0.1,23.4,2340.0,1177060.0,0.0019919640424952423,0.17706000000000044,1318940.0,-0.14188
767,2023-03-02,,254.0,,44.5,8.5,850.0,1177910.0,0.0007221382087574391,0.17791000000000046,1318940.0,-0.14103
768,2023-03-03,,302.0,,23.0,21.5,2150.0,1180060.0,0.0018252667860871874,0.18006000000000033,1318940.0,-0.13888
769,2023-03-06,,440.0,,3.6,19.4,1939.9999999999998,1182000.0,0.001643984204193094,0.18200000000000038,1318940.0,-0.13694
770,2023-03-07,,525.0,,1.2,2.4,240.0,1182240.0,0.00020304568527929057,0.1822400000000004,1318940.0,-0.1367
771,2023-03-08,147.0,460.0,113.0,0.2,1.0,100.0,1182340.0,8.458519420750932e-05,0.1823400000000004,1318940.0,-0.1366
772,2023-03-09,,124.0,,108.0,2.0,200.0,1182540.0,0.00016915608031520257,0.18254000000000037,1318940.0,-0.1364
773,2023-03-10,,23.5,,295.0,-187.0,-18700.0,1163840.0,-0.015813418573578875,0.16384000000000043,1318940.0,-0.1551
774,2023-03-13,,17.0,,249.0,46.0,4600.0,1168440.0,0.003952433324168281,0.16844000000000037,1318940.0,-0.1505
775,2023-03-14,,2.2,,401.0,-152.0,-15200.0,1153240.0,-0.013008798055527016,0.1532400000000005,1318940.0,-0.1657
776,2023-03-15,116.0,0.2,171.0,346.0,55.0,5500.0,1158740.0,0.004769172071728445,0.15874000000000055,1318940.0,-0.1602
777,2023-03-16,,155.0,,106.0,62.0,6200.0,1164940.0,0.005350639487719411,0.16494000000000053,1318940.0,-0.154
778,2023-03-17,,49.0,,179.0,-73.0,-7300.0,1157640.0,-0.006266417154531578,0.15764000000000045,1318940.0,-0.1613
779,2023-03-20,,41.0,,142.0,37.0,3700.0,1161340.0,0.003196157700148472,0.16134000000000026,1318940.0,-0.1576
780,2023-03-21,,8.1,,197.0,-55.0,-5500.0,1155840.0,-0.004735908519468923,0.1558400000000002,1318940.0,-0.1631
781,2023-03-22,164.0,0.1,126.0,444.0,-247.0,-24700.0,1131140.0,-0.02136973975636769,0.13114000000000026,1318940.0,-0.1878
782,2023-03-23,,219.0,,63.0,60.0,6000.0,1137140.0,0.005304383188641459,0.13714000000000026,1318940.0,-0.1818
783,2023-03-24,,267.0,,29.0,34.0,3400.0,1140540.0,0.0029899572611991054,0.1405400000000001,1318940.0,-0.1784
784,2023-03-27,,181.0,,25.0,4.0,400.0,1140940.0,0.00035071106668760343,0.14094000000000007,1318940.0,-0.178
785,2023-03-28,,56.0,,46.0,-21.0,-2100.0,1138840.0,-0.0018405875856749576,0.13884000000000007,1318940.0,-0.1801
786,2023-03-29,156.0,49.0,101.0,0.1,45.9,4590.0,1143430.0,0.004030416915457913,0.14343000000000017,1318940.0,-0.17551
787,2023-03-30,,199.0,,60.0,38.0,3800.0,1147230.0,0.003323334178742865,0.1472300000000002,1318940.0,-0.17171
788,2023-03-31,,219.0,,38.5,21.5,2150.0,1149380.0,0.0018740793040628034,0.14938000000000007,1318940.0,-0.16956
789,2023-04-06,121.0,95.0,96.0,0.2,38.3,3829.9999999999995,1153210.0,0.0033322312899128903,0.15321000000000007,1318940.0,-0.16573
790,2023-04-07,,137.0,,52.0,41.0,4100.0,1157310.0,0.0035552934851414975,0.15731000000000006,1318940.0,-0.16163
791,2023-04-10,,144.0,,23.5,28.5,2850.0,1160160.0,0.002462607253026494,0.16016000000000008,1318940.0,-0.15878
792,2023-04-11,,189.0,,5.7,17.8,1780.0,1161940.0,0.0015342711350159188,0.1619400000000002,1318940.0,-0.157
793,2023-04-12,131.0,182.0,104.0,0.2,5.5,550.0,1162490.0,0.0004733463001531657,0.16249000000000025,1318940.0,-0.15645
794,2023-04-13,,59.0,,143.0,-42.0,-4200.0,1158290.0,-0.003612934304811244,0.15829000000000026,1318940.0,-0.16065
795,2023-04-14,,105.0,,56.0,87.0,8700.0,1166990.0,0.007511072356663595,0.1669900000000002,1318940.0,-0.15195
796,2023-04-17,,101.0,,30.5,25.5,2550.0,1169540.0,0.0021851086984463475,0.16954000000000002,1318940.0,-0.1494
797,2023-04-18,,38.5,,48.0,-17.5,-1750.0,1167790.0,-0.001496314790430442,0.1677900000000001,1318940.0,-0.15115
798,2023-04-19,137.0,0.3,97.0,125.0,-77.0,-7700.0,1160090.0,-0.006593651255790811,0.16009000000000007,1318940.0,-0.15885
799,2023-04-20,,99.0,,110.0,-16.0,-1600.0,1158490.0,-0.0013792033376720525,0.15849000000000002,1318940.0,-0.16045
800,2023-04-21,,28.0,,156.0,-46.0,-4600.0,1153890.0,-0.003970685979162503,0.15389000000000008,1318940.0,-0.16505
801,2023-04-24,,12.0,,147.0,9.0,900.0,1154790.0,0.0007799703611262032,0.15478999999999998,1318940.0,-0.16415
802,2023-04-25,,1.0,,371.0,-224.0,-22400.0,1132390.0,-0.01939746620597682,0.13239,1318940.0,-0.18655
803,2023-04-26,125.0,0.2,100.0,370.0,1.0,100.0,1132490.0,8.830879820553861e-05,0.13249,1318940.0,-0.18645
804,2023-04-27,,136.0,,61.0,36.0,3600.0,1136090.0,0.003178836016212161,0.13609000000000004,1318940.0,-0.18285
805,2023-04-28,,235.0,,15.0,46.0,4600.0,1140690.0,0.004048974993178467,0.1406900000000002,1318940.0,-0.17825
806,2023-05-02,,333.0,,1.6,13.4,1340.0,1142030.0,0.0011747275771682997,0.14203000000000032,1318940.0,-0.17691
807,2023-05-03,117.0,268.0,121.0,0.2,1.4,140.0,1142170.0,0.00012258872358872352,0.14217000000000035,1318940.0,-0.17677
808,2023-05-04,,134.0,,74.0,44.0,4400.0,1146570.0,0.003852316205118278,0.1465700000000003,1318940.0,-0.17237
809,2023-05-05,,134.0,,44.0,30.0,3000.0,1149570.0,0.0026164996467725743,0.14957000000000042,1318940.0,-0.16937
810,2023-05-08,,177.0,,11.5,32.5,3250.0,1152820.0,0.002827144062562459,0.1528200000000004,1318940.0,-0.16612
811,2023-05-09,,180.0,,2.9,8.6,860.0,1153680.0,0.000745996773130253,0.15368000000000048,1318940.0,-0.16526
812,2023-05-10,108.0,61.0,98.0,0.1,2.8,280.0,1153960.0,0.0002427016156993922,0.15396000000000054,1318940.0,-0.16498
813,2023-05-11,,49.0,,130.0,-35.0,-3500.0,1150460.0,-0.0030330340739713746,0.15046000000000048,1318940.0,-0.16848
814,2023-05-12,,29.0,,123.0,7.0,700.0,1151160.0,0.0006084522712654916,0.15116000000000063,1318940.0,-0.16778
815,2023-05-15,,17.5,,108.0,15.0,1500.0,1152660.0,0.0013030334618993056,0.15266000000000068,1318940.0,-0.16628
816,2023-05-16,,103.0,,11.0,97.0,9700.0,1162360.0,0.008415317613172935,0.1623600000000005,1318940.0,-0.15658
817,2023-05-17,166.0,353.0,73.0,0.1,10.9,1090.0,1163450.0,0.0009377473416152249,0.16345000000000032,1318940.0,-0.15549
818,2023-05-18,,316.0,,23.5,46.5,4650.0,1168100.0,0.00399673385190602,0.16810000000000036,1318940.0,-0.15084
819,2023-05-19,,361.0,,13.0,10.5,1050.0,1169150.0,0.0008988956424964556,0.16915000000000058,1318940.0,-0.14979
820,2023-05-22,,340.0,,4.5,8.5,850.0,1170000.0,0.0007270239062566741,0.1700000000000006,1318940.0,-0.14894
821,2023-05-23,,348.0,,1.9,2.6,260.0,1170260.0,0.00022222222222212373,0.17026000000000052,1318940.0,-0.14868
822,2023-05-24,153.0,299.0,65.0,0.3,1.6,160.0,1170420.0,0.00013672175414014553,0.17042000000000046,1318940.0,-0.14852
823,2023-05-25,,255.0,,28.0,34.0,3400.0,1173820.0,0.0029049401069700664,0.1738200000000003,1318940.0,-0.14512
824,2023-05-26,,466.0,,6.0,22.0,2200.0,1176020.0,0.0018742226235708426,0.1760200000000003,1318940.0,-0.14292
825,2023-05-29,,610.0,,1.6,4.4,440.00000000000006,1176460.0,0.00037414329688267856,0.17646000000000028,1318940.0,-0.14248
826,2023-05-30,,595.0,,0.9,0.7,70.0,1176530.0,5.950053550485279e-05,0.1765300000000003,1318940.0,-0.14241
827,2023-05-31,189.0,540.0,92.0,0.1,0.8,80.0,1176610.0,6.799656617340055e-05,0.17661000000000038,1318940.0,-0.14233
828,2023-06-01,,162.0,,79.0,10.0,1000.0,1177610.0,0.0008498992869345745,0.1776100000000005,1318940.0,-0.14133
829,2023-06-02,,330.0,,13.5,65.5,6550.0,1184160.0,0.005562113093468879,0.18416000000000032,1318940.0,-0.13478
830,2023-06-05,,278.0,,6.6,6.9,690.0,1184850.0,0.0005826915281719192,0.1848500000000004,1318940.0,-0.13409
831,2023-06-06,,320.0,,2.3,4.3,430.0,1185280.0,0.000362915136937092,0.18528000000000033,1318940.0,-0.13366
832,2023-06-07,152.0,456.0,88.0,0.1,2.2,220.00000000000003,1185500.0,0.00018561015118789825,0.18550000000000022,1318940.0,-0.13344
833,2023-06-08,,58.0,,161.0,-76.0,-7600.0,1177900.0,-0.0064107971320117585,0.17790000000000017,1318940.0,-0.14104
834,2023-06-09,,120.0,,65.0,96.0,9600.0,1187500.0,0.008150097631377973,0.18750000000000022,1318940.0,-0.13144
835,2023-06-12,,143.0,,26.0,39.0,3900.0,1191400.0,0.0032842105263157784,0.19140000000000024,1318940.0,-0.12754
836,2023-06-13,,390.0,,1.8,24.2,2420.0,1193820.0,0.0020312237703541403,0.1938200000000001,1318940.0,-0.12512
837,2023-06-14,130.0,393.0,131.0,0.3,1.5,150.0,1193970.0,0.00012564708247464473,0.19396999999999998,1318940.0,-0.12497
838,2023-06-15,,199.0,,59.0,69.0,6900.0,1200870.0,0.005779039674363773,0.2008700000000001,1318940.0,-0.11807
839,2023-06-16,,134.0,,64.0,-5.0,-500.0,1200370.0,-0.0004163648021850985,0.20037000000000016,1318940.0,-0.11857
840,2023-06-19,,97.0,,42.0,22.0,2200.0,1202570.0,0.0018327682297958336,0.20257000000000014,1318940.0,-0.11637
841,2023-06-20,,35.5,,46.5,-4.5,-450.0,1202120.0,-0.0003741985913502388,0.20212000000000008,1318940.0,-0.11682
842,2023-06-21,223.0,30.0,50.0,0.1,46.4,4640.0,1206760.0,0.0038598476025688555,0.20676000000000005,1318940.0,-0.11218
843,2023-06-26,,96.0,,43.0,4.0,400.0,1207160.0,0.00033146607444733966,0.20716000000000023,1318940.0,-0.11178
844,2023-06-27,,17.0,,86.0,-43.0,-4300.0,1202860.0,-0.0035620795917691295,0.20286000000000026,1318940.0,-0.11608
845,2023-06-28,144.0,0.1,93.0,69.0,17.0,1700.0,1204560.0,0.001413298305704691,0.2045600000000003,1318940.0,-0.11438
846,2023-06-29,,133.0,,84.0,6.0,600.0,1205160.0,0.0004981071926679626,0.20516000000000045,1318940.0,-0.11378
847,2023-06-30,,137.0,,50.0,34.0,3400.0,1208560.0,0.002821202164027925,0.2085600000000003,1318940.0,-0.11038
848,2023-07-03,,340.0,,4.9,45.1,4510.0,1213070.0,0.0037317137750711993,0.21307000000000031,1318940.0,-0.10587
849,2023-07-04,,400.0,,0.9,4.0,400.0,1213470.0,0.00032974189453205405,0.21347000000000027,1318940.0,-0.10547
850,2023-07-05,126.0,276.0,96.0,0.3,0.6,60.0,1213530.0,4.9444980098289903e-05,0.21353000000000022,1318940.0,-0.10541
851,2023-07-06,,18.0,,304.0,-211.0,-21100.0,1192430.0,-0.01738729162031427,0.19243000000000032,1318940.0,-0.12651
852,2023-07-07,,8.7,,349.0,-45.0,-4500.0,1187930.0,-0.003773806428888915,0.18793000000000037,1318940.0,-0.13101
853,2023-07-10,,1.9,,421.0,-72.0,-7200.0,1180730.0,-0.006060963188066593,0.1807300000000005,1318940.0,-0.13821
854,2023-07-11,,14.0,,117.0,304.0,30400.0,1211130.0,0.025746783769363013,0.21113000000000048,1318940.0,-0.10781
855,2023-07-12,146.0,0.1,121.0,86.0,31.0,3100.0,1214230.0,0.0025595931072635025,0.2142300000000006,1318940.0,-0.10471
856,2023-07-13,,238.0,,52.0,66.0,6600.0,1220830.0,0.005435543513172991,0.22083000000000053,1318940.0,-0.09811
857,2023-07-14,,406.0,,12.0,40.0,4000.0,1224830.0,0.003276459457909775,0.22483000000000053,1318940.0,-0.09411
858,2023-07-17,,391.0,,4.2,7.8,780.0,1225610.0,0.0006368230693238885,0.22561000000000053,1318940.0,-0.09333
859,2023-07-18,,325.0,,2.8,1.4,140.0,1225750.0,0.00011422883298939368,0.22575000000000056,1318940.0,-0.09319
860,2023-07-19,183.0,203.0,113.0,0.2,2.6,260.0,1226010.0,0.00021211503161322476,0.2260100000000005,1318940.0,-0.09293
861,2023-07-20,,196.0,,79.0,31.0,3100.0,1229110.0,0.0025285274997757234,0.2291100000000006,1318940.0,-0.08983
862,2023-07-21,,75.0,,133.0,-54.0,-5400.0,1223710.0,-0.004393422883224418,0.22371000000000052,1318940.0,-0.09523
863,2023-07-24,,66.0,,92.0,41.0,4100.0,1227810.0,0.003350467022415371,0.2278100000000005,1318940.0,-0.09113
864,2023-07-25,,185.0,,9.0,83.0,8300.0,1236110.0,0.006760003583616392,0.2361100000000005,1318940.0,-0.08283
865,2023-07-26,149.0,104.0,118.0,0.1,8.9,890.0,1237000.0,0.0007200006471916875,0.23700000000000054,1318940.0,-0.08194
866,2023-07-27,,210.0,,55.0,60.0,6000.0,1243000.0,0.004850444624090455,0.24300000000000055,1318940.0,-0.07594
867,2023-07-28,,221.0,,31.5,23.5,2350.0,1245350.0,0.0018905872888173025,0.2453500000000004,1318940.0,-0.07359
868,2023-07-31,,94.0,,68.0,-36.5,-3650.0,1241700.0,-0.002930902959007553,0.24170000000000025,1318940.0,-0.07724
869,2023-08-01,,116.0,,21.5,46.5,4650.0,1246350.0,0.0037448659096399606,0.2463500000000003,1318940.0,-0.07259
870,2023-08-02,160.0,0.1,144.0,246.0,-224.5,-22450.0,1223900.0,-0.01801259678260525,0.2239000000000002,1318940.0,-0.09504
871,2023-08-04,,132.0,,100.0,41.0,4100.0,1228000.0,0.003349946891085809,0.2280000000000002,1318940.0,-0.09094
872,2023-08-07,,228.0,,25.5,74.5,7450.0,1235450.0,0.006066775244299771,0.23545000000000038,1318940.0,-0.08349
873,2023-08-08,,105.0,,37.5,-12.0,-1200.0,1234250.0,-0.0009713060018616826,0.2342500000000003,1318940.0,-0.08469
874,2023-08-09,150.0,71.0,147.0,0.3,37.2,3720.0000000000005,1237970.0,0.003013976098845461,0.23797000000000024,1318940.0,-0.08097
875,2023-08-10,,60.0,,253.0,-109.0,-10900.0,1227070.0,-0.008804736786836465,0.22707000000000033,1318940.0,-0.09187
876,2023-08-11,,25.5,,252.0,1.0,100.0,1227170.0,8.149494323883566e-05,0.22717000000000032,1318940.0,-0.09177
877,2023-08-14,,2.0,,475.0,-223.0,-22300.0,1204870.0,-0.018171891424985986,0.20487000000000033,1318940.0,-0.11407
878,2023-08-15,,0.7,,430.0,45.0,4500.0,1209370.0,0.003734842763119639,0.20937000000000028,1318940.0,-0.10957
879,2023-08-16,174.0,0.1,115.0,486.0,-56.0,-5600.0,1203770.0,-0.004630510100300134,0.20377000000000023,1318940.0,-0.11517
880,2023-08-17,,204.0,,66.0,46.0,4600.0,1208370.0,0.003821327994550483,0.20837000000000017,1318940.0,-0.11057
881,2023-08-18,,133.0,,97.0,-31.0,-3100.0,1205270.0,-0.0025654393935632402,0.20527000000000006,1318940.0,-0.11367
882,2023-08-21,,97.0,,73.0,24.0,2400.0,1207670.0,0.0019912550714777932,0.20767000000000002,1318940.0,-0.11127
883,2023-08-22,,109.0,,26.5,46.5,4650.0,1212320.0,0.003850389593183623,0.21232000000000006,1318940.0,-0.10662
884,2023-08-23,278.0,206.0,67.0,0.1,26.4,2640.0,1214960.0,0.002177642866569851,0.21496000000000004,1318940.0,-0.10398
885,2023-08-24,,433.0,,12.5,51.5,5150.0,1220110.0,0.004238822677289811,0.22011000000000003,1318940.0,-0.09883
886,2023-08-25,,167.0,,67.0,-54.5,-5450.0,1214660.0,-0.004466810369556873,0.21466000000000007,1318940.0,-0.10428
887,2023-08-28,,182.0,,23.5,43.5,4350.0,1219010.0,0.0035812490738149627,0.21901000000000015,1318940.0,-0.09993
888,2023-08-29,,291.0,,1.3,22.2,2220.0,1221230.0,0.0018211499495492944,0.22123000000000026,1318940.0,-0.09771
889,2023-08-30,133.0,381.0,98.0,0.1,1.2,120.0,1221350.0,9.82615887261673e-05,0.22135000000000038,1318940.0,-0.09759
890,2023-08-31,,82.0,,131.0,-36.0,-3600.0,1217750.0,-0.002947558030048758,0.21775000000000033,1318940.0,-0.10119
