,日期,價平買權次週每日結算價,價平買權近週每日結算價,價平賣權次週每日結算價,價平賣權近週每日結算價,做空價平賣權近週報酬(點數),策略累積資金(金額),進場口數
0,2020-01-02,68.0,102.0,56.0,0.1,0.0,1000000.0,4
1,2020-01-03,,52.0,,56.0,-3.0,999400.0,4
2,2020-01-06,,5.4,,147.0,-91.0,981200.0,4
3,2020-01-07,,0.6,,225.0,-78.0,965600.0,4
4,2020-01-08,136.0,0.1,99.0,260.0,-35.0,958600.0,4
5,2020-01-09,,247.0,,29.0,67.0,972000.0,4
6,2020-01-10,,284.0,,20.0,9.0,973800.0,4
7,2020-01-13,,370.0,,1.5,18.5,977500.0,4
8,2020-01-14,,431.0,,0.9,0.6,977620.0,4
9,2020-01-15,101.0,313.0,86.0,0.1,0.8,977780.0,4
10,2020-01-16,,99.0,,84.0,-1.0,977580.0,4
11,2020-01-17,,100.0,,66.0,18.0,981180.0,4
12,2020-01-20,,120.0,,47.5,18.5,984880.0,4
13,2020-01-30,186.0,0.2,95.0,615.0,-567.5,871380.0,3
14,2020-01-31,,228.0,,42.5,49.5,881280.0,3
15,2020-02-03,,115.0,,76.0,-33.5,874580.0,3
16,2020-02-04,,258.0,,7.9,68.1,888200.0,3
17,2020-02-05,149.0,260.0,96.0,0.1,7.8,889760.0,4
18,2020-02-06,,278.0,,28.5,64.5,902660.0,4
19,2020-02-07,,161.0,,56.0,-27.5,897160.0,4
20,2020-02-10,,126.0,,44.0,12.0,899560.0,4
21,2020-02-11,,187.0,,8.4,35.6,906680.0,4
22,2020-02-12,110.0,293.0,90.0,0.2,8.2,908320.0,4
23,2020-02-13,,105.0,,79.0,8.0,909920.0,4
24,2020-02-14,,108.0,,47.0,32.0,916320.0,4
25,2020-02-17,,61.0,,40.5,6.5,917620.0,4
26,2020-02-18,,8.2,,117.0,-76.5,902320.0,4
27,2020-02-19,105.0,10.0,80.0,0.1,116.9,925700.0,4
28,2020-02-20,,69.0,,92.0,-15.0,922700.0,4
29,2020-02-21,,41.5,,116.0,-24.0,917900.0,4
30,2020-02-24,,5.1,,232.0,-116.0,894700.0,4
31,2020-02-25,,1.7,,202.0,30.0,900700.0,4
32,2020-02-26,144.0,0.1,111.0,317.0,-115.0,877700.0,4
33,2020-02-27,,76.0,,187.0,-79.0,861900.0,4
34,2020-03-02,,17.5,,222.0,-35.0,854900.0,4
35,2020-03-03,,24.5,,89.0,133.0,881500.0,4
36,2020-03-04,138.0,0.1,110.0,21.0,68.0,895100.0,4
37,2020-03-05,,202.0,,44.5,62.5,907600.0,4
38,2020-03-06,,84.0,,146.0,-101.5,887300.0,4
39,2020-03-09,,7.5,,385.0,-239.0,839500.0,4
40,2020-03-10,,1.3,,340.0,45.0,848500.0,4
41,2020-03-11,200.0,0.2,178.0,443.0,-103.0,827900.0,3
42,2020-03-12,,32.5,,468.0,-293.0,769300.0,3
43,2020-03-13,,19.5,,785.0,-317.0,705900.0,3
44,2020-03-16,,1.5,,1120.0,-335.0,638900.0,3
45,2020-03-17,,0.1,,1430.0,-310.0,576900.0,3
46,2020-03-18,417.0,0.3,285.0,1490.0,-60.0,564900.0,2
47,2020-03-19,,146.0,,565.0,-283.0,508300.0,2
48,2020-03-20,,370.0,,160.0,405.0,589300.0,2
49,2020-03-23,,141.0,,260.0,-100.0,569300.0,2
50,2020-03-24,,427.0,,9.5,250.5,619400.0,2
51,2020-03-25,308.0,715.0,194.0,0.2,9.3,621260.0,2
52,2020-03-26,,324.0,,154.0,37.0,628660.0,2
53,2020-03-27,,251.0,,154.0,0.0,628660.0,2
54,2020-03-30,,203.0,,91.0,63.0,641260.0,2
55,2020-03-31,,160.0,,34.5,56.5,652560.0,2
56,2020-04-01,265.0,134.0,185.0,0.1,34.4,659440.0,3
57,2020-04-06,,326.0,,16.0,166.0,692640.0,3
58,2020-04-07,,465.0,,1.4,14.6,695560.0,3
59,2020-04-08,180.0,565.0,152.0,0.1,1.3,695820.0,3
60,2020-04-09,,142.0,,142.0,7.0,697220.0,3
61,2020-04-10,,133.0,,99.0,43.0,705820.0,3
62,2020-04-13,,82.0,,106.0,-7.0,704420.0,3
63,2020-04-14,,250.0,,4.4,101.6,724740.0,3
64,2020-04-15,198.0,351.0,110.0,0.1,4.3,725600.0,3
65,2020-04-16,,169.0,,101.0,6.0,726800.0,3
66,2020-04-17,,330.0,,26.5,74.5,741700.0,3
67,2020-04-20,,256.0,,22.0,4.5,742600.0,3
68,2020-04-21,,63.0,,84.0,-62.0,730200.0,3
69,2020-04-22,218.0,0.2,118.0,15.0,69.0,744000.0,3
70,2020-04-23,,238.0,,64.0,51.0,754200.0,3
71,2020-04-24,,210.0,,59.0,5.0,755200.0,3
72,2020-04-27,,401.0,,5.2,53.8,765960.0,3
73,2020-04-28,,426.0,,0.8,4.4,766840.0,3
74,2020-04-29,150.0,555.0,103.0,0.1,0.7,766980.0,3
75,2020-04-30,,310.0,,27.0,73.0,781580.0,3
76,2020-05-04,,84.0,,115.0,-88.0,763980.0,3
77,2020-05-05,,104.0,,25.0,90.0,781980.0,3
78,2020-05-06,160.0,57.0,111.0,0.1,24.9,786960.0,3
79,2020-05-07,,188.0,,63.0,45.0,795960.0,3
80,2020-05-08,,213.0,,38.0,25.0,800960.0,3
81,2020-05-11,,266.0,,10.5,27.5,806460.0,3
82,2020-05-12,,153.0,,7.4,3.1,807080.0,3
83,2020-05-13,131.0,174.0,117.0,0.1,7.3,808540.0,3
84,2020-05-14,,56.0,,206.0,-92.0,790140.0,3
85,2020-05-15,,63.0,,143.0,63.0,802740.0,3
86,2020-05-18,,28.0,,165.0,-22.0,798340.0,3
87,2020-05-19,,35.0,,66.0,99.0,818140.0,3
88,2020-05-20,135.0,0.1,93.0,13.0,53.0,828740.0,3
89,2020-05-21,,178.0,,46.5,43.5,837440.0,3
90,2020-05-22,,65.0,,125.0,-78.5,821740.0,3
91,2020-05-25,,61.0,,52.0,73.0,836340.0,3
92,2020-05-26,,164.0,,6.7,45.3,845400.0,3
93,2020-05-27,139.0,160.0,86.0,0.1,6.6,846720.0,3
94,2020-05-28,,101.0,,108.0,-25.0,841720.0,3
95,2020-05-29,,86.0,,91.0,17.0,845120.0,3
96,2020-06-01,,151.0,,21.5,69.5,859020.0,3
97,2020-06-02,,187.0,,6.5,15.0,862020.0,3
98,2020-06-03,141.0,371.0,90.0,0.2,6.3,863280.0,3
99,2020-06-04,,182.0,,56.0,31.0,869480.0,3
100,2020-06-05,,245.0,,20.0,36.0,876680.0,3
101,2020-06-08,,341.0,,4.7,15.3,879740.0,3
102,2020-06-09,,380.0,,1.1,3.6,880460.0,3
103,2020-06-10,127.0,463.0,123.0,0.1,1.0,880660.0,4
104,2020-06-11,,34.0,,243.0,-123.0,856060.0,4
105,2020-06-12,,14.0,,323.0,-80.0,840060.0,4
106,2020-06-15,,1.8,,475.0,-152.0,809660.0,4
107,2020-06-16,,7.7,,183.0,292.0,868060.0,4
108,2020-06-17,217.0,0.2,66.0,179.0,4.0,868860.0,3
109,2020-06-18,,235.0,,42.0,21.0,873060.0,3
110,2020-06-19,,231.0,,27.0,15.0,876060.0,3
111,2020-06-22,,230.0,,13.0,14.0,878860.0,3
112,2020-06-23,,260.0,,3.2,9.8,880820.0,3
113,2020-06-24,191.0,302.0,55.0,0.2,3.0,881420.0,4
114,2020-06-29,,65.0,,85.0,-33.0,874820.0,4
115,2020-06-30,,102.0,,11.0,74.0,889620.0,4
116,2020-07-01,164.0,203.0,60.0,0.2,10.8,891780.0,4
117,2020-07-02,,276.0,,23.0,34.0,898580.0,4
118,2020-07-03,,398.0,,10.0,13.0,901180.0,4
119,2020-07-06,,615.0,,2.1,7.9,902760.0,4
120,2020-07-07,,575.0,,0.6,1.5,903060.0,4
121,2020-07-08,138.0,655.0,110.0,0.1,0.5,903160.0,4
122,2020-07-09,,136.0,,85.0,22.0,907560.0,4
123,2020-07-10,,54.0,,159.0,-74.0,892760.0,4
124,2020-07-13,,135.0,,29.5,129.5,918660.0,4
125,2020-07-14,,109.0,,21.0,8.5,920360.0,4
126,2020-07-15,228.0,120.0,68.0,0.1,20.9,924540.0,4
127,2020-07-16,,177.0,,65.0,0.0,924540.0,4
128,2020-07-17,,164.0,,44.5,20.5,928640.0,4
129,2020-07-20,,144.0,,25.5,19.0,932440.0,4
130,2020-07-21,,370.0,,1.8,23.7,937180.0,4
131,2020-07-22,186.0,401.0,63.0,0.2,1.6,937500.0,4
132,2020-07-23,,160.0,,70.0,-10.0,935500.0,4
133,2020-07-24,,88.0,,134.0,-64.0,922700.0,4
134,2020-07-27,,319.0,,15.0,119.0,946500.0,4
135,2020-07-28,,272.0,,11.5,3.5,947200.0,4
136,2020-07-29,205.0,229.0,97.0,0.1,11.4,949480.0,4
137,2020-07-30,,320.0,,47.0,47.0,958880.0,4
138,2020-07-31,,301.0,,45.5,1.5,959180.0,4
139,2020-08-03,,171.0,,43.0,2.5,959680.0,4
140,2020-08-04,,314.0,,2.1,40.9,967860.0,4
141,2020-08-05,176.0,393.0,85.0,0.1,2.0,968260.0,4
142,2020-08-06,,237.0,,54.0,28.0,973860.0,4
143,2020-08-07,,170.0,,62.0,-8.0,972260.0,4
144,2020-08-10,,221.0,,20.0,42.0,980660.0,4
145,2020-08-11,,97.0,,25.0,-5.0,979660.0,4
146,2020-08-12,130.0,0.2,121.0,40.5,-15.5,976560.0,4
147,2020-08-13,,155.0,,77.0,41.0,984760.0,4
148,2020-08-14,,183.0,,42.5,34.5,991660.0,4
149,2020-08-17,,311.0,,6.5,36.0,998860.0,4
150,2020-08-18,,230.0,,3.3,3.2,999500.0,4
151,2020-08-19,139.0,156.0,101.0,0.1,3.2,1000140.0,4
152,2020-08-20,,18.5,,423.0,-325.0,935140.0,4
153,2020-08-21,,32.0,,187.0,236.0,982340.0,4
154,2020-08-24,,27.5,,137.0,50.0,992340.0,4
155,2020-08-25,,61.0,,38.0,99.0,1012140.0,4
156,2020-08-26,165.0,49.5,92.0,0.2,37.8,1019700.0,4
157,2020-08-27,,131.0,,94.0,-5.0,1018700.0,4
158,2020-08-28,,88.0,,115.0,-21.0,1014500.0,4
159,2020-08-31,,28.0,,155.0,-40.0,1006500.0,4
160,2020-09-01,,26.5,,67.0,88.0,1024100.0,4
161,2020-09-02,165.0,0.2,101.0,82.0,-15.0,1021100.0,4
162,2020-09-03,,174.0,,75.0,23.0,1025700.0,4
163,2020-09-04,,98.0,,120.0,-45.0,1016700.0,4
164,2020-09-07,,52.0,,102.0,18.0,1020300.0,4
165,2020-09-08,,68.0,32.0,32.0,70.0,1034300.0,4
166,2020-09-09,175.0,0.1,124.0,58.0,-29.0,1028500.0,4
167,2020-09-10,,211.0,,63.0,58.0,1040100.0,4
168,2020-09-11,,175.0,,61.0,2.0,1040500.0,4
169,2020-09-14,,246.0,,11.5,49.5,1050400.0,4
170,2020-09-15,,296.0,,2.8,8.7,1052140.0,4
171,2020-09-16,138.0,418.0,107.0,0.1,2.7,1052680.0,4
172,2020-09-17,,79.0,,128.0,-24.0,1047880.0,4
173,2020-09-18,,73.0,,100.0,28.0,1053480.0,4
174,2020-09-21,,16.0,,196.0,-96.0,1034280.0,4
175,2020-09-22,,1.9,,276.0,-80.0,1018280.0,4
176,2020-09-23,182.0,0.2,84.0,323.0,-47.0,1008880.0,4
177,2020-09-24,,23.0,,274.0,-193.0,970280.0,4
178,2020-09-25,,13.0,,271.0,3.0,970880.0,4
179,2020-09-28,,42.0,,82.0,189.0,1008680.0,4
180,2020-09-29,,23.0,,69.0,13.0,1011280.0,4
181,2020-09-30,150.0,28.5,94.0,0.1,68.9,1025060.0,4
182,2020-10-05,,142.0,,30.0,61.0,1037260.0,4
183,2020-10-06,,256.0,,1.4,28.6,1042980.0,4
184,2020-10-07,112.0,309.0,84.0,0.3,1.1,1043200.0,4
185,2020-10-08,,187.0,,41.0,40.0,1051200.0,4
186,2020-10-12,,209.0,,9.0,32.0,1057600.0,4
187,2020-10-13,,208.0,,2.6,6.4,1058880.0,4
188,2020-10-14,135.0,150.0,94.0,0.1,2.5,1059380.0,4
189,2020-10-15,,100.0,,106.0,-15.0,1056380.0,4
190,2020-10-16,,42.5,,143.0,-37.0,1048980.0,4
191,2020-10-19,,85.0,,39.0,104.0,1069780.0,4
192,2020-10-20,,46.0,40.5,40.5,-1.5,1069480.0,4
193,2020-10-21,134.0,10.0,82.0,0.1,37.4,1076960.0,4
194,2020-10-22,,146.0,,54.0,25.0,1081960.0,4
195,2020-10-23,,126.0,,30.0,24.0,1086760.0,4
196,2020-10-26,,128.0,,16.0,14.0,1089560.0,4
197,2020-10-27,,80.0,,13.0,3.0,1090160.0,4
198,2020-10-28,183.0,0.2,90.0,28.5,-15.5,1087060.0,4
199,2020-10-29,,101.0,,144.0,-57.0,1075660.0,4
200,2020-10-30,,30.5,,251.0,-107.0,1054260.0,4
201,2020-11-02,,38.0,,152.0,99.0,1074060.0,4
202,2020-11-03,,86.0,,52.0,100.0,1094060.0,4
203,2020-11-04,162.0,165.0,114.0,0.1,51.9,1104440.0,4
204,2020-11-05,,140.0,,72.0,39.0,1112240.0,4
205,2020-11-06,,153.0,,48.5,23.5,1116940.0,4
206,2020-11-09,,294.0,,4.8,43.7,1125680.0,4
207,2020-11-10,,240.0,,2.3,2.5,1126180.0,4
208,2020-11-11,127.0,399.0,116.0,0.3,2.0,1126580.0,5
209,2020-11-12,,91.0,,113.0,0.0,1126580.0,5
210,2020-11-13,,105.0,,71.0,42.0,1134980.0,5
211,2020-11-16,,334.0,,5.0,66.0,1148180.0,5
212,2020-11-17,,375.0,,1.9,3.1,1148800.0,5
213,2020-11-18,132.0,510.0,99.0,0.2,1.7,1149140.0,5
214,2020-11-19,,139.0,,72.0,24.0,1153940.0,5
215,2020-11-20,,121.0,,62.0,10.0,1155940.0,5
216,2020-11-23,,212.0,,11.5,50.5,1166040.0,5
217,2020-11-24,,129.0,,8.7,2.8,1166600.0,5
218,2020-11-25,125.0,53.0,98.0,0.2,8.5,1168300.0,5
219,2020-11-26,,186.0,,29.0,66.0,1181500.0,5
220,2020-11-27,,208.0,,17.5,11.5,1183800.0,5
221,2020-11-30,,97.0,,44.0,-26.5,1178500.0,5
222,2020-12-01,,196.0,,3.9,40.1,1186520.0,5
223,2020-12-02,127.0,280.0,101.0,0.1,3.8,1187280.0,5
224,2020-12-03,,123.0,,72.0,26.0,1192480.0,5
225,2020-12-04,,232.0,,25.5,46.5,1201780.0,5
226,2020-12-07,,312.0,,5.8,19.7,1205720.0,5
227,2020-12-08,,410.0,,1.0,4.8,1206680.0,5
228,2020-12-09,144.0,449.0,97.0,0.2,0.8,1206840.0,5
229,2020-12-10,,60.0,,170.0,-76.0,1191640.0,5
230,2020-12-11,,41.0,,154.0,16.0,1194840.0,5
231,2020-12-14,,16.0,,163.0,-9.0,1193040.0,5
232,2020-12-15,,1.2,,270.0,-107.0,1171640.0,5
233,2020-12-16,180.0,0.1,63.0,27.0,243.0,1220240.0,5
234,2020-12-17,,180.0,,41.0,19.0,1224040.0,5
235,2020-12-18,,134.0,,52.0,-11.0,1221840.0,5
236,2020-12-21,,254.0,,7.3,44.7,1230780.0,5
237,2020-12-22,,55.0,,75.0,-67.7,1217240.0,5
238,2020-12-23,158.0,84.0,83.0,0.1,74.9,1232220.0,5
239,2020-12-24,,220.0,,29.0,51.0,1242420.0,5
240,2020-12-25,,261.0,,13.5,15.5,1245520.0,5
241,2020-12-28,,387.0,,4.0,9.5,1247420.0,5
242,2020-12-29,,405.0,,0.8,3.2,1248060.0,5
243,2020-12-30,143.0,540.0,78.0,0.3,0.5,1248160.0,5
244,2020-12-31,,170.0,,51.0,24.0,1252960.0,5
245,2021-01-04,,306.0,,7.4,43.6,1261680.0,5
246,2021-01-05,,411.0,,1.5,5.9,1262860.0,5
247,2021-01-06,171.0,335.0,136.0,0.2,1.3,1263120.0,5
248,2021-01-07,,377.0,,32.0,101.0,1283320.0,5
249,2021-01-08,,580.0,,16.5,15.5,1286420.0,5
250,2021-01-11,,660.0,,4.5,12.0,1288820.0,5
251,2021-01-12,,615.0,,2.2,2.3,1289280.0,5
252,2021-01-13,180.0,860.0,168.0,0.1,2.1,1289700.0,5
253,2021-01-14,,146.0,,168.0,-3.0,1289100.0,5
254,2021-01-15,,88.0,,203.0,-35.0,1282100.0,5
255,2021-01-18,,43.0,,186.0,17.0,1285500.0,5
256,2021-01-19,,167.0,,26.0,160.0,1317500.0,5
257,2021-01-20,226.0,16.0,143.0,0.1,25.9,1322680.0,5
258,2021-01-21,,498.0,,40.5,99.5,1342580.0,5
259,2021-01-22,,354.0,,40.0,0.5,1342680.0,5
260,2021-01-25,,287.0,,32.0,8.0,1344280.0,5
261,2021-01-26,,70.0,,88.0,-56.0,1333080.0,5
262,2021-01-27,194.0,49.0,153.0,0.1,87.9,1350660.0,5
263,2021-01-28,,67.0,,299.0,-149.0,1320860.0,5
264,2021-01-29,,8.4,,550.0,-251.0,1270660.0,5
265,2021-02-01,,16.5,,272.0,278.0,1326260.0,5
266,2021-02-02,,144.0,,35.0,237.0,1373660.0,5
267,2021-02-03,239.0,117.0,216.0,0.1,34.9,1380640.0,6
268,2021-02-04,,163.0,,217.0,-4.0,1379840.0,6
269,2021-02-05,,195.0,,143.0,74.0,1394640.0,6
270,2021-02-17,222.0,580.0,134.0,0.3,142.7,1423180.0,6
271,2021-02-18,,223.0,,101.0,30.0,1429180.0,6
272,2021-02-19,,166.0,,107.0,-6.0,1427980.0,6
273,2021-02-22,,190.0,,59.0,48.0,1437580.0,6
274,2021-02-23,,211.0,,19.5,39.5,1445480.0,6
275,2021-02-24,227.0,0.1,147.0,64.0,-44.5,1436580.0,6
276,2021-02-25,,340.0,,52.0,92.0,1454980.0,6
277,2021-02-26,,88.0,,244.0,-192.0,1416580.0,6
278,2021-03-02,,16.5,,221.0,23.0,1421180.0,6
279,2021-03-03,220.0,33.0,162.0,0.1,220.9,1465360.0,6
280,2021-03-04,,89.0,,280.0,-121.0,1441160.0,6
281,2021-03-05,,48.5,,314.0,-34.0,1434360.0,6
282,2021-03-08,,17.0,,321.0,-7.0,1432960.0,6
283,2021-03-09,,5.3,,299.0,22.0,1437360.0,6
284,2021-03-10,201.0,0.1,174.0,273.0,26.0,1442560.0,6
285,2021-03-11,,373.0,,55.0,116.0,1465760.0,6
286,2021-03-12,,397.0,,21.0,34.0,1472560.0,6
287,2021-03-15,,365.0,,12.5,8.5,1474260.0,6
288,2021-03-16,,460.0,,1.6,10.9,1476440.0,6
289,2021-03-17,170.0,345.0,105.0,0.1,1.5,1476740.0,6
290,2021-03-18,,194.0,,66.0,36.0,1483940.0,6
291,2021-03-19,,68.0,,158.0,-92.0,1465540.0,6
292,2021-03-22,,98.0,,77.0,81.0,1481740.0,6
293,2021-03-23,,71.0,,56.0,21.0,1485940.0,6
294,2021-03-24,178.0,0.2,114.0,121.0,-65.0,1472940.0,6
295,2021-03-25,,190.0,,76.0,35.0,1479940.0,6
296,2021-03-26,,378.0,,15.0,61.0,1492140.0,6
297,2021-03-29,,495.0,,5.7,9.3,1494000.0,6
298,2021-03-30,,590.0,,0.6,5.1,1495020.0,6
299,2021-03-31,144.0,494.0,90.0,0.1,0.5,1495120.0,6
300,2021-04-01,,214.0,,41.5,45.5,1504220.0,6
301,2021-04-06,,343.0,,0.7,40.8,1512380.0,6
302,2021-04-07,142.0,390.0,101.0,0.1,0.6,1512500.0,6
303,2021-04-08,,225.0,,31.5,66.5,1525800.0,6
304,2021-04-09,,159.0,,51.0,-19.5,1521900.0,6
305,2021-04-12,,133.0,,33.0,18.0,1525500.0,6
306,2021-04-13,,90.0,,25.0,8.0,1527100.0,6
307,2021-04-14,141.0,67.0,130.0,0.2,24.8,1532060.0,6
308,2021-04-15,,281.0,,58.0,69.0,1545860.0,6
309,2021-04-16,,327.0,,21.0,37.0,1553260.0,6
310,2021-04-19,,425.0,,5.3,15.7,1556400.0,6
311,2021-04-20,,475.0,,1.7,3.6,1557120.0,6
312,2021-04-21,195.0,381.0,115.0,0.2,1.5,1557420.0,6
313,2021-04-22,,166.0,,119.0,-7.0,1556020.0,6
314,2021-04-23,,232.0,,47.5,71.5,1570320.0,6
315,2021-04-26,,462.0,,6.8,40.7,1578460.0,6
316,2021-04-27,,505.0,,1.1,5.7,1579600.0,6
317,2021-04-28,176.0,444.0,115.0,0.1,1.0,1579800.0,6
318,2021-04-29,,172.0,,78.0,34.0,1586600.0,6
319,2021-05-03,,19.0,,233.0,-155.0,1555600.0,6
320,2021-05-04,,0.9,,535.0,-302.0,1495200.0,6
321,2021-05-05,222.0,0.1,183.0,610.0,-75.0,1480200.0,6
322,2021-05-06,,297.0,,86.0,94.0,1499000.0,6
323,2021-05-07,,560.0,,13.5,72.5,1513500.0,6
324,2021-05-10,,500.0,,5.1,8.4,1515180.0,6
325,2021-05-11,,49.0,,193.0,-187.9,1477600.0,6
326,2021-05-12,429.0,0.5,332.0,855.0,-662.0,1345200.0,5
327,2021-05-13,,259.0,,295.0,34.0,1352000.0,5
328,2021-05-14,,334.0,,168.0,127.0,1377400.0,5
329,2021-05-17,,76.0,,414.0,-246.0,1328200.0,5
330,2021-05-18,,565.0,,18.5,395.5,1407300.0,5
331,2021-05-19,316.0,540.0,258.0,0.2,18.3,1410960.0,6
332,2021-05-20,,260.0,,245.0,10.0,1412960.0,6
333,2021-05-21,,402.0,,108.0,137.0,1440360.0,6
334,2021-05-24,,385.0,,62.0,46.0,1449560.0,6
335,2021-05-25,,600.0,,5.1,56.9,1460940.0,6
336,2021-05-26,214.0,635.0,172.0,0.2,4.9,1461920.0,6
337,2021-05-27,,163.0,,204.0,-35.0,1454920.0,6
338,2021-05-28,,343.0,,62.0,142.0,1483320.0,6
339,2021-05-31,,454.0,,20.5,41.5,1491620.0,6
340,2021-06-01,,560.0,,2.0,18.5,1495320.0,6
341,2021-06-02,236.0,530.0,157.0,0.2,1.8,1495680.0,6
342,2021-06-03,,290.0,,88.0,66.0,1508880.0,6
343,2021-06-04,,201.0,,122.0,-34.0,1502080.0,6
344,2021-06-07,,164.0,,99.0,23.0,1506680.0,6
345,2021-06-08,,112.0,,50.0,49.0,1516480.0,6
346,2021-06-09,184.0,0.1,173.0,103.0,-53.0,1505880.0,6
347,2021-06-10,,274.0,,64.0,106.0,1527080.0,6
348,2021-06-11,,301.0,,32.0,32.0,1533480.0,6
349,2021-06-15,,450.0,,2.4,29.6,1539400.0,6
350,2021-06-16,216.0,397.0,98.0,0.1,2.3,1539860.0,6
351,2021-06-17,,253.0,,63.0,32.0,1546260.0,6
352,2021-06-18,,201.0,,64.0,-1.0,1546060.0,6
353,2021-06-21,,47.5,,178.0,-114.0,1523260.0,6
354,2021-06-22,,32.0,,99.0,79.0,1539060.0,6
355,2021-06-23,208.0,147.0,116.0,0.1,98.9,1558840.0,6
356,2021-06-24,,231.0,,69.0,44.0,1567640.0,6
357,2021-06-25,,280.0,,41.0,28.0,1573240.0,6
358,2021-06-28,,354.0,,11.0,30.0,1579240.0,6
359,2021-06-29,,358.0,,3.5,7.5,1580740.0,6
360,2021-06-30,172.0,491.0,108.0,0.2,3.3,1581400.0,6
361,2021-07-01,,134.0,,124.0,-19.0,1577600.0,6
362,2021-07-02,,113.0,,110.0,14.0,1580400.0,6
363,2021-07-05,,245.0,,18.5,91.5,1598700.0,6
364,2021-07-06,,225.0,,8.3,10.2,1600740.0,6
365,2021-07-07,173.0,100.0,117.0,0.3,8.0,1602340.0,6
366,2021-07-08,,153.0,,105.0,9.0,1604140.0,6
367,2021-07-09,,65.0,,173.0,-68.0,1590540.0,6
368,2021-07-12,,106.0,,70.0,103.0,1611140.0,6
369,2021-07-13,,103.0,,34.5,35.5,1618240.0,6
370,2021-07-14,165.0,0.2,141.0,4.3,30.2,1624280.0,6
371,2021-07-15,,244.0,,72.0,66.0,1637480.0,6
372,2021-07-16,,145.0,,70.0,2.0,1637880.0,6
373,2021-07-19,,68.0,,124.0,-54.0,1627080.0,6
374,2021-07-20,,4.2,,295.0,-171.0,1592880.0,6
375,2021-07-21,288.0,0.4,118.0,420.0,-125.0,1567880.0,6
376,2021-07-22,,319.0,,47.0,68.0,1581480.0,6
377,2021-07-23,,313.0,,37.5,9.5,1583380.0,6
378,2021-07-26,,153.0,,55.0,-17.5,1579880.0,6
379,2021-07-27,,85.0,,53.0,2.0,1580280.0,6
380,2021-07-28,269.0,0.3,153.0,178.0,-125.0,1555280.0,6
381,2021-07-29,,485.0,,30.0,120.0,1579280.0,6
382,2021-07-30,,358.0,,55.0,-25.0,1574280.0,6
383,2021-08-02,,575.0,,5.9,49.1,1584100.0,6
384,2021-08-03,,600.0,,1.8,4.1,1584920.0,6
385,2021-08-04,174.0,655.0,108.0,655.0,-653.2,1454280.0,6
386,2021-08-05,,147.0,,104.0,1.0,1454480.0,6
387,2021-08-06,,82.0,,143.0,-39.0,1446680.0,6
388,2021-08-09,,41.5,,139.0,4.0,1447480.0,6
389,2021-08-10,,3.0,,217.0,-78.0,1431880.0,6
390,2021-08-11,169.0,0.1,146.0,379.0,-162.0,1399480.0,6
391,2021-08-12,,143.0,,133.0,10.0,1401480.0,6
392,2021-08-13,,39.0,,255.0,-122.0,1377080.0,6
393,2021-08-16,,7.0,,388.0,-133.0,1350480.0,6
394,2021-08-17,,1.4,,575.0,-187.0,1313080.0,6
395,2021-08-18,194.0,0.1,123.0,362.0,213.0,1355680.0,5
396,2021-08-19,,47.5,,351.0,-231.0,1309480.0,5
397,2021-08-20,,18.0,,463.0,-112.0,1287080.0,5
398,2021-08-23,,127.0,,86.0,377.0,1362480.0,5
399,2021-08-24,,157.0,,22.0,64.0,1375280.0,5
400,2021-08-25,183.0,309.0,139.0,0.1,21.9,1379660.0,6
401,2021-08-26,,198.0,,112.0,24.0,1384460.0,6
402,2021-08-27,,297.0,,46.0,66.0,1397660.0,6
403,2021-08-30,,425.0,,8.4,37.6,1405180.0,6
404,2021-08-31,,530.0,,1.7,6.7,1406520.0,6
405,2021-09-01,174.0,545.0,121.0,0.2,1.5,1406820.0,6
406,2021-09-02,,84.0,,195.0,-77.0,1391420.0,6
407,2021-09-03,,165.0,,91.0,104.0,1412220.0,6
408,2021-09-06,,114.0,,62.0,29.0,1418020.0,6
409,2021-09-07,,52.0,,64.0,-2.0,1417620.0,6
410,2021-09-08,167.0,0.1,159.0,258.0,-194.0,1378820.0,6
411,2021-09-09,,146.0,,156.0,0.0,1378820.0,6
412,2021-09-10,,271.0,,43.5,112.5,1401320.0,6
413,2021-09-13,,220.0,,30.0,13.5,1404020.0,6
414,2021-09-14,,220.0,,9.5,20.5,1408120.0,6
415,2021-09-15,156.0,132.0,102.0,0.1,9.4,1410000.0,6
416,2021-09-16,,97.0,,117.0,-18.0,1406400.0,6
417,2021-09-17,,94.0,,79.0,38.0,1414000.0,6
418,2021-09-22,194.0,0.1,174.0,383.0,-304.0,1353200.0,5
419,2021-09-23,,270.0,,65.0,106.0,1374400.0,5
420,2021-09-24,,382.0,,21.5,43.5,1383100.0,5
421,2021-09-27,,415.0,,6.3,15.2,1386140.0,5
422,2021-09-28,,292.0,,5.4,0.9,1386320.0,5
423,2021-09-29,202.0,0.1,163.0,76.0,-70.6,1372200.0,5
424,2021-09-30,,240.0,,96.0,64.0,1385000.0,5
425,2021-10-01,,46.0,,296.0,-200.0,1345000.0,5
426,2021-10-04,,8.7,,418.0,-122.0,1320600.0,5
427,2021-10-05,,1.9,,381.0,37.0,1328000.0,5
428,2021-10-06,198.0,0.1,172.0,438.0,-57.0,1316600.0,5
429,2021-10-07,,409.0,,50.0,119.0,1340400.0,5
430,2021-10-08,,338.0,,53.0,-3.0,1339800.0,5
431,2021-10-12,,130.0,,50.0,3.0,1340400.0,5
432,2021-10-13,216.0,20.0,194.0,0.1,49.9,1350380.0,5
433,2021-10-14,,222.0,,118.0,73.0,1364980.0,5
434,2021-10-15,,496.0,,15.5,102.5,1385480.0,5
435,2021-10-18,,430.0,,9.3,6.2,1386720.0,5
436,2021-10-19,,605.0,,1.4,7.9,1388300.0,5
437,2021-10-20,180.0,585.0,113.0,0.1,1.3,1388560.0,6
438,2021-10-21,,119.0,,131.0,-21.0,1384360.0,6
439,2021-10-22,,120.0,,95.0,36.0,1391560.0,6
440,2021-10-25,,116.0,,50.0,45.0,1400560.0,6
441,2021-10-26,,215.0,,7.1,42.9,1409140.0,6
442,2021-10-27,151.0,207.0,114.0,0.1,7.0,1410540.0,6
443,2021-10-28,,117.0,,111.0,0.0,1410540.0,6
444,2021-10-29,,67.0,,151.0,-40.0,1402540.0,6
445,2021-11-01,,102.0,,57.0,94.0,1421340.0,6
446,2021-11-02,,55.0,,46.5,10.5,1423440.0,6
447,2021-11-03,157.0,62.0,108.0,0.2,46.3,1432700.0,6
448,2021-11-04,,127.0,,98.0,7.0,1434100.0,6
449,2021-11-05,,253.0,,27.0,71.0,1448300.0,6
450,2021-11-08,,378.0,,3.5,23.5,1453000.0,6
451,2021-11-09,,500.0,,1.4,2.1,1453420.0,6
452,2021-11-10,125.0,500.0,120.0,0.3,1.1,1453640.0,6
453,2021-11-11,,75.0,,152.0,-35.0,1446640.0,6
454,2021-11-12,,90.0,,96.0,56.0,1457840.0,6
455,2021-11-15,,145.0,,29.0,67.0,1471240.0,6
456,2021-11-16,,159.0,,7.3,21.7,1475580.0,6
457,2021-11-17,123.0,172.0,93.0,0.2,7.1,1477000.0,6
458,2021-11-18,,175.0,,56.0,34.0,1483800.0,6
459,2021-11-19,,160.0,,50.0,6.0,1485000.0,6
460,2021-11-22,,132.0,,39.0,11.0,1487200.0,6
461,2021-11-23,,14.5,,92.0,-53.0,1476600.0,6
462,2021-11-24,137.0,0.1,95.0,100.0,-8.0,1475000.0,6
463,2021-11-25,,122.0,,82.0,10.0,1477000.0,6
464,2021-11-26,,13.0,,308.0,-226.0,1431800.0,6
465,2021-11-29,,5.6,,330.0,-22.0,1427400.0,6
466,2021-11-30,,2.0,,300.0,30.0,1433400.0,6
467,2021-12-01,174.0,0.3,125.0,35.0,265.0,1486400.0,6
468,2021-12-02,,245.0,,78.0,44.0,1495200.0,6
469,2021-12-03,,232.0,,64.0,14.0,1498000.0,6
470,2021-12-06,,200.0,,40.0,24.0,1502800.0,6
471,2021-12-07,,274.0,,5.3,34.7,1509740.0,6
472,2021-12-08,137.0,331.0,134.0,0.3,5.0,1510740.0,6
473,2021-12-09,,145.0,,85.0,46.0,1519940.0,6
474,2021-12-10,,85.0,,117.0,-32.0,1513540.0,6
475,2021-12-13,,30.5,,127.0,-10.0,1511540.0,6
476,2021-12-14,,2.7,,253.0,-126.0,1486340.0,6
477,2021-12-15,178.0,0.1,99.0,221.0,32.0,1492740.0,6
478,2021-12-16,,302.0,,23.5,72.5,1507240.0,6
479,2021-12-17,,286.0,,30.0,-6.5,1505940.0,6
480,2021-12-20,,128.0,,70.0,-40.0,1497940.0,6
481,2021-12-21,,270.0,,4.2,65.8,1511100.0,6
482,2021-12-22,140.0,266.0,84.0,0.1,4.1,1511920.0,6
483,2021-12-23,,212.0,,39.5,41.5,1520220.0,6
484,2021-12-24,,198.0,,24.0,15.5,1523320.0,6
485,2021-12-27,,290.0,,6.2,17.8,1526880.0,6
486,2021-12-28,,415.0,,1.3,4.9,1527860.0,6
487,2021-12-29,137.0,470.0,95.0,0.1,1.2,1528100.0,6
488,2021-12-30,,86.0,,103.0,-11.0,1525900.0,6
489,2022-01-03,,82.0,,44.5,58.5,1537600.0,6
490,2022-01-04,,280.0,,2.8,41.7,1545940.0,6
491,2022-01-05,146.0,216.0,104.0,0.1,2.7,1546480.0,6
492,2022-01-06,,72.0,,173.0,-72.0,1532080.0,6
493,2022-01-07,,20.0,,312.0,-139.0,1504280.0,6
494,2022-01-10,,16.5,,198.0,114.0,1527080.0,6
495,2022-01-11,,7.0,,163.0,35.0,1534080.0,6
496,2022-01-12,153.0,0.3,127.0,133.0,30.0,1540080.0,6
497,2022-01-13,,171.0,,96.0,28.0,1545680.0,6
498,2022-01-14,,108.0,,96.0,0.0,1545680.0,6
499,2022-01-17,,185.0,,25.5,70.5,1559780.0,6
500,2022-01-18,,56.0,,58.0,-32.5,1553280.0,6
501,2022-01-19,217.0,0.1,144.0,132.0,-74.0,1538480.0,6
502,2022-01-20,,230.0,,78.0,63.0,1551080.0,6
503,2022-01-21,,55.0,,232.0,-154.0,1520280.0,6
504,2022-01-24,,40.0,,154.0,78.0,1535880.0,6
505,2022-01-25,,2.7,,400.0,-246.0,1486680.0,6
506,2022-01-26,264.0,0.2,219.0,387.0,13.0,1489280.0,6
507,2022-02-07,124.0,281.0,65.0,0.2,215.8,1532440.0,6
508,2022-02-08,,120.0,,20.5,41.5,1540740.0,6
509,2022-02-09,134.0,296.0,116.0,0.1,20.4,1544820.0,6
510,2022-02-10,,235.0,,47.0,66.0,1558020.0,6
511,2022-02-11,,196.0,,72.0,-25.0,1553020.0,6
512,2022-02-14,,37.0,,213.0,-141.0,1524820.0,6
513,2022-02-15,,9.5,,206.0,7.0,1526220.0,6
514,2022-02-16,172.0,55.0,125.0,0.1,205.9,1567400.0,6
515,2022-02-17,,178.0,,109.0,13.0,1570000.0,6
516,2022-02-18,,154.0,,103.0,6.0,1571200.0,6
517,2022-02-21,,119.0,,78.0,25.0,1576200.0,6
518,2022-02-22,,4.0,,290.0,-212.0,1533800.0,6
519,2022-02-23,189.0,0.1,117.0,124.0,166.0,1567000.0,6
520,2022-02-24,,24.0,,478.0,-364.0,1494200.0,6
521,2022-02-25,,13.5,,372.0,106.0,1515400.0,6
522,2022-03-01,,31.0,,102.0,270.0,1569400.0,6
523,2022-03-02,215.0,0.2,148.0,104.0,-2.0,1569000.0,6
524,2022-03-03,,252.0,,101.0,44.0,1577800.0,6
525,2022-03-04,,104.0,,208.0,-107.0,1556400.0,6
526,2022-03-07,,3.6,,700.0,-492.0,1458000.0,6
527,2022-03-08,,0.8,,1040.0,-340.0,1390000.0,6
528,2022-03-09,253.0,0.1,201.0,750.0,290.0,1448000.0,6
529,2022-03-10,,600.0,,54.0,144.0,1476800.0,6
530,2022-03-11,,399.0,,77.0,-23.0,1472200.0,6
531,2022-03-14,,366.0,,32.0,45.0,1481200.0,6
532,2022-03-15,,86.0,,102.0,-70.0,1467200.0,6
533,2022-03-16,264.0,37.0,196.0,0.1,101.9,1487580.0,6
534,2022-03-17,,605.0,,28.5,164.5,1520480.0,6
535,2022-03-18,,545.0,,25.0,3.5,1521180.0,6
536,2022-03-21,,625.0,,5.7,19.3,1525040.0,6
537,2022-03-22,,655.0,,1.0,4.7,1525980.0,6
538,2022-03-23,147.0,805.0,123.0,0.1,0.9,1526160.0,6
539,2022-03-24,,117.0,,125.0,-5.0,1525160.0,6
540,2022-03-25,,80.0,,133.0,-8.0,1523560.0,6
541,2022-03-28,,7.5,,251.0,-118.0,1499960.0,6
542,2022-03-29,,6.3,,141.0,110.0,1521960.0,6
543,2022-03-30,153.0,58.0,97.0,0.1,140.9,1550140.0,6
544,2022-03-31,,95.0,,132.0,-38.0,1542540.0,6
545,2022-04-01,,39.5,,162.0,-30.0,1536540.0,6
546,2022-04-06,154.0,0.1,133.0,188.0,-26.0,1531340.0,6
547,2022-04-07,,26.0,,370.0,-240.0,1483340.0,6
548,2022-04-08,,39.0,,224.0,146.0,1512540.0,6
549,2022-04-11,,3.1,,442.0,-218.0,1468940.0,6
550,2022-04-12,,0.7,,490.0,-48.0,1459340.0,6
551,2022-04-13,158.0,0.1,142.0,189.0,301.0,1519540.0,6
552,2022-04-14,,139.0,,140.0,-1.0,1519340.0,6
553,2022-04-15,,18.0,,338.0,-198.0,1479740.0,6
554,2022-04-18,,4.7,,420.0,-82.0,1463340.0,6
555,2022-04-19,,1.2,,300.0,120.0,1487340.0,6
556,2022-04-20,175.0,0.1,131.0,175.0,125.0,1512340.0,6
557,2022-04-21,,184.0,,91.0,37.0,1519740.0,6
558,2022-04-22,,92.0,,127.0,-36.0,1512540.0,6
559,2022-04-25,,4.2,,453.0,-326.0,1447340.0,6
560,2022-04-26,,1.2,,435.0,18.0,1450940.0,6
561,2022-04-27,220.0,0.1,158.0,750.0,-315.0,1387940.0,6
562,2022-04-28,,264.0,,111.0,44.0,1396740.0,6
563,2022-04-29,,386.0,,39.0,72.0,1411140.0,6
564,2022-05-03,,267.0,,16.0,23.0,1415740.0,6
565,2022-05-04,196.0,291.0,161.0,0.1,15.9,1418920.0,6
566,2022-05-05,,261.0,,56.0,102.0,1439320.0,6
567,2022-05-06,,74.0,,201.0,-145.0,1410320.0,6
568,2022-05-09,,4.3,,456.0,-255.0,1359320.0,6
569,2022-05-10,,1.4,,435.0,21.0,1363520.0,6
570,2022-05-11,193.0,0.2,184.0,473.0,-38.0,1355920.0,5
571,2022-05-12,,46.5,,418.0,-237.0,1308520.0,5
572,2022-05-13,,71.0,,222.0,196.0,1347720.0,5
573,2022-05-16,,64.0,,141.0,81.0,1363920.0,5
574,2022-05-17,,106.0,,29.0,112.0,1386320.0,5
575,2022-05-18,205.0,301.0,123.0,0.1,28.9,1392100.0,6
576,2022-05-19,,75.0,,272.0,-152.0,1361700.0,6
577,2022-05-20,,141.0,,121.0,151.0,1391900.0,6
578,2022-05-23,,130.0,,100.0,21.0,1396100.0,6
579,2022-05-24,,10.0,,193.0,-93.0,1377500.0,6
580,2022-05-25,184.0,5.0,140.0,0.2,192.8,1416060.0,6
581,2022-05-26,,116.0,,184.0,-47.0,1406660.0,6
582,2022-05-27,,250.0,,44.5,139.5,1434560.0,6
583,2022-05-30,,540.0,,3.2,41.3,1442820.0,6
584,2022-05-31,,660.0,,1.1,2.1,1443240.0,6
585,2022-06-01,164.0,665.0,134.0,0.1,1.0,1443440.0,6
586,2022-06-02,,114.0,,158.0,-27.0,1438040.0,6
587,2022-06-06,,103.0,,74.0,84.0,1454840.0,6
588,2022-06-07,,17.0,,129.0,-55.0,1443840.0,6
589,2022-06-08,171.0,59.0,127.0,0.1,128.9,1469620.0,6
590,2022-06-09,,123.0,,138.0,-14.0,1466820.0,6
591,2022-06-10,,68.0,,195.0,-57.0,1455420.0,6
592,2022-06-13,,2.8,,550.0,-355.0,1384420.0,6
593,2022-06-14,,1.3,,550.0,0.0,1384420.0,6
594,2022-06-15,495.0,0.2,75.0,540.0,10.0,1386420.0,6
595,2022-06-16,,367.0,,86.0,-14.0,1383620.0,6
596,2022-06-17,,207.0,,123.0,-37.0,1376220.0,6
597,2022-06-20,,65.0,,156.0,-33.0,1369620.0,6
598,2022-06-21,,227.0,,11.0,145.0,1398620.0,6
599,2022-06-22,348.0,0.1,108.0,112.0,-101.0,1378420.0,6
600,2022-06-23,,288.0,,120.0,-15.0,1375420.0,6
601,2022-06-24,,340.0,,60.0,60.0,1387420.0,6
602,2022-06-27,,510.0,,6.5,53.5,1398120.0,6
603,2022-06-28,,425.0,,2.4,4.1,1398940.0,6
604,2022-06-29,244.0,261.0,128.0,0.1,2.3,1399400.0,6
605,2022-06-30,,74.0,,350.0,-225.0,1354400.0,6
606,2022-07-01,,8.8,,735.0,-385.0,1277400.0,6
607,2022-07-04,,2.4,,750.0,-15.0,1274400.0,6
608,2022-07-05,,1.0,,665.0,85.0,1291400.0,6
609,2022-07-06,310.0,0.4,180.0,1050.0,-385.0,1214400.0,5
610,2022-07-07,,490.0,,57.0,120.0,1238400.0,5
611,2022-07-08,,600.0,,21.5,35.5,1245500.0,5
612,2022-07-11,,525.0,,9.9,11.6,1247820.0,5
613,2022-07-12,,204.0,,38.0,-28.1,1242200.0,5
614,2022-07-13,217.0,580.0,191.0,0.2,37.8,1249760.0,5
615,2022-07-14,,247.0,,114.0,74.0,1264560.0,5
616,2022-07-15,,275.0,,51.0,63.0,1277160.0,5
617,2022-07-18,,400.0,,8.0,43.0,1285760.0,5
618,2022-07-19,,432.0,,1.5,6.5,1287060.0,5
619,2022-07-20,236.0,462.0,114.0,0.1,1.4,1287340.0,5
620,2022-07-21,,304.0,,47.0,64.0,1300140.0,5
621,2022-07-22,,296.0,,34.0,13.0,1302740.0,5
622,2022-07-25,,319.0,,13.5,20.5,1306840.0,5
623,2022-07-26,,216.0,,8.4,5.1,1307860.0,5
624,2022-07-27,215.0,286.0,115.0,0.1,8.3,1309520.0,5
625,2022-07-28,,222.0,,78.0,34.0,1316320.0,5
626,2022-07-29,,276.0,,30.0,48.0,1325920.0,5
627,2022-08-01,,213.0,,28.5,1.5,1326220.0,5
628,2022-08-02,,65.0,,119.0,-90.5,1308120.0,5
629,2022-08-03,199.0,0.1,160.0,43.0,76.0,1323320.0,5
630,2022-08-04,,170.0,,148.0,9.0,1325120.0,5
631,2022-08-05,,405.0,,23.0,125.0,1350120.0,5
632,2022-08-08,,349.0,,10.5,12.5,1352620.0,5
633,2022-08-09,,390.0,,1.4,9.1,1354440.0,5
634,2022-08-10,166.0,295.0,140.0,0.3,1.1,1354660.0,5
635,2022-08-11,,362.0,,23.0,114.0,1377460.0,5
636,2022-08-12,,432.0,,8.1,14.9,1380440.0,5
637,2022-08-15,,540.0,,2.1,6.0,1381640.0,5
638,2022-08-16,,580.0,,0.7,1.4,1381920.0,5
639,2022-08-17,164.0,600.0,85.0,0.1,0.6,1382040.0,6
640,2022-08-18,,115.0,,99.0,-17.0,1378640.0,6
641,2022-08-19,,118.0,,64.0,35.0,1385640.0,6
642,2022-08-22,,20.5,,143.0,-79.0,1369840.0,6
643,2022-08-23,,0.9,,270.0,-127.0,1344440.0,6
644,2022-08-24,173.0,0.1,99.0,253.0,17.0,1347840.0,5
645,2022-08-25,,249.0,,37.5,58.5,1359540.0,5
646,2022-08-26,,289.0,,20.0,17.5,1363040.0,5
647,2022-08-29,,33.0,,169.0,-149.0,1333240.0,5
648,2022-08-30,,43.5,,52.0,117.0,1356640.0,5
649,2022-08-31,192.0,78.0,119.0,0.2,51.8,1367000.0,5
650,2022-09-01,,62.0,,287.0,-171.0,1332800.0,5
651,2022-09-02,,20.0,,381.0,-94.0,1314000.0,5
652,2022-09-05,,3.6,,356.0,25.0,1319000.0,5
653,2022-09-06,,1.6,,333.0,23.0,1323600.0,5
654,2022-09-07,186.0,0.2,144.0,585.0,-252.0,1273200.0,5
655,2022-09-08,,272.0,,50.0,91.0,1291400.0,5
656,2022-09-12,,475.0,,3.2,46.8,1300760.0,5
657,2022-09-13,,555.0,,0.7,2.5,1301260.0,5
658,2022-09-14,179.0,316.0,151.0,0.1,0.6,1301380.0,5
659,2022-09-15,,189.0,,98.0,50.0,1311380.0,5
660,2022-09-16,,86.0,,152.0,-54.0,1300580.0,5
661,2022-09-19,,33.5,,165.0,-13.0,1297980.0,5
662,2022-09-20,,56.0,,45.0,120.0,1321980.0,5
663,2022-09-21,201.0,0.1,170.0,148.0,-103.0,1301380.0,5
664,2022-09-22,,70.0,,212.0,-45.0,1292380.0,5
665,2022-09-23,,19.5,,281.0,-69.0,1278580.0,5
666,2022-09-26,,1.9,,615.0,-334.0,1211780.0,5
667,2022-09-27,,0.6,,570.0,45.0,1220780.0,5
668,2022-09-28,197.0,0.2,175.0,900.0,-330.0,1154780.0,5
669,2022-09-29,,172.0,,143.0,29.0,1160580.0,5
670,2022-09-30,,101.0,,195.0,-52.0,1150180.0,5
671,2022-10-03,,37.5,,224.0,-29.0,1144380.0,5
672,2022-10-04,,125.0,,29.5,194.5,1183280.0,5
673,2022-10-05,145.0,322.0,130.0,0.1,29.4,1189160.0,5
674,2022-10-06,,174.0,,93.0,34.0,1195960.0,5
675,2022-10-07,,72.0,,178.0,-85.0,1178960.0,5
676,2022-10-11,,0.9,,690.0,-512.0,1076560.0,5
677,2022-10-12,212.0,0.2,188.0,710.0,-20.0,1072560.0,4
678,2022-10-13,,113.0,,296.0,-111.0,1050360.0,4
679,2022-10-14,,213.0,,95.0,201.0,1090560.0,4
680,2022-10-17,,72.0,,146.0,-51.0,1080360.0,4
681,2022-10-18,,102.0,,52.0,94.0,1099160.0,4
682,2022-10-19,195.0,0.1,168.0,51.0,1.0,1099360.0,4
683,2022-10-20,,137.0,,177.0,-12.0,1096960.0,4
684,2022-10-21,,83.0,,214.0,-37.0,1089560.0,4
685,2022-10-24,,77.0,,141.0,73.0,1104160.0,4
686,2022-10-25,,6.0,,270.0,-129.0,1078360.0,4
687,2022-10-26,188.0,0.1,150.0,209.0,61.0,1090560.0,4
688,2022-10-27,,316.0,,52.0,95.0,1109560.0,4
689,2022-10-28,,165.0,,91.0,-39.0,1101760.0,4
690,2022-10-31,,260.0,,16.5,74.5,1116660.0,4
691,2022-11-01,,340.0,,2.4,14.1,1119480.0,4
692,2022-11-02,187.0,386.0,141.0,0.2,2.2,1119920.0,4
693,2022-11-03,,89.0,,171.0,-33.0,1113320.0,4
694,2022-11-04,,99.0,,111.0,60.0,1125320.0,4
695,2022-11-07,,201.0,,18.5,92.5,1143820.0,4
696,2022-11-08,,282.0,,2.9,15.6,1146940.0,4
697,2022-11-09,169.0,565.0,124.0,0.1,2.8,1147500.0,5
698,2022-11-10,,109.0,,175.0,-54.0,1136700.0,5
699,2022-11-11,,515.0,,9.2,165.8,1169860.0,5
700,2022-11-14,,580.0,,2.7,6.5,1171160.0,5
701,2022-11-15,,980.0,,1.1,1.6,1171480.0,5
702,2022-11-16,240.0,945.0,162.0,0.3,0.8,1171640.0,5
703,2022-11-17,,212.0,,111.0,48.0,1181240.0,5
704,2022-11-18,,163.0,,115.0,-4.0,1180440.0,5
705,2022-11-21,,96.0,,84.0,31.0,1186640.0,5
706,2022-11-22,,112.0,,25.5,58.5,1198340.0,5
707,2022-11-23,160.0,171.0,126.0,0.2,25.3,1203400.0,5
708,2022-11-24,,259.0,,47.0,76.0,1218600.0,5
709,2022-11-25,,204.0,,57.0,-10.0,1216600.0,5
710,2022-11-28,,42.5,,126.0,-69.0,1202800.0,5
711,2022-11-29,,118.0,,19.0,107.0,1224200.0,5
712,2022-11-30,179.0,231.0,144.0,0.2,18.8,1227960.0,5
713,2022-12-01,,279.0,,54.0,87.0,1245360.0,5
714,2022-12-02,,195.0,,66.0,-12.0,1242960.0,5
715,2022-12-05,,203.0,,25.5,40.5,1251060.0,5
716,2022-12-06,,32.5,,104.0,-78.5,1235360.0,5
717,2022-12-07,198.0,0.2,147.0,130.0,-26.0,1230160.0,5
718,2022-12-08,,118.0,,188.0,-44.0,1221360.0,5
719,2022-12-09,,211.0,,75.0,113.0,1243960.0,5
720,2022-12-12,,117.0,,102.0,-27.0,1238560.0,5
721,2022-12-13,,89.0,,138.0,-36.0,1231360.0,5
722,2022-12-14,173.0,125.0,161.0,0.1,137.9,1258940.0,5
723,2022-12-15,,127.0,,114.0,44.0,1267740.0,5
724,2022-12-16,,24.0,,263.0,-149.0,1237940.0,5
725,2022-12-19,,6.5,,299.0,-36.0,1230740.0,5
726,2022-12-20,,0.9,,550.0,-251.0,1180540.0,5
727,2022-12-21,159.0,0.1,117.0,480.0,70.0,1194540.0,5
728,2022-12-22,,291.0,,37.0,77.0,1209940.0,5
729,2022-12-23,,143.0,,72.0,-35.0,1202940.0,5
730,2022-12-26,,150.0,,28.0,44.0,1211740.0,5
731,2022-12-27,,190.0,,7.5,20.5,1215840.0,5
732,2022-12-28,147.0,0.2,113.0,19.5,-12.0,1213440.0,5
733,2022-12-29,,94.0,,132.0,-22.0,1209040.0,5
734,2022-12-30,,123.0,,70.0,62.0,1221440.0,5
735,2023-01-03,,158.0,,11.0,59.0,1233240.0,5
736,2023-01-04,156.0,123.0,120.0,0.1,10.9,1235420.0,5
737,2023-01-05,,182.0,,69.0,48.0,1245020.0,5
738,2023-01-06,,218.0,,44.5,24.5,1249920.0,5
739,2023-01-09,,575.0,,3.2,41.3,1258180.0,5
740,2023-01-10,,615.0,,1.0,2.2,1258620.0,5
741,2023-01-11,216.0,555.0,175.0,0.3,0.7,1258760.0,5
742,2023-01-12,,210.0,,193.0,-21.0,1254560.0,5
743,2023-01-13,,213.0,,130.0,63.0,1267160.0,5
744,2023-01-16,,262.0,,76.0,54.0,1277960.0,5
745,2023-01-17,,246.0,,66.0,10.0,1279960.0,5
746,2023-01-30,117.0,700.0,56.0,0.3,65.7,1293100.0,5
747,2023-01-31,,11.0,,139.0,-86.0,1275900.0,5
748,2023-02-01,165.0,0.3,121.0,41.0,98.0,1295500.0,5
749,2023-02-02,,278.0,,35.5,82.5,1312000.0,5
750,2023-02-03,,266.0,,28.0,7.5,1313500.0,5
751,2023-02-06,,111.0,,46.5,-18.5,1309800.0,5
752,2023-02-07,,87.0,,30.5,16.0,1313000.0,5
753,2023-02-08,141.0,266.0,136.0,0.3,30.2,1319040.0,5
754,2023-02-09,,121.0,,123.0,10.0,1321040.0,5
755,2023-02-10,,107.0,,131.0,-8.0,1319440.0,5
756,2023-02-13,,74.0,,141.0,-10.0,1317440.0,5
757,2023-02-14,,122.0,,65.0,76.0,1332640.0,5
758,2023-02-15,109.0,0.1,176.0,202.0,-137.0,1305240.0,5
759,2023-02-16,,174.0,68.0,68.0,105.0,1326240.0,5
760,2023-02-17,,95.0,99.0,99.0,-34.0,1319440.0,5
761,2023-02-20,,122.0,33.0,33.0,63.0,1332040.0,5
762,2023-02-21,,114.0,18.5,18.5,11.5,1334340.0,5
763,2023-02-22,141.0,0.2,103.0,16.5,-1.0,1334140.0,5
764,2023-02-23,,291.0,,25.5,74.5,1349040.0,5
765,2023-02-24,,229.0,,23.5,2.0,1349440.0,5
766,2023-03-01,268.0,244.0,56.0,0.1,23.4,1354120.0,5
767,2023-03-02,,254.0,,44.5,8.5,1355820.0,5
768,2023-03-03,,302.0,,23.0,21.5,1360120.0,5
769,2023-03-06,,440.0,,3.6,19.4,1364000.0,5
770,2023-03-07,,525.0,,1.2,2.4,1364480.0,5
771,2023-03-08,147.0,460.0,113.0,0.2,1.0,1364680.0,5
772,2023-03-09,,124.0,,108.0,2.0,1365080.0,5
773,2023-03-10,,23.5,,295.0,-187.0,1327680.0,5
774,2023-03-13,,17.0,,249.0,46.0,1336880.0,5
775,2023-03-14,,2.2,,401.0,-152.0,1306480.0,5
776,2023-03-15,116.0,0.2,171.0,346.0,55.0,1317480.0,5
777,2023-03-16,,155.0,,106.0,62.0,1329880.0,5
778,2023-03-17,,49.0,,179.0,-73.0,1315280.0,5
779,2023-03-20,,41.0,,142.0,37.0,1322680.0,5
780,2023-03-21,,8.1,,197.0,-55.0,1311680.0,5
781,2023-03-22,164.0,0.1,126.0,444.0,-247.0,1262280.0,5
782,2023-03-23,,219.0,,63.0,60.0,1274280.0,5
783,2023-03-24,,267.0,,29.0,34.0,1281080.0,5
784,2023-03-27,,181.0,,25.0,4.0,1281880.0,5
785,2023-03-28,,56.0,,46.0,-21.0,1277680.0,5
786,2023-03-29,156.0,49.0,101.0,0.1,45.9,1286860.0,5
787,2023-03-30,,199.0,,60.0,38.0,1294460.0,5
788,2023-03-31,,219.0,,38.5,21.5,1298760.0,5
789,2023-04-06,121.0,95.0,96.0,0.2,38.3,1306420.0,5
790,2023-04-07,,137.0,,52.0,41.0,1314620.0,5
791,2023-04-10,,144.0,,23.5,28.5,1320320.0,5
792,2023-04-11,,189.0,,5.7,17.8,1323880.0,5
793,2023-04-12,131.0,182.0,104.0,0.2,5.5,1324980.0,5
794,2023-04-13,,59.0,,143.0,-42.0,1316580.0,5
795,2023-04-14,,105.0,,56.0,87.0,1333980.0,5
796,2023-04-17,,101.0,,30.5,25.5,1339080.0,5
797,2023-04-18,,38.5,,48.0,-17.5,1335580.0,5
798,2023-04-19,137.0,0.3,97.0,125.0,-77.0,1320180.0,5
799,2023-04-20,,99.0,,110.0,-16.0,1316980.0,5
800,2023-04-21,,28.0,,156.0,-46.0,1307780.0,5
801,2023-04-24,,12.0,,147.0,9.0,1309580.0,5
802,2023-04-25,,1.0,,371.0,-224.0,1264780.0,5
803,2023-04-26,125.0,0.2,100.0,370.0,1.0,1264980.0,5
804,2023-04-27,,136.0,,61.0,36.0,1272180.0,5
805,2023-04-28,,235.0,,15.0,46.0,1281380.0,5
806,2023-05-02,,333.0,,1.6,13.4,1284060.0,5
807,2023-05-03,117.0,268.0,121.0,0.2,1.4,1284340.0,5
808,2023-05-04,,134.0,,74.0,44.0,1293140.0,5
809,2023-05-05,,134.0,,44.0,30.0,1299140.0,5
810,2023-05-08,,177.0,,11.5,32.5,1305640.0,5
811,2023-05-09,,180.0,,2.9,8.6,1307360.0,5
812,2023-05-10,108.0,61.0,98.0,0.1,2.8,1307920.0,5
813,2023-05-11,,49.0,,130.0,-35.0,1300920.0,5
814,2023-05-12,,29.0,,123.0,7.0,1302320.0,5
815,2023-05-15,,17.5,,108.0,15.0,1305320.0,5
816,2023-05-16,,103.0,,11.0,97.0,1324720.0,5
817,2023-05-17,166.0,353.0,73.0,0.1,10.9,1326900.0,5
818,2023-05-18,,316.0,,23.5,46.5,1336200.0,5
819,2023-05-19,,361.0,,13.0,10.5,1338300.0,5
820,2023-05-22,,340.0,,4.5,8.5,1340000.0,5
821,2023-05-23,,348.0,,1.9,2.6,1340520.0,5
822,2023-05-24,153.0,299.0,65.0,0.3,1.6,1340840.0,5
823,2023-05-25,,255.0,,28.0,34.0,1347640.0,5
824,2023-05-26,,466.0,,6.0,22.0,1352040.0,5
825,2023-05-29,,610.0,,1.6,4.4,1352920.0,5
826,2023-05-30,,595.0,,0.9,0.7,1353060.0,5
827,2023-05-31,189.0,540.0,92.0,0.1,0.8,1353220.0,5
828,2023-06-01,,162.0,,79.0,10.0,1355220.0,5
829,2023-06-02,,330.0,,13.5,65.5,1368320.0,5
830,2023-06-05,,278.0,,6.6,6.9,1369700.0,5
831,2023-06-06,,320.0,,2.3,4.3,1370560.0,5
832,2023-06-07,152.0,456.0,88.0,0.1,2.2,1371000.0,5
833,2023-06-08,,58.0,,161.0,-76.0,1355800.0,5
834,2023-06-09,,120.0,,65.0,96.0,1375000.0,5
835,2023-06-12,,143.0,,26.0,39.0,1382800.0,5
836,2023-06-13,,390.0,,1.8,24.2,1387640.0,5
837,2023-06-14,130.0,393.0,131.0,0.3,1.5,1387940.0,6
838,2023-06-15,,199.0,,59.0,69.0,1401740.0,6
839,2023-06-16,,134.0,,64.0,-5.0,1400740.0,6
840,2023-06-19,,97.0,,42.0,22.0,1405140.0,6
841,2023-06-20,,35.5,,46.5,-4.5,1404240.0,6
842,2023-06-21,223.0,30.0,50.0,0.1,46.4,1413520.0,6
843,2023-06-26,,96.0,,43.0,4.0,1414320.0,6
844,2023-06-27,,17.0,,86.0,-43.0,1405720.0,6
845,2023-06-28,144.0,0.1,93.0,69.0,17.0,1409120.0,6
846,2023-06-29,,133.0,,84.0,6.0,1410320.0,6
847,2023-06-30,,137.0,,50.0,34.0,1417120.0,6
848,2023-07-03,,340.0,,4.9,45.1,1426140.0,6
849,2023-07-04,,400.0,,0.9,4.0,1426940.0,6
850,2023-07-05,126.0,276.0,96.0,0.3,0.6,1427060.0,6
851,2023-07-06,,18.0,,304.0,-211.0,1384860.0,6
852,2023-07-07,,8.7,,349.0,-45.0,1375860.0,6
853,2023-07-10,,1.9,,421.0,-72.0,1361460.0,6
854,2023-07-11,,14.0,,117.0,304.0,1422260.0,6
855,2023-07-12,146.0,0.1,121.0,86.0,31.0,1428460.0,6
856,2023-07-13,,238.0,,52.0,66.0,1441660.0,6
857,2023-07-14,,406.0,,12.0,40.0,1449660.0,6
858,2023-07-17,,391.0,,4.2,7.8,1451220.0,6
859,2023-07-18,,325.0,,2.8,1.4,1451500.0,6
860,2023-07-19,183.0,203.0,113.0,0.2,2.6,1452020.0,6
861,2023-07-20,,196.0,,79.0,31.0,1458220.0,6
862,2023-07-21,,75.0,,133.0,-54.0,1447420.0,6
863,2023-07-24,,66.0,,92.0,41.0,1455620.0,6
864,2023-07-25,,185.0,,9.0,83.0,1472220.0,6
865,2023-07-26,149.0,104.0,118.0,0.1,8.9,1474000.0,6
866,2023-07-27,,210.0,,55.0,60.0,1486000.0,6
867,2023-07-28,,221.0,,31.5,23.5,1490700.0,6
868,2023-07-31,,94.0,,68.0,-36.5,1483400.0,6
869,2023-08-01,,116.0,,21.5,46.5,1492700.0,6
870,2023-08-02,160.0,0.1,144.0,246.0,-224.5,1447800.0,6
871,2023-08-04,,132.0,,100.0,41.0,1456000.0,6
872,2023-08-07,,228.0,,25.5,74.5,1470900.0,6
873,2023-08-08,,105.0,,37.5,-12.0,1468500.0,6
874,2023-08-09,150.0,71.0,147.0,0.3,37.2,1475940.0,6
875,2023-08-10,,60.0,,253.0,-109.0,1454140.0,6
876,2023-08-11,,25.5,,252.0,1.0,1454340.0,6
877,2023-08-14,,2.0,,475.0,-223.0,1409740.0,6
878,2023-08-15,,0.7,,430.0,45.0,1418740.0,6
879,2023-08-16,174.0,0.1,115.0,486.0,-56.0,1407540.0,6
880,2023-08-17,,204.0,,66.0,46.0,1416740.0,6
881,2023-08-18,,133.0,,97.0,-31.0,1410540.0,6
882,2023-08-21,,97.0,,73.0,24.0,1415340.0,6
883,2023-08-22,,109.0,,26.5,46.5,1424640.0,6
884,2023-08-23,278.0,206.0,67.0,0.1,26.4,1429920.0,6
885,2023-08-24,,433.0,,12.5,51.5,1440220.0,6
886,2023-08-25,,167.0,,67.0,-54.5,1429320.0,6
887,2023-08-28,,182.0,,23.5,43.5,1438020.0,6
888,2023-08-29,,291.0,,1.3,22.2,1442460.0,6
889,2023-08-30,133.0,381.0,98.0,0.1,1.2,1442700.0,6
890,2023-08-31,,82.0,,131.0,-36.0,1435500.0,6
