,日期,Close,價平買權次週每日結算價,價平買權近週每日結算價,價平賣權次週每日結算價,價平賣權近週每日結算價,Implied volatility of Call,Implied volatility of Put,Signal of Long Call,Signal of Long Put,Signal of Long Call_E,Signal of Long Put_E
0,2020-01-02,8721,68.0,102.0,56.0,0.1,0.14076025570704664,0.1159202105822737,0,0,0,0
1,2020-01-03,8583,,52.0,,56.0,,,0,0,0,0
2,2020-01-06,8505,,5.4,,147.0,,,0,0,0,0
3,2020-01-07,8422,,0.6,,225.0,,,0,0,0,0
4,2020-01-08,8603,136.0,0.1,99.0,260.0,0.28538188771850603,0.20774122708920661,0,1,0,1
5,2020-01-09,8645,,247.0,,29.0,,,0,0,0,1
6,2020-01-10,8750,,284.0,,20.0,,,0,0,0,1
7,2020-01-13,8815,,370.0,,1.5,,,0,0,0,1
8,2020-01-14,8714,,431.0,,0.9,,,0,0,0,1
9,2020-01-15,8712,101.0,313.0,86.0,0.1,0.20928636159748645,0.17820422868696864,0,1,0,1
10,2020-01-16,8731,,99.0,,84.0,,,0,0,0,1
11,2020-01-17,8771,,100.0,,66.0,,,0,0,0,1
12,2020-01-30,8129,186.0,0.2,95.0,615.0,0.41306009592369836,0.2109715543696309,1,1,1,1
13,2020-01-31,7984,,228.0,,42.5,,,0,0,1,1
14,2020-02-03,8194,,115.0,,76.0,,,0,0,1,1
15,2020-02-04,8202,,258.0,,7.9,,,0,0,1,1
16,2020-02-05,8399,149.0,260.0,96.0,0.1,0.32025513946539835,0.2063388818032097,1,1,1,1
17,2020-02-06,8249,,278.0,,28.5,,,0,0,1,1
18,2020-02-07,8225,,161.0,,56.0,,,0,0,1,1
19,2020-02-10,8324,,126.0,,44.0,,,0,0,1,1
20,2020-02-11,8430,,187.0,,8.4,,,0,0,1,1
21,2020-02-12,8435,110.0,293.0,90.0,0.2,0.2354209018834808,0.19261710154102973,0,1,0,1
22,2020-02-13,8470,,105.0,,79.0,,,0,0,0,1
23,2020-02-14,8429,,108.0,,47.0,,,0,0,0,1
24,2020-02-17,8300,,61.0,,40.5,,,0,0,0,1
25,2020-02-18,8434,,8.2,,117.0,,,0,0,0,1
26,2020-02-19,8384,105.0,10.0,80.0,0.1,0.22608692669549343,0.1722567060537093,0,1,0,1
27,2020-02-20,8334,,69.0,,92.0,,,0,0,0,1
28,2020-02-21,8182,,41.5,,116.0,,,0,0,0,1
29,2020-02-24,8212,,5.1,,232.0,,,0,0,0,1
30,2020-02-25,8092,,1.7,,202.0,,,0,0,0,1
31,2020-02-26,7947,144.0,0.1,111.0,317.0,0.32711216841546964,0.2521489631535912,1,1,1,1
32,2020-03-02,7992,,17.5,,222.0,,,0,0,1,1
33,2020-03-03,8029,,24.5,,89.0,,,0,0,1,1
34,2020-03-04,8162,138.0,0.1,110.0,21.0,0.3052248695946049,0.243295185908743,1,1,1,1
35,2020-03-05,7940,,202.0,,44.5,,,0,0,1,1
36,2020-03-06,7622,,84.0,,146.0,,,0,0,1,1
37,2020-03-09,7652,,7.5,,385.0,,,0,0,1,1
38,2020-03-10,7495,,1.3,,340.0,,,0,0,1,1
39,2020-03-11,7033,200.0,0.2,178.0,443.0,0.5133656418151211,0.45689542121545773,1,1,1,1
40,2020-03-12,6698,,32.5,,468.0,,,0,0,1,1
41,2020-03-13,6350,,19.5,,785.0,,,0,0,1,1
42,2020-03-16,6042,,1.5,,1120.0,,,0,0,1,1
43,2020-03-17,5756,,0.1,,1430.0,,,0,0,1,1
44,2020-03-18,5193,417.0,0.3,285.0,1490.0,1.4496232746537225,0.9907497200870765,1,1,1,1
45,2020-03-19,5878,,146.0,,565.0,,,0,0,1,1
46,2020-03-20,5502,,370.0,,160.0,,,0,0,1,1
47,2020-03-23,6030,,141.0,,260.0,,,0,0,1,1
48,2020-03-24,6422,,427.0,,9.5,,,0,0,1,1
49,2020-03-25,6468,308.0,715.0,194.0,0.2,0.859642990210892,0.5414634418860813,1,1,1,1
50,2020-03-26,6416,,324.0,,154.0,,,0,0,1,1
51,2020-03-27,6403,,251.0,,154.0,,,0,0,1,1
52,2020-03-30,6432,,203.0,,91.0,,,0,0,1,1
53,2020-03-31,6392,,160.0,,34.5,,,0,0,1,1
54,2020-04-06,6835,,326.0,,16.0,,,0,0,1,1
55,2020-04-07,6959,,465.0,,1.4,,,0,0,1,1
56,2020-04-08,6937,180.0,565.0,152.0,0.1,0.46842302191108137,0.39555721850269093,1,1,1,1
57,2020-04-09,6970,,142.0,,142.0,,,0,0,1,1
58,2020-04-10,6916,,133.0,,99.0,,,0,0,1,1
59,2020-04-13,7180,,82.0,,106.0,,,0,0,1,1
60,2020-04-14,7242,,250.0,,4.4,,,0,0,1,1
61,2020-04-15,7218,198.0,351.0,110.0,0.1,0.49520581231600014,0.27511434017555564,1,1,1,1
62,2020-04-16,7480,,169.0,,101.0,,,0,0,1,1
63,2020-04-17,7392,,330.0,,26.5,,,0,0,1,1
64,2020-04-20,7113,,256.0,,22.0,,,0,0,1,1
65,2020-04-21,7139,,63.0,,84.0,,,0,0,1,1
66,2020-04-22,7209,218.0,0.2,118.0,15.0,0.5459072838376285,0.29549109859100986,1,1,1,1
67,2020-04-23,7185,,238.0,,64.0,,,0,0,1,1
68,2020-04-24,7462,,210.0,,59.0,,,0,0,1,1
69,2020-04-27,7500,,401.0,,5.2,,,0,0,1,1
70,2020-04-28,7626,,426.0,,0.8,,,0,0,1,1
71,2020-04-29,7864,150.0,555.0,103.0,0.1,0.3443381763942408,0.23644554779071203,1,1,1,1
72,2020-05-04,7636,,84.0,,115.0,,,0,0,1,1
73,2020-05-05,7666,,104.0,,25.0,,,0,0,1,1
74,2020-05-06,7750,160.0,57.0,111.0,0.1,0.37269683188498026,0.25855842712020505,1,1,1,1
75,2020-05-07,7811,,188.0,,63.0,,,0,0,1,1
76,2020-05-08,7899,,213.0,,38.0,,,0,0,1,1
77,2020-05-11,7782,,266.0,,10.5,,,0,0,1,1
78,2020-05-12,7831,,153.0,,7.4,,,0,0,1,1
79,2020-05-13,7666,131.0,174.0,117.0,0.1,0.30848915550093453,0.2755208488061781,1,1,1,1
80,2020-05-14,7734,,56.0,,206.0,,,0,0,1,1
81,2020-05-15,7678,,63.0,,143.0,,,0,0,1,1
82,2020-05-18,7785,,28.0,,165.0,,,0,0,1,1
83,2020-05-19,7833,,35.0,,66.0,,,0,0,1,1
84,2020-05-20,7935,135.0,0.1,93.0,13.0,0.30713142750445854,0.2115794278364048,1,1,1,1
85,2020-05-21,7726,,178.0,,46.5,,,0,0,1,1
86,2020-05-22,7803,,65.0,,125.0,,,0,0,1,1
87,2020-05-25,7966,,61.0,,52.0,,,0,0,1,1
88,2020-05-26,7955,,164.0,,6.7,,,0,0,1,1
89,2020-05-27,7893,139.0,160.0,86.0,0.1,0.3179143403554534,0.19669520338538843,1,1,1,1
90,2020-05-28,7901,,101.0,,108.0,,,0,0,1,1
91,2020-05-29,8039,,86.0,,91.0,,,0,0,1,1
92,2020-06-01,8089,,151.0,,21.5,,,0,0,1,1
93,2020-06-02,8265,,187.0,,6.5,,,0,0,1,1
94,2020-06-03,8340,141.0,371.0,90.0,0.2,0.3052041839345865,0.19481118123484242,1,1,1,1
95,2020-06-04,8439,,182.0,,56.0,,,0,0,1,1
96,2020-06-05,8552,,245.0,,20.0,,,0,0,1,1
97,2020-06-08,8588,,341.0,,4.7,,,0,0,1,1
98,2020-06-09,8686,,380.0,,1.1,,,0,0,1,1
99,2020-06-10,8473,127.0,463.0,123.0,0.1,0.2705851357125515,0.26206276923341604,0,1,0,1
100,2020-06-11,8373,,34.0,,243.0,,,0,0,0,1
101,2020-06-12,8207,,14.0,,323.0,,,0,0,0,1
102,2020-06-15,8504,,1.8,,475.0,,,0,0,0,1
103,2020-06-16,8534,,7.7,,183.0,,,0,0,0,1
104,2020-06-17,8570,217.0,0.2,66.0,179.0,0.4571053799756167,0.13902744275756085,1,0,1,0
105,2020-06-18,8584,,235.0,,42.0,,,0,0,1,0
106,2020-06-19,8596,,231.0,,27.0,,,0,0,1,0
107,2020-06-22,8631,,230.0,,13.0,,,0,0,1,0
108,2020-06-23,8698,,260.0,,3.2,,,0,0,1,0
109,2020-06-29,8645,,65.0,,85.0,,,0,0,1,0
110,2020-06-30,8719,,102.0,,11.0,,,0,0,1,0
111,2020-07-01,8870,164.0,203.0,60.0,0.2,0.33377795471097094,0.1221138858698674,1,0,1,0
112,2020-07-02,9009,,276.0,,23.0,,,0,0,1,0
113,2020-07-03,9242,,398.0,,10.0,,,0,0,1,0
114,2020-07-06,9203,,615.0,,2.1,,,0,0,1,0
115,2020-07-07,9301,,575.0,,0.6,,,0,0,1,0
116,2020-07-08,9324,138.0,655.0,110.0,0.1,0.2671863347952772,0.21297461469188766,0,1,0,1
117,2020-07-09,9170,,136.0,,85.0,,,0,0,0,1
118,2020-07-10,9379,,54.0,,159.0,,,0,0,0,1
119,2020-07-13,9363,,135.0,,29.5,,,0,0,0,1
120,2020-07-14,9417,,109.0,,21.0,,,0,0,0,1
121,2020-07-15,9362,228.0,120.0,68.0,0.1,0.43964651112259673,0.1311226436681429,1,0,1,0
122,2020-07-16,9372,,177.0,,65.0,,,0,0,1,0
123,2020-07-17,9366,,164.0,,44.5,,,0,0,1,0
124,2020-07-20,9621,,144.0,,25.5,,,0,0,1,0
125,2020-07-21,9665,,370.0,,1.8,,,0,0,1,0
126,2020-07-22,9620,186.0,401.0,63.0,0.2,0.34904007481951604,0.11822325114854576,1,0,1,0
127,2020-07-23,9483,,160.0,,70.0,,,0,0,1,0
128,2020-07-24,9831,,88.0,,134.0,,,0,0,1,0
129,2020-07-27,9787,,319.0,,15.0,,,0,0,1,0
130,2020-07-28,9754,,272.0,,11.5,,,0,0,1,0
131,2020-07-29,9928,205.0,229.0,97.0,0.1,0.37276018058600824,0.17637920739923318,1,1,1,1
132,2020-07-30,9909,,320.0,,47.0,,,0,0,1,1
133,2020-07-31,9773,,301.0,,45.5,,,0,0,1,1
134,2020-08-03,9962,,171.0,,43.0,,,0,0,1,1
135,2020-08-04,10074,,314.0,,2.1,,,0,0,1,1
136,2020-08-05,10169,176.0,393.0,85.0,0.1,0.31244374981015405,0.15089612916967668,1,0,1,0
137,2020-08-06,10092,,237.0,,54.0,,,0,0,1,0
138,2020-08-07,10187,,170.0,,62.0,,,0,0,1,0
139,2020-08-10,10068,,221.0,,20.0,,,0,0,1,0
140,2020-08-11,9988,,97.0,,25.0,,,0,0,1,0
141,2020-08-12,10058,130.0,0.2,121.0,40.5,0.23332922681206353,0.21717566495584376,0,1,0,1
142,2020-08-13,10122,,155.0,,77.0,,,0,0,0,1
143,2020-08-14,10286,,183.0,,42.5,,,0,0,0,1
144,2020-08-17,10210,,311.0,,6.5,,,0,0,0,1
145,2020-08-18,10128,,230.0,,3.3,,,0,0,0,1
146,2020-08-19,9677,139.0,156.0,101.0,0.1,0.2593053517025518,0.18841611886300527,0,1,0,1
147,2020-08-20,9930,,18.5,,423.0,,,0,0,0,1
148,2020-08-21,9982,,32.0,,187.0,,,0,0,0,1
149,2020-08-24,10114,,27.5,,137.0,,,0,0,0,1
150,2020-08-25,10174,,61.0,,38.0,,,0,0,0,1
151,2020-08-26,10137,165.0,49.5,92.0,0.2,0.293840678808399,0.16383843909316795,0,0,0,0
152,2020-08-27,10067,,131.0,,94.0,,,0,0,0,0
153,2020-08-28,9968,,88.0,,115.0,,,0,0,0,0
154,2020-08-31,10067,,28.0,,155.0,,,0,0,0,0
155,2020-09-01,10069,,26.5,,67.0,,,0,0,0,0
156,2020-09-02,10113,165.0,0.2,101.0,82.0,0.29453801652138245,0.18029296768884623,0,1,0,1
157,2020-09-03,9986,,174.0,,75.0,,,0,0,0,1
158,2020-09-04,9959,,98.0,,120.0,,,0,0,0,1
159,2020-09-07,10046,,52.0,,102.0,,,0,0,0,1
160,2020-09-08,9977,,68.0,32.0,32.0,,0.05790118165998993,0,0,0,0
161,2020-09-09,10077,175.0,0.1,124.0,58.0,0.3135048118512482,0.22214055239745586,1,1,1,1
162,2020-09-10,10042,,211.0,,63.0,,,0,0,1,1
163,2020-09-11,10163,,175.0,,61.0,,,0,0,1,1
164,2020-09-14,10222,,246.0,,11.5,,,0,0,1,1
165,2020-09-15,10343,,296.0,,2.8,,,0,0,1,1
166,2020-09-16,10255,138.0,418.0,107.0,0.1,0.24292982795038176,0.18835863471515107,0,1,0,1
167,2020-09-17,10273,,79.0,,128.0,,,0,0,0,1
168,2020-09-18,10099,,73.0,,100.0,,,0,0,0,1
169,2020-09-21,9949,,16.0,,196.0,,,0,0,0,1
170,2020-09-22,9968,,1.9,,276.0,,,0,0,0,1
171,2020-09-23,9620,182.0,0.2,84.0,323.0,0.3415338366513544,0.15763100153139434,1,0,1,0
172,2020-09-24,9635,,23.0,,274.0,,,0,0,1,0
173,2020-09-25,9855,,13.0,,271.0,,,0,0,1,0
174,2020-09-28,9861,,42.0,,82.0,,,0,0,1,0
175,2020-09-29,9913,,23.0,,69.0,,,0,0,1,0
176,2020-10-05,10117,,142.0,,30.0,,,0,0,1,0
177,2020-10-06,10194,,256.0,,1.4,,,0,0,1,0
178,2020-10-07,10313,112.0,309.0,84.0,0.3,0.19605161572539687,0.14703871179404765,0,0,0,0
179,2020-10-12,10355,,209.0,,9.0,,,0,0,0,0
180,2020-10-13,10330,,208.0,,2.6,,,0,0,0,0
181,2020-10-14,10280,135.0,150.0,94.0,0.1,0.23707080517975476,0.16507152360664404,0,0,0,0
182,2020-10-15,10188,,100.0,,106.0,,,0,0,0,0
183,2020-10-16,10295,,42.5,,143.0,,,0,0,0,0
184,2020-10-19,10295,,85.0,,39.0,,,0,0,0,0
185,2020-10-20,10324,,46.0,40.5,40.5,,0.07081812893978726,0,0,0,0
186,2020-10-21,10352,134.0,10.0,82.0,0.1,0.2336780694023812,0.14299702754474072,0,0,0,0
187,2020-10-22,10354,,146.0,,54.0,,,0,0,0,0
188,2020-10-23,10376,,126.0,,30.0,,,0,0,0,0
189,2020-10-26,10324,,128.0,,16.0,,,0,0,0,0
190,2020-10-27,10259,,80.0,,13.0,,,0,0,0,0
191,2020-10-28,10119,183.0,0.2,90.0,28.5,0.32647573983402095,0.16056183926263326,1,0,1,0
192,2020-10-29,9929,,101.0,,144.0,,,0,0,1,0
193,2020-10-30,10032,,30.5,,251.0,,,0,0,1,0
194,2020-11-02,10200,,38.0,,152.0,,,0,0,1,0
195,2020-11-03,10380,,86.0,,52.0,,,0,0,1,0
196,2020-11-04,10407,162.0,165.0,114.0,0.1,0.2810133038048866,0.19775010267751278,0,1,0,1
197,2020-11-05,10453,,140.0,,72.0,,,0,0,0,1
198,2020-11-06,10642,,153.0,,48.5,,,0,0,0,1
199,2020-11-09,10587,,294.0,,4.8,,,0,0,0,1
200,2020-11-10,10777,,240.0,,2.3,,,0,0,0,1
201,2020-11-11,10742,127.0,399.0,116.0,0.3,0.21343026018362027,0.19494417465590513,0,1,0,1
202,2020-11-12,10798,,91.0,,113.0,,,0,0,0,1
203,2020-11-13,11095,,105.0,,71.0,,,0,0,0,1
204,2020-11-16,11140,,334.0,,5.0,,,0,0,0,1
205,2020-11-17,11272,,375.0,,1.9,,,0,0,0,1
206,2020-11-18,11297,132.0,510.0,99.0,0.2,0.21093479409264343,0.15820109556948256,0,0,0,0
207,2020-11-19,11288,,139.0,,72.0,,,0,0,0,0
208,2020-11-20,11428,,121.0,,62.0,,,0,0,0,0
209,2020-11-23,11354,,212.0,,11.5,,,0,0,0,0
210,2020-11-24,11267,,129.0,,8.7,,,0,0,0,0
211,2020-11-25,11394,125.0,53.0,98.0,0.2,0.19804834555938136,0.155269902918555,0,0,0,0
212,2020-11-26,11433,,186.0,,29.0,,,0,0,0,0
213,2020-11-27,11275,,208.0,,17.5,,,0,0,0,0
214,2020-11-30,11430,,97.0,,44.0,,,0,0,0,0
215,2020-12-01,11510,,196.0,,3.9,,,0,0,0,0
216,2020-12-02,11537,127.0,280.0,101.0,0.1,0.1987230523439758,0.15803959280898863,0,0,0,0
217,2020-12-03,11688,,123.0,,72.0,,,0,0,0,0
218,2020-12-04,11775,,232.0,,25.5,,,0,0,0,0
219,2020-12-07,11895,,312.0,,5.8,,,0,0,0,0
220,2020-12-08,11952,,410.0,,1.0,,,0,0,0,0
221,2020-12-09,11792,144.0,449.0,97.0,0.2,0.22045118744892617,0.14849836932323499,0,0,0,0
222,2020-12-10,11792,,60.0,,170.0,,,0,0,0,0
223,2020-12-11,11756,,41.0,,154.0,,,0,0,0,0
224,2020-12-14,11639,,16.0,,163.0,,,0,0,0,0
225,2020-12-15,11849,,1.2,,270.0,,,0,0,0,0
226,2020-12-16,11846,180.0,0.1,63.0,27.0,0.27430782567931555,0.09600773898776044,0,0,0,0
227,2020-12-17,11796,,180.0,,41.0,,,0,0,0,0
228,2020-12-18,11969,,134.0,,52.0,,,0,0,0,0
229,2020-12-21,11706,,254.0,,7.3,,,0,0,0,0
230,2020-12-22,11774,,55.0,,75.0,,,0,0,0,0
231,2020-12-23,11902,158.0,84.0,83.0,0.1,0.23964841552005878,0.12589125625420808,0,0,0,0
232,2020-12-24,11964,,220.0,,29.0,,,0,0,0,0
233,2020-12-25,12096,,261.0,,13.5,,,0,0,0,0
234,2020-12-28,12118,,387.0,,4.0,,,0,0,0,0
235,2020-12-29,12296,,405.0,,0.8,,,0,0,0,0
236,2020-12-30,12338,143.0,540.0,78.0,0.3,0.20923228234748814,0.11412669946226625,0,0,0,0
237,2020-12-31,12533,,170.0,,51.0,,,0,0,0,0
238,2021-01-04,12636,,306.0,,7.4,,,0,0,0,0
239,2021-01-05,12571,,411.0,,1.5,,,0,0,0,0
240,2021-01-06,12886,171.0,335.0,136.0,0.2,0.23956060669310206,0.19052773397813966,0,1,0,1
241,2021-01-07,13111,,377.0,,32.0,,,0,0,0,1
242,2021-01-08,13191,,580.0,,16.5,,,0,0,0,1
243,2021-01-11,13149,,660.0,,4.5,,,0,0,0,1
244,2021-01-12,13419,,615.0,,2.2,,,0,0,0,1
245,2021-01-13,13387,180.0,860.0,168.0,0.1,0.24273179226093758,0.22654967277687507,0,1,0,1
246,2021-01-14,13292,,146.0,,168.0,,,0,0,0,1
247,2021-01-15,13268,,88.0,,203.0,,,0,0,0,1
248,2021-01-18,13548,,43.0,,186.0,,,0,0,0,1
249,2021-01-19,13436,,167.0,,26.0,,,0,0,0,1
250,2021-01-20,13828,226.0,16.0,143.0,0.1,0.29504379747909265,0.18668700459960288,0,1,0,1
251,2021-01-21,13680,,498.0,,40.5,,,0,0,0,1
252,2021-01-22,13614,,354.0,,40.0,,,0,0,0,1
253,2021-01-25,13331,,287.0,,32.0,,,0,0,0,1
254,2021-01-26,13360,,70.0,,88.0,,,0,0,0,1
255,2021-01-27,13085,194.0,49.0,153.0,0.1,0.2676488759739529,0.21108390734028246,0,1,0,1
256,2021-01-28,12773,,67.0,,299.0,,,0,0,0,1
257,2021-01-29,13065,,8.4,,550.0,,,0,0,0,1
258,2021-02-01,13455,,16.5,,272.0,,,0,0,0,1
259,2021-02-02,13476,,144.0,,35.0,,,0,0,0,1
260,2021-02-03,13399,239.0,117.0,216.0,0.1,0.3220052367989004,0.29101728514042885,1,1,1,1
261,2021-02-04,13505,,163.0,,217.0,,,0,0,1,1
262,2021-02-17,14172,222.0,580.0,134.0,0.3,0.2827868769660724,0.1706911779885302,0,1,0,1
263,2021-02-18,14101,,223.0,,101.0,,,0,0,0,1
264,2021-02-19,14174,,166.0,,107.0,,,0,0,0,1
265,2021-02-22,14226,,190.0,,59.0,,,0,0,0,1
266,2021-02-23,13973,,211.0,,19.5,,,0,0,0,1
267,2021-02-24,14179,227.0,0.1,147.0,64.0,0.2890131979924763,0.18715832645327762,0,1,0,1
268,2021-02-25,13723,,340.0,,52.0,,,0,0,0,1
269,2021-02-26,13696,,88.0,,244.0,,,0,0,0,1
270,2021-03-02,13971,,16.5,,221.0,,,0,0,0,1
271,2021-03-03,13714,220.0,33.0,162.0,0.1,0.28959826562449476,0.21324963195985522,0,1,0,1
272,2021-03-04,13639,,89.0,,280.0,,,0,0,0,1
273,2021-03-05,13611,,48.5,,314.0,,,0,0,0,1
274,2021-03-08,13614,,17.0,,321.0,,,0,0,0,1
275,2021-03-09,13677,,5.3,,299.0,,,0,0,0,1
276,2021-03-10,13961,201.0,0.1,174.0,273.0,0.2599063864823562,0.2249935882981591,0,1,0,1
277,2021-03-11,14015,,373.0,,55.0,,,0,0,0,1
278,2021-03-12,13991,,397.0,,21.0,,,0,0,0,1
279,2021-03-15,14097,,365.0,,12.5,,,0,0,0,1
280,2021-03-16,14013,,460.0,,1.6,,,0,0,0,1
281,2021-03-17,14090,170.0,345.0,105.0,0.1,0.2178087633110635,0.13452894204506863,0,0,0,0
282,2021-03-18,13865,,194.0,,66.0,,,0,0,0,0
283,2021-03-19,13992,,68.0,,158.0,,,0,0,0,0
284,2021-03-22,13974,,98.0,,77.0,,,0,0,0,0
285,2021-03-23,13836,,71.0,,56.0,,,0,0,0,0
286,2021-03-24,13885,178.0,0.2,114.0,121.0,0.2314256750023993,0.14821644354086247,0,0,0,0
287,2021-03-25,14140,,190.0,,76.0,,,0,0,0,0
288,2021-03-26,14263,,378.0,,15.0,,,0,0,0,0
289,2021-03-29,14375,,495.0,,5.7,,,0,0,0,0
290,2021-03-30,14278,,590.0,,0.6,,,0,0,0,0
291,2021-03-31,14404,144.0,494.0,90.0,0.1,0.18047489602872377,0.11279681001795237,0,0,0,0
292,2021-04-01,14583,,214.0,,41.5,,,0,0,0,0
293,2021-04-06,14622,,343.0,,0.7,,,0,0,0,0
294,2021-04-07,14782,142.0,390.0,101.0,0.1,0.17341735873419564,0.12334614952220957,0,0,0,0
295,2021-04-08,14694,,225.0,,31.5,,,0,0,0,0
296,2021-04-09,14690,,159.0,,51.0,,,0,0,0,0
297,2021-04-12,14648,,133.0,,33.0,,,0,0,0,0
298,2021-04-13,14712,,90.0,,25.0,,,0,0,0,0
299,2021-04-14,14924,141.0,67.0,130.0,0.2,0.17055768520600717,0.15725176650199246,0,0,0,0
300,2021-04-15,15011,,281.0,,58.0,,,0,0,0,0
301,2021-04-16,15124,,327.0,,21.0,,,0,0,0,0
302,2021-04-19,15175,,425.0,,5.3,,,0,0,0,0
303,2021-04-20,15053,,475.0,,1.7,,,0,0,0,0
304,2021-04-21,15024,195.0,381.0,115.0,0.2,0.2343076440970183,0.138181431134139,0,0,0,0
305,2021-04-22,15173,,166.0,,119.0,,,0,0,0,0
306,2021-04-23,15444,,232.0,,47.5,,,0,0,0,0
307,2021-04-26,15488,,462.0,,6.8,,,0,0,0,0
308,2021-04-27,15451,,505.0,,1.1,,,0,0,0,0
309,2021-04-28,15487,176.0,444.0,115.0,0.1,0.20515532329175806,0.13405035328722825,0,0,0,0
310,2021-04-29,15172,,172.0,,78.0,,,0,0,0,0
311,2021-05-03,14849,,19.0,,233.0,,,0,0,0,0
312,2021-05-04,14683,,0.9,,535.0,,,0,0,0,0
313,2021-05-05,14863,222.0,0.1,183.0,610.0,0.2696397510841134,0.22227060562339085,0,1,0,1
314,2021-05-06,15201,,297.0,,86.0,,,0,0,0,1
315,2021-05-07,15147,,560.0,,13.5,,,0,0,0,1
316,2021-05-10,14479,,500.0,,5.1,,,0,0,0,1
317,2021-05-11,13615,,49.0,,193.0,,,0,0,0,1
318,2021-05-12,13484,429.0,0.5,332.0,855.0,0.5743491322166958,0.44448464311408625,1,1,1,1
319,2021-05-13,13684,,259.0,,295.0,,,0,0,1,1
320,2021-05-14,13181,,334.0,,168.0,,,0,0,1,1
321,2021-05-17,14065,,76.0,,414.0,,,0,0,1,1
322,2021-05-18,14001,,565.0,,18.5,,,0,0,1,1
323,2021-05-19,13953,316.0,540.0,258.0,0.2,0.40884332280079405,0.33380245975507866,1,1,1,1
324,2021-05-20,14238,,260.0,,245.0,,,0,0,1,1
325,2021-05-21,14270,,402.0,,108.0,,,0,0,1,1
326,2021-05-24,14563,,385.0,,62.0,,,0,0,1,1
327,2021-05-25,14593,,600.0,,5.1,,,0,0,1,1
328,2021-05-26,14512,214.0,635.0,172.0,0.2,0.26620972974143803,0.2139629603529315,0,1,0,1
329,2021-05-27,14842,,163.0,,204.0,,,0,0,0,1
330,2021-05-28,14990,,343.0,,62.0,,,0,0,0,1
331,2021-05-31,15110,,454.0,,20.5,,,0,0,0,1
332,2021-06-01,15081,,560.0,,2.0,,,0,0,0,1
333,2021-06-02,15205,236.0,530.0,157.0,0.2,0.2801966892130997,0.1864020347731214,0,1,0,1
334,2021-06-03,15082,,290.0,,88.0,,,0,0,0,1
335,2021-06-04,15069,,201.0,,122.0,,,0,0,0,1
336,2021-06-07,15069,,164.0,,99.0,,,0,0,0,1
337,2021-06-08,14938,,112.0,,50.0,,,0,0,0,1
338,2021-06-09,15136,184.0,0.1,173.0,103.0,0.21945431515426048,0.206334763704821,0,1,0,1
339,2021-06-10,15196,,274.0,,64.0,,,0,0,0,1
340,2021-06-11,15376,,301.0,,32.0,,,0,0,0,1
341,2021-06-15,15343,,450.0,,2.4,,,0,0,0,1
342,2021-06-16,15399,216.0,397.0,98.0,0.1,0.2532203781801809,0.1148870234336006,0,0,0,0
343,2021-06-17,15358,,253.0,,63.0,,,0,0,0,0
344,2021-06-18,15067,,201.0,,64.0,,,0,0,0,0
345,2021-06-21,15130,,47.5,,178.0,,,0,0,0,0
346,2021-06-22,15371,,32.0,,99.0,,,0,0,0,0
347,2021-06-23,15442,208.0,147.0,116.0,0.1,0.24316284038603653,0.13561004559990497,0,0,0,0
348,2021-06-24,15527,,231.0,,69.0,,,0,0,0,0
349,2021-06-25,15637,,280.0,,41.0,,,0,0,0,0
350,2021-06-28,15634,,354.0,,11.0,,,0,0,0,0
351,2021-06-29,15816,,358.0,,3.5,,,0,0,0,0
352,2021-06-30,15750,172.0,491.0,108.0,0.2,0.1971447924216979,0.12378859059036845,0,0,0,0
353,2021-07-01,15753,,134.0,,124.0,,,0,0,0,0
354,2021-07-02,16000,,113.0,,110.0,,,0,0,0,0
355,2021-07-05,15979,,245.0,,18.5,,,0,0,0,0
356,2021-07-06,15930,,225.0,,8.3,,,0,0,0,0
357,2021-07-07,15927,173.0,100.0,117.0,0.3,0.19608733493038052,0.13261397795869664,0,0,0,0
358,2021-07-08,15765,,153.0,,105.0,,,0,0,0,0
359,2021-07-09,15930,,65.0,,173.0,,,0,0,0,0
360,2021-07-12,15973,,106.0,,70.0,,,0,0,0,0
361,2021-07-13,15975,,103.0,,34.5,,,0,0,0,0
362,2021-07-14,16125,165.0,0.2,141.0,4.3,0.18472328440810795,0.15785444303965587,0,0,0,0
363,2021-07-15,16028,,244.0,,72.0,,,0,0,0,0
364,2021-07-16,15897,,145.0,,70.0,,,0,0,0,0
365,2021-07-19,15662,,68.0,,124.0,,,0,0,0,0
366,2021-07-20,15601,,4.2,,295.0,,,0,0,0,0
367,2021-07-21,15732,288.0,0.4,118.0,420.0,0.3304806003556747,0.13540524597906117,1,0,1,0
368,2021-07-22,15732,,319.0,,47.0,,,0,0,1,0
369,2021-07-23,15529,,313.0,,37.5,,,0,0,1,0
370,2021-07-26,15494,,153.0,,55.0,,,0,0,1,0
371,2021-07-27,15291,,85.0,,53.0,,,0,0,1,0
372,2021-07-28,15653,269.0,0.3,153.0,178.0,0.31023594529491655,0.17645390197071462,1,1,1,1
373,2021-07-29,15500,,485.0,,30.0,,,0,0,1,1
374,2021-07-30,15793,,358.0,,55.0,,,0,0,1,1
375,2021-08-02,15808,,575.0,,5.9,,,0,0,1,1
376,2021-08-03,15897,,600.0,,1.8,,,0,0,1,1
377,2021-08-04,15870,174.0,655.0,108.0,655.0,0.19792914216954,0.12285257100178343,0,0,0,0
378,2021-08-05,15765,,147.0,,104.0,,,0,0,0,0
379,2021-08-06,15732,,82.0,,143.0,,,0,0,0,0
380,2021-08-09,15621,,41.5,,139.0,,,0,0,0,0
381,2021-08-10,15496,,3.0,,217.0,,,0,0,0,0
382,2021-08-11,15484,169.0,0.1,146.0,379.0,0.19703390417582378,0.170218639110475,0,1,0,1
383,2021-08-12,15262,,143.0,,133.0,,,0,0,0,1
384,2021-08-13,15100,,39.0,,255.0,,,0,0,0,1
385,2021-08-16,14904,,7.0,,388.0,,,0,0,0,1
386,2021-08-17,15137,,1.4,,575.0,,,0,0,0,1
387,2021-08-18,14764,194.0,0.1,123.0,362.0,0.23721115836624043,0.15039676535591534,0,0,0,0
388,2021-08-19,14624,,47.5,,351.0,,,0,0,0,0
389,2021-08-20,15115,,18.0,,463.0,,,0,0,0,0
390,2021-08-23,15217,,127.0,,86.0,,,0,0,0,0
391,2021-08-24,15398,,157.0,,22.0,,,0,0,0,0
392,2021-08-25,15429,183.0,309.0,139.0,0.1,0.21411679378964665,0.16263516031016875,0,0,0,0
393,2021-08-26,15608,,198.0,,112.0,,,0,0,0,0
394,2021-08-27,15771,,297.0,,46.0,,,0,0,0,0
395,2021-08-30,15891,,425.0,,8.4,,,0,0,0,0
396,2021-08-31,15910,,530.0,,1.7,,,0,0,0,0
397,2021-09-01,15755,174.0,545.0,121.0,0.2,0.19937388043355123,0.13864505478425115,0,0,0,0
398,2021-09-02,15944,,84.0,,195.0,,,0,0,0,0
399,2021-09-03,15929,,165.0,,91.0,,,0,0,0,0
400,2021-09-06,15860,,114.0,,62.0,,,0,0,0,0
401,2021-09-07,15696,,52.0,,64.0,,,0,0,0,0
402,2021-09-08,15674,167.0,0.1,159.0,258.0,0.19234196546316182,0.183127979093669,0,1,0,1
403,2021-09-09,15909,,146.0,,156.0,,,0,0,0,1
404,2021-09-10,15877,,271.0,,43.5,,,0,0,0,1
405,2021-09-13,15898,,220.0,,30.0,,,0,0,0,1
406,2021-09-14,15822,,220.0,,9.5,,,0,0,0,1
407,2021-09-15,15741,156.0,132.0,102.0,0.1,0.17890797509248982,0.11697829140662797,0,0,0,0
408,2021-09-16,15788,,97.0,,117.0,,,0,0,0,0
409,2021-09-17,15394,,94.0,,79.0,,,0,0,0,0
410,2021-09-22,15574,194.0,0.1,174.0,383.0,0.22487386298440823,0.20169099051178885,0,1,0,1
411,2021-09-23,15742,,270.0,,65.0,,,0,0,0,1
412,2021-09-24,15786,,382.0,,21.5,,,0,0,0,1
413,2021-09-27,15664,,415.0,,6.3,,,0,0,0,1
414,2021-09-28,15312,,292.0,,5.4,,,0,0,0,1
415,2021-09-29,15413,202.0,0.1,163.0,76.0,0.23659284788649868,0.19091403072029348,0,1,0,1
416,2021-09-30,15012,,240.0,,96.0,,,0,0,0,1
417,2021-10-01,14855,,46.0,,296.0,,,0,0,0,1
418,2021-10-04,14889,,8.7,,418.0,,,0,0,0,1
419,2021-10-05,14856,,1.9,,381.0,,,0,0,0,1
420,2021-10-06,15193,198.0,0.1,172.0,438.0,0.2352659483510096,0.2043724399816851,0,1,0,1
421,2021-10-07,15119,,409.0,,50.0,,,0,0,0,1
422,2021-10-08,14913,,338.0,,53.0,,,0,0,0,1
423,2021-10-12,14815,,130.0,,50.0,,,0,0,0,1
424,2021-10-13,14896,216.0,20.0,194.0,0.1,0.26177098574091073,0.23510912608211423,0,1,0,1
425,2021-10-14,15274,,222.0,,118.0,,,0,0,0,1
426,2021-10-15,15215,,496.0,,15.5,,,0,0,0,1
427,2021-10-18,15397,,430.0,,9.3,,,0,0,0,1
428,2021-10-19,15409,,605.0,,1.4,,,0,0,0,1
429,2021-10-20,15337,180.0,585.0,113.0,0.1,0.21187002040797887,0.1330072905894534,0,0,0,0
430,2021-10-21,15375,,119.0,,131.0,,,0,0,0,0
431,2021-10-22,15413,,120.0,,95.0,,,0,0,0,0
432,2021-10-25,15566,,116.0,,50.0,,,0,0,0,0
433,2021-10-26,15590,,215.0,,7.1,,,0,0,0,0
434,2021-10-27,15561,151.0,207.0,114.0,0.1,0.17517691163541793,0.1322527677247526,0,0,0,0
435,2021-10-28,15468,,117.0,,111.0,,,0,0,0,0
436,2021-10-29,15602,,67.0,,151.0,,,0,0,0,0
437,2021-11-01,15569,,102.0,,57.0,,,0,0,0,0
438,2021-11-02,15613,,55.0,,46.5,,,0,0,0,0
439,2021-11-03,15595,157.0,62.0,108.0,0.2,0.18174048981887211,0.12501893567158084,0,0,0,0
440,2021-11-04,15791,,127.0,,98.0,,,0,0,0,0
441,2021-11-05,15945,,253.0,,27.0,,,0,0,0,0
442,2021-11-08,16073,,378.0,,3.5,,,0,0,0,0
443,2021-11-09,16076,,500.0,,1.4,,,0,0,0,0
444,2021-11-10,15995,125.0,500.0,120.0,0.3,0.14107926535189694,0.13543609473782106,0,0,0,0
445,2021-11-11,16066,,75.0,,152.0,,,0,0,0,0
446,2021-11-12,16186,,90.0,,96.0,,,0,0,0,0
447,2021-11-15,16220,,145.0,,29.0,,,0,0,0,0
448,2021-11-16,16300,,159.0,,7.3,,,0,0,0,0
449,2021-11-17,16398,123.0,172.0,93.0,0.2,0.1354102844075335,0.1023833857715497,0,0,0,0
450,2021-11-18,16391,,175.0,,56.0,,,0,0,0,0
451,2021-11-19,16375,,160.0,,50.0,,,0,0,0,0
452,2021-11-22,16198,,132.0,,39.0,,,0,0,0,0
453,2021-11-23,16219,,14.5,,92.0,,,0,0,0,0
454,2021-11-24,16212,137.0,0.1,95.0,100.0,0.15255322494675155,0.10578508299227297,0,0,0,0
455,2021-11-25,15881,,122.0,,82.0,,,0,0,0,0
456,2021-11-26,15850,,13.0,,308.0,,,0,0,0,0
457,2021-11-29,15869,,5.6,,330.0,,,0,0,0,0
458,2021-11-30,16123,,2.0,,300.0,,,0,0,0,0
459,2021-12-01,16243,174.0,0.3,125.0,35.0,0.19338394916152185,0.1389252508344266,0,0,0,0
460,2021-12-02,16245,,245.0,,78.0,,,0,0,0,0
461,2021-12-03,16231,,232.0,,64.0,,,0,0,0,0
462,2021-12-06,16334,,200.0,,40.0,,,0,0,0,0
463,2021-12-07,16392,,274.0,,5.3,,,0,0,0,0
464,2021-12-08,16449,137.0,331.0,134.0,0.3,0.15035521203943925,0.1470627621407654,0,0,0,0
465,2021-12-09,16357,,145.0,,85.0,,,0,0,0,0
466,2021-12-10,16292,,85.0,,117.0,,,0,0,0,0
467,2021-12-13,16141,,30.5,,127.0,,,0,0,0,0
468,2021-12-14,16196,,2.7,,253.0,,,0,0,0,0
469,2021-12-15,16402,178.0,0.1,99.0,221.0,0.19591180937741215,0.10896218611440339,0,0,0,0
470,2021-12-16,16383,,302.0,,23.5,,,0,0,0,0
471,2021-12-17,16180,,286.0,,30.0,,,0,0,0,0
472,2021-12-20,16394,,128.0,,70.0,,,0,0,0,0
473,2021-12-21,16430,,270.0,,4.2,,,0,0,0,0
474,2021-12-22,16549,140.0,266.0,84.0,0.1,0.1527192211746947,0.09163153270481682,0,0,0,0
475,2021-12-23,16555,,212.0,,39.5,,,0,0,0,0
476,2021-12-24,16668,,198.0,,24.0,,,0,0,0,0
477,2021-12-27,16804,,290.0,,6.2,,,0,0,0,0
478,2021-12-28,16872,,415.0,,1.3,,,0,0,0,0
479,2021-12-29,16807,137.0,470.0,95.0,0.1,0.14715254851173534,0.10204008838405007,0,0,0,0
480,2022-01-04,17078,,280.0,,2.8,,,0,0,0,0
481,2022-01-05,16935,146.0,216.0,104.0,0.1,0.15563421363959815,0.11086272752409732,0,0,0,0
482,2022-01-06,16744,,72.0,,173.0,,,0,0,0,0
483,2022-01-07,16858,,20.0,,312.0,,,0,0,0,0
484,2022-01-10,16877,,16.5,,198.0,,,0,0,0,0
485,2022-01-11,16974,,7.0,,163.0,,,0,0,0,0
486,2022-01-12,17023,153.0,0.3,127.0,133.0,0.16225300637652565,0.13468060006417487,0,0,0,0
487,2022-01-13,16958,,171.0,,96.0,,,0,0,0,0
488,2022-01-14,17106,,108.0,,96.0,,,0,0,0,0
489,2022-01-17,16948,,185.0,,25.5,,,0,0,0,0
490,2022-01-18,16782,,56.0,,58.0,,,0,0,0,0
491,2022-01-19,16860,217.0,0.1,144.0,132.0,0.23234834557479447,0.15418507724778988,0,0,0,0
492,2022-01-20,16532,,230.0,,78.0,,,0,0,0,0
493,2022-01-21,16593,,55.0,,232.0,,,0,0,0,0
494,2022-01-24,16310,,40.0,,154.0,,,0,0,0,0
495,2022-01-25,16260,,2.7,,400.0,,,0,0,0,0
496,2022-02-07,16578,124.0,281.0,65.0,0.2,0.13502897493721575,0.07078131750741148,0,0,0,0
497,2022-02-08,16800,,120.0,,20.5,,,0,0,0,0
498,2022-02-09,16970,134.0,296.0,116.0,0.1,0.14254775335612552,0.12339954768142208,0,0,0,0
499,2022-02-10,16909,,235.0,,47.0,,,0,0,0,0
500,2022-02-11,16613,,196.0,,72.0,,,0,0,0,0
501,2022-02-14,16591,,37.0,,213.0,,,0,0,0,0
502,2022-02-15,16886,,9.5,,206.0,,,0,0,0,0
503,2022-02-16,16915,172.0,55.0,125.0,0.1,0.1835666852285984,0.13340602124171394,0,0,0,0
504,2022-02-17,16898,,178.0,,109.0,,,0,0,0,0
505,2022-02-18,16883,,154.0,,103.0,,,0,0,0,0
506,2022-02-21,16551,,119.0,,78.0,,,0,0,0,0
507,2022-02-22,16713,,4.0,,290.0,,,0,0,0,0
508,2022-02-23,16184,189.0,0.1,117.0,124.0,0.21082075062697914,0.13050808372146327,0,0,0,0
509,2022-02-24,16281,,24.0,,478.0,,,0,0,0,0
510,2022-02-25,16603,,13.5,,372.0,,,0,0,0,0
511,2022-03-01,16509,,31.0,,102.0,,,0,0,0,0
512,2022-03-02,16600,215.0,0.2,148.0,104.0,0.23381253619290226,0.1609500249141839,0,0,0,0
513,2022-03-03,16339,,252.0,,101.0,,,0,0,0,0
514,2022-03-04,15729,,104.0,,208.0,,,0,0,0,0
515,2022-03-07,15378,,3.6,,700.0,,,0,0,0,0
516,2022-03-08,15620,,0.8,,1040.0,,,0,0,0,0
517,2022-03-09,16107,253.0,0.1,201.0,750.0,0.28355890029120684,0.225278019598943,0,1,0,1
518,2022-03-10,15897,,600.0,,54.0,,,0,0,0,1
519,2022-03-11,15911,,399.0,,77.0,,,0,0,0,1
520,2022-03-14,15556,,366.0,,32.0,,,0,0,0,1
521,2022-03-15,15658,,86.0,,102.0,,,0,0,0,1
522,2022-03-16,16170,264.0,37.0,196.0,0.1,0.29473473950087725,0.21881821569004525,0,1,0,1
523,2022-03-17,16119,,605.0,,28.5,,,0,0,0,1
524,2022-03-18,16217,,545.0,,25.0,,,0,0,0,1
525,2022-03-21,16248,,625.0,,5.7,,,0,0,0,1
526,2022-03-22,16425,,655.0,,1.0,,,0,0,0,1
527,2022-03-23,16395,147.0,805.0,123.0,0.1,0.16186141572314874,0.13543506213569587,0,0,0,0
528,2022-03-24,16347,,117.0,,125.0,,,0,0,0,0
529,2022-03-25,16163,,80.0,,133.0,,,0,0,0,0
530,2022-03-28,16272,,7.5,,251.0,,,0,0,0,0
531,2022-03-29,16466,,6.3,,141.0,,,0,0,0,0
532,2022-03-30,16360,153.0,58.0,97.0,0.1,0.16882841855425404,0.10703501045596497,0,0,0,0
533,2022-03-31,16283,,95.0,,132.0,,,0,0,0,0
534,2022-04-01,16231,,39.5,,162.0,,,0,0,0,0
535,2022-04-06,15868,154.0,0.1,133.0,188.0,0.17520074554714046,0.15130973479071222,0,0,0,0
536,2022-04-07,16030,,26.0,,370.0,,,0,0,0,0
537,2022-04-08,15763,,39.0,,224.0,,,0,0,0,0
538,2022-04-11,15726,,3.1,,442.0,,,0,0,0,0
539,2022-04-12,16042,,0.7,,490.0,,,0,0,0,0
540,2022-04-13,16021,158.0,0.1,142.0,189.0,0.17803479442729792,0.16000595448529306,0,0,0,0
541,2022-04-14,15706,,139.0,,140.0,,,0,0,0,0
542,2022-04-15,15610,,18.0,,338.0,,,0,0,0,0
543,2022-04-18,15730,,4.7,,420.0,,,0,0,0,0
544,2022-04-19,15829,,1.2,,300.0,,,0,0,0,0
545,2022-04-20,15883,175.0,0.1,131.0,175.0,0.19890373286060745,0.14889365145565472,0,0,0,0
546,2022-04-21,15749,,184.0,,91.0,,,0,0,0,0
547,2022-04-22,15329,,92.0,,127.0,,,0,0,0,0
548,2022-04-25,15342,,4.2,,453.0,,,0,0,0,0
549,2022-04-26,15044,,1.2,,435.0,,,0,0,0,0
550,2022-04-27,15145,220.0,0.1,158.0,750.0,0.2622351016688228,0.18833248210760908,0,1,0,1
551,2022-04-28,15338,,264.0,,111.0,,,0,0,0,1
552,2022-04-29,15229,,386.0,,39.0,,,0,0,0,1
553,2022-05-03,15276,,267.0,,16.0,,,0,0,0,1
554,2022-05-04,15442,196.0,291.0,161.0,0.1,0.22913421497914985,0.18821739087573022,0,1,0,1
555,2022-05-05,15113,,261.0,,56.0,,,0,0,0,1
556,2022-05-06,14784,,74.0,,201.0,,,0,0,0,1
557,2022-05-09,14795,,4.3,,456.0,,,0,0,0,1
558,2022-05-10,14764,,1.4,,435.0,,,0,0,0,1
559,2022-05-11,14387,193.0,0.2,184.0,473.0,0.24217231106726528,0.230879301742885,0,1,0,1
560,2022-05-12,14606,,46.5,,418.0,,,0,0,0,1
561,2022-05-13,14679,,71.0,,222.0,,,0,0,0,1
562,2022-05-16,14832,,64.0,,141.0,,,0,0,0,1
563,2022-05-17,15001,,106.0,,29.0,,,0,0,0,1
564,2022-05-18,14714,205.0,301.0,123.0,0.1,0.2515130537486673,0.15090783224920037,0,0,0,0
565,2022-05-19,14939,,75.0,,272.0,,,0,0,0,0
566,2022-05-20,14946,,141.0,,121.0,,,0,0,0,0
567,2022-05-23,14729,,130.0,,100.0,,,0,0,0,0
568,2022-05-24,14864,,10.0,,193.0,,,0,0,0,0
569,2022-05-25,14753,184.0,5.0,140.0,0.2,0.2251515294634913,0.17131094633091726,0,1,0,1
570,2022-05-26,15032,,116.0,,184.0,,,0,0,0,1
571,2022-05-27,15362,,250.0,,44.5,,,0,0,0,1
572,2022-05-30,15484,,540.0,,3.2,,,0,0,0,1
573,2022-05-31,15411,,660.0,,1.1,,,0,0,0,1
574,2022-06-01,15336,164.0,665.0,134.0,0.1,0.1930497168939953,0.1577357442914352,0,0,0,0
575,2022-06-06,15264,,103.0,,74.0,,,0,0,0,0
576,2022-06-07,15444,,17.0,,129.0,,,0,0,0,0
577,2022-06-08,15380,171.0,59.0,127.0,0.1,0.20071378269488382,0.14906813100731137,0,0,0,0
578,2022-06-09,15277,,123.0,,138.0,,,0,0,0,0
579,2022-06-10,14853,,68.0,,195.0,,,0,0,0,0
580,2022-06-13,14855,,2.8,,550.0,,,0,0,0,0
581,2022-06-14,14802,,1.3,,550.0,,,0,0,0,0
582,2022-06-15,14667,495.0,0.2,75.0,540.0,0.6092581225364575,0.0923118367479481,1,0,1,0
583,2022-06-16,14458,,367.0,,86.0,,,0,0,1,0
584,2022-06-17,14287,,207.0,,123.0,,,0,0,1,0
585,2022-06-20,14602,,65.0,,156.0,,,0,0,1,0
586,2022-06-21,14271,,227.0,,11.0,,,0,0,1,0
587,2022-06-22,14195,348.0,0.1,108.0,112.0,0.44256928301945747,0.13734908783362473,1,0,1,0
588,2022-06-23,14309,,288.0,,120.0,,,0,0,1,0
589,2022-06-24,14533,,340.0,,60.0,,,0,0,1,0
590,2022-06-27,14450,,510.0,,6.5,,,0,0,1,0
591,2022-06-28,14272,,425.0,,2.4,,,0,0,1,0
592,2022-06-29,13880,244.0,261.0,128.0,0.1,0.31734947275508724,0.16647841193709492,1,0,1,0
593,2022-06-30,13431,,74.0,,350.0,,,0,0,1,0
594,2022-07-01,13408,,8.8,,735.0,,,0,0,1,0
595,2022-07-04,13465,,2.4,,750.0,,,0,0,1,0
596,2022-07-05,13135,,1.0,,665.0,,,0,0,1,0
597,2022-07-06,13443,310.0,0.4,180.0,1050.0,0.41629665002402044,0.24172063549781836,1,1,1,1
598,2022-07-07,13588,,490.0,,57.0,,,0,0,1,1
599,2022-07-08,13534,,600.0,,21.5,,,0,0,1,1
600,2022-07-11,13170,,525.0,,9.9,,,0,0,1,1
601,2022-07-12,13537,,204.0,,38.0,,,0,0,1,1
602,2022-07-13,13642,217.0,580.0,191.0,0.2,0.28715680299010665,0.25275091876087724,0,1,0,1
603,2022-07-14,13735,,247.0,,114.0,,,0,0,0,1
604,2022-07-15,13903,,275.0,,51.0,,,0,0,0,1
605,2022-07-18,13934,,400.0,,8.0,,,0,0,0,1
606,2022-07-19,14021,,432.0,,1.5,,,0,0,0,1
607,2022-07-20,14156,236.0,462.0,114.0,0.1,0.3009600635409142,0.1453790137443399,1,0,1,0
608,2022-07-21,14164,,304.0,,47.0,,,0,0,1,0
609,2022-07-22,14202,,296.0,,34.0,,,0,0,1,0
610,2022-07-25,14116,,319.0,,13.5,,,0,0,1,0
611,2022-07-26,14200,,216.0,,8.4,,,0,0,1,0
612,2022-07-27,14242,215.0,286.0,115.0,0.1,0.2725240907739206,0.14576869971628312,0,0,0,0
613,2022-07-28,14349,,222.0,,78.0,,,0,0,0,0
614,2022-07-29,14279,,276.0,,30.0,,,0,0,0,0
615,2022-08-01,14054,,213.0,,28.5,,,0,0,0,0
616,2022-08-02,14081,,65.0,,119.0,,,0,0,0,0
617,2022-08-03,14063,199.0,0.1,160.0,43.0,0.2554538900726244,0.2053900623699493,0,1,0,1
618,2022-08-04,14420,,170.0,,148.0,,,0,0,0,1
619,2022-08-05,14370,,405.0,,23.0,,,0,0,0,1
620,2022-08-08,14425,,349.0,,10.5,,,0,0,0,1
621,2022-08-09,14287,,390.0,,1.4,,,0,0,0,1
622,2022-08-10,14593,166.0,295.0,140.0,0.3,0.20535294071645102,0.17318922711025989,0,1,0,1
623,2022-08-11,14683,,362.0,,23.0,,,0,0,0,1
624,2022-08-12,14794,,432.0,,8.1,,,0,0,0,1
625,2022-08-15,14834,,540.0,,2.1,,,0,0,0,1
626,2022-08-16,14843,,580.0,,0.7,,,0,0,0,1
627,2022-08-17,14781,164.0,600.0,85.0,0.1,0.20029838700265964,0.10381318838552481,0,0,0,0
628,2022-08-18,14818,,115.0,,99.0,,,0,0,0,0
629,2022-08-19,14643,,118.0,,64.0,,,0,0,0,0
630,2022-08-22,14492,,20.5,,143.0,,,0,0,0,0
631,2022-08-23,14499,,0.9,,270.0,,,0,0,0,0
632,2022-08-24,14634,173.0,0.1,99.0,253.0,0.21341280466285162,0.12212640266833705,0,0,0,0
633,2022-08-25,14705,,249.0,,37.5,,,0,0,0,0
634,2022-08-26,14284,,289.0,,20.0,,,0,0,0,0
635,2022-08-29,14413,,33.0,,169.0,,,0,0,0,0
636,2022-08-30,14506,,43.5,,52.0,,,0,0,0,0
637,2022-08-31,14201,192.0,78.0,119.0,0.2,0.2440729903901357,0.15127440550221952,0,0,0,0
638,2022-09-01,14062,,62.0,,287.0,,,0,0,0,0
639,2022-09-02,14077,,20.0,,381.0,,,0,0,0,0
640,2022-09-05,14099,,3.6,,356.0,,,0,0,0,0
641,2022-09-06,13821,,1.6,,333.0,,,0,0,0,0
642,2022-09-07,14009,186.0,0.2,144.0,585.0,0.23968631021227382,0.18556359500305072,0,1,0,1
643,2022-09-08,14261,,272.0,,50.0,,,0,0,0,1
644,2022-09-12,14339,,475.0,,3.2,,,0,0,0,1
645,2022-09-13,14042,,555.0,,0.7,,,0,0,0,1
646,2022-09-14,14106,179.0,316.0,151.0,0.1,0.22907968241902332,0.19324598907973475,0,1,0,1
647,2022-09-15,13949,,189.0,,98.0,,,0,0,0,1
648,2022-09-16,13884,,86.0,,152.0,,,0,0,0,1
649,2022-09-19,14022,,33.5,,165.0,,,0,0,0,1
650,2022-09-20,13905,,56.0,,45.0,,,0,0,0,1
651,2022-09-21,13733,201.0,0.1,170.0,148.0,0.2642214419049133,0.22347087126286205,0,1,0,1
652,2022-09-22,13612,,70.0,,212.0,,,0,0,0,1
653,2022-09-23,13256,,19.5,,281.0,,,0,0,0,1
654,2022-09-26,13309,,1.9,,615.0,,,0,0,0,1
655,2022-09-27,13009,,0.6,,570.0,,,0,0,0,1
656,2022-09-28,13017,197.0,0.2,175.0,900.0,0.2732075785897258,0.24269708757970565,0,1,0,1
657,2022-09-29,12888,,172.0,,143.0,,,0,0,0,1
658,2022-09-30,12797,,101.0,,195.0,,,0,0,0,1
659,2022-10-03,13087,,37.5,,224.0,,,0,0,0,1
660,2022-10-04,13308,,125.0,,29.5,,,0,0,0,1
661,2022-10-05,13365,145.0,322.0,130.0,0.1,0.1958558103398553,0.1755948644426289,0,1,0,1
662,2022-10-06,13182,,174.0,,93.0,,,0,0,0,1
663,2022-10-07,12584,,72.0,,178.0,,,0,0,0,1
664,2022-10-11,12566,,0.9,,690.0,,,0,0,0,1
665,2022-10-12,12363,212.0,0.2,188.0,710.0,0.30956326073112445,0.27451836328986506,1,1,1,1
666,2022-10-13,12662,,113.0,,296.0,,,0,0,1,1
667,2022-10-14,12472,,213.0,,95.0,,,0,0,1,1
668,2022-10-17,12594,,72.0,,146.0,,,0,0,1,1
669,2022-10-18,12477,,102.0,,52.0,,,0,0,1,1
670,2022-10-19,12413,195.0,0.1,168.0,51.0,0.28359284982789035,0.24432614754402862,0,1,0,1
671,2022-10-20,12320,,137.0,,177.0,,,0,0,0,1
672,2022-10-21,12399,,83.0,,214.0,,,0,0,0,1
673,2022-10-24,12200,,77.0,,141.0,,,0,0,0,1
674,2022-10-25,12256,,6.0,,270.0,,,0,0,0,1
675,2022-10-26,12471,188.0,0.1,150.0,209.0,0.2721410091694813,0.2171337839118202,0,1,0,1
676,2022-10-27,12282,,316.0,,52.0,,,0,0,0,1
677,2022-10-28,12458,,165.0,,91.0,,,0,0,0,1
678,2022-10-31,12548,,260.0,,16.5,,,0,0,0,1
679,2022-11-01,12599,,340.0,,2.4,,,0,0,0,1
680,2022-11-02,12472,187.0,386.0,141.0,0.2,0.27067174651685155,0.20408939175869556,0,1,0,1
681,2022-11-03,12544,,89.0,,171.0,,,0,0,0,1
682,2022-11-04,12740,,99.0,,111.0,,,0,0,0,1
683,2022-11-07,12848,,201.0,,18.5,,,0,0,0,1
684,2022-11-08,13108,,282.0,,2.9,,,0,0,0,1
685,2022-11-09,13001,169.0,565.0,124.0,0.1,0.23466448521332636,0.17217985897309152,0,1,0,1
686,2022-11-10,13569,,109.0,,175.0,,,0,0,0,1
687,2022-11-11,13640,,515.0,,9.2,,,0,0,0,1
688,2022-11-14,14039,,580.0,,2.7,,,0,0,0,1
689,2022-11-15,14070,,980.0,,1.1,,,0,0,0,1
690,2022-11-16,14095,240.0,945.0,162.0,0.3,0.3073856453113087,0.20748531058513334,1,1,1,1
691,2022-11-17,14049,,212.0,,111.0,,,0,0,1,1
692,2022-11-18,14015,,163.0,,115.0,,,0,0,1,1
693,2022-11-21,14088,,96.0,,84.0,,,0,0,1,1
694,2022-11-22,14183,,112.0,,25.5,,,0,0,1,1
695,2022-11-23,14358,160.0,171.0,126.0,0.2,0.2011701105382781,0.158421462048894,0,0,0,0
696,2022-11-24,14294,,259.0,,47.0,,,0,0,0,0
697,2022-11-25,14058,,204.0,,57.0,,,0,0,0,0
698,2022-11-28,14244,,42.5,,126.0,,,0,0,0,0
699,2022-11-29,14386,,118.0,,19.0,,,0,0,0,0
700,2022-11-30,14564,179.0,231.0,144.0,0.2,0.2218757209697022,0.1784922001097046,0,1,0,1
701,2022-12-01,14468,,279.0,,54.0,,,0,0,0,1
702,2022-12-02,14514,,195.0,,66.0,,,0,0,0,1
703,2022-12-05,14263,,203.0,,25.5,,,0,0,0,1
704,2022-12-06,14209,,32.5,,104.0,,,0,0,0,1
705,2022-12-07,14079,198.0,0.2,147.0,130.0,0.25388135189266914,0.1884876703445574,0,1,0,1
706,2022-12-08,14293,,118.0,,188.0,,,0,0,0,1
707,2022-12-09,14167,,211.0,,75.0,,,0,0,0,1
708,2022-12-12,14102,,117.0,,102.0,,,0,0,0,1
709,2022-12-13,14294,,89.0,,138.0,,,0,0,0,1
710,2022-12-14,14297,173.0,125.0,161.0,0.1,0.21844323868197318,0.20329110651906176,0,1,0,1
711,2022-12-15,14047,,127.0,,114.0,,,0,0,0,1
712,2022-12-16,13991,,24.0,,263.0,,,0,0,0,1
713,2022-12-19,13737,,6.5,,299.0,,,0,0,0,1
714,2022-12-20,13781,,0.9,,550.0,,,0,0,0,1
715,2022-12-21,13988,159.0,0.1,117.0,480.0,0.20520073951345214,0.15099677058537045,0,0,0,0
716,2022-12-22,13803,,291.0,,37.0,,,0,0,0,0
717,2022-12-23,13857,,143.0,,72.0,,,0,0,0,0
718,2022-12-26,13919,,150.0,,28.0,,,0,0,0,0
719,2022-12-27,13726,,190.0,,7.5,,,0,0,0,0
720,2022-12-28,13648,147.0,0.2,113.0,19.5,0.19444005794116526,0.14946752753300457,0,0,0,0
721,2022-12-29,13749,,94.0,,132.0,,,0,0,0,0
722,2022-12-30,13844,,123.0,,70.0,,,0,0,0,0
723,2023-01-03,13823,,158.0,,11.0,,,0,0,0,0
724,2023-01-04,13903,156.0,123.0,120.0,0.1,0.2025599105179373,0.15581531578302868,0,0,0,0
725,2023-01-05,13980,,182.0,,69.0,,,0,0,0,0
726,2023-01-06,14379,,218.0,,44.5,,,0,0,0,0
727,2023-01-09,14424,,575.0,,3.2,,,0,0,0,0
728,2023-01-10,14405,,615.0,,1.0,,,0,0,0,0
729,2023-01-11,14380,216.0,555.0,175.0,0.3,0.2711641588036583,0.21969318421592685,0,1,0,1
730,2023-01-12,14448,,210.0,,193.0,,,0,0,0,1
731,2023-01-13,14552,,213.0,,130.0,,,0,0,0,1
732,2023-01-16,14539,,262.0,,76.0,,,0,0,0,1
733,2023-01-17,14662,,246.0,,66.0,,,0,0,0,1
734,2023-01-30,14898,117.0,700.0,56.0,0.3,0.14177358215519947,0.06785744103154846,0,0,0,0
735,2023-01-31,15012,,11.0,,139.0,,,0,0,0,0
736,2023-02-01,15210,165.0,0.3,121.0,41.0,0.19583582913088368,0.14361294136264802,0,0,0,0
737,2023-02-02,15211,,278.0,,35.5,,,0,0,0,0
738,2023-02-03,15037,,266.0,,28.0,,,0,0,0,0
739,2023-02-06,15027,,111.0,,46.5,,,0,0,0,0
740,2023-02-07,15234,,87.0,,30.5,,,0,0,0,0
741,2023-02-08,15230,141.0,266.0,136.0,0.3,0.16713085318545312,0.161204227185969,0,0,0,0
742,2023-02-09,15207,,121.0,,123.0,,,0,0,0,0
743,2023-02-10,15162,,107.0,,131.0,,,0,0,0,0
744,2023-02-13,15288,,74.0,,141.0,,,0,0,0,0
745,2023-02-14,15009,,122.0,,65.0,,,0,0,0,0
746,2023-02-15,15186,109.0,0.1,176.0,202.0,0.12957479287453785,0.20922168390751064,0,1,0,1
747,2023-02-16,15079,,174.0,68.0,68.0,,0.08140925724657827,0,0,0,0
748,2023-02-17,15167,,95.0,99.0,99.0,,0.11783462627074864,0,0,0,0
749,2023-02-20,15171,,122.0,33.0,33.0,,0.03926785262778645,0,0,0,0
750,2023-02-21,15018,,114.0,18.5,18.5,,0.02223806776514393,0,0,0,0
751,2023-02-22,15243,141.0,0.2,103.0,16.5,0.1669883155556289,0.12198437235623956,0,0,0,0
752,2023-02-23,15184,,291.0,,25.5,,,0,0,0,0
753,2023-02-24,15189,,229.0,,23.5,,,0,0,0,0
754,2023-03-01,15185,268.0,244.0,56.0,0.1,0.31860854454441223,0.06657491975554883,1,0,1,0
755,2023-03-02,15258,,254.0,,44.5,,,0,0,1,0
756,2023-03-03,15415,,302.0,,23.0,,,0,0,1,0
757,2023-03-06,15516,,440.0,,3.6,,,0,0,1,0
758,2023-03-07,15428,,525.0,,1.2,,,0,0,1,0
759,2023-03-08,15409,147.0,460.0,113.0,0.2,0.1722186975651258,0.13238580152965454,0,0,0,0
760,2023-03-09,15124,,124.0,,108.0,,,0,0,0,0
761,2023-03-10,15162,,23.5,,295.0,,,0,0,0,0
762,2023-03-13,14997,,17.0,,249.0,,,0,0,0,0
763,2023-03-14,15039,,2.2,,401.0,,,0,0,0,0
764,2023-03-15,14935,116.0,0.2,171.0,346.0,0.14021361393731052,0.20669420675241468,0,1,0,1
765,2023-03-16,15114,,155.0,,106.0,,,0,0,0,1
766,2023-03-17,15079,,49.0,,179.0,,,0,0,0,1
767,2023-03-20,15164,,41.0,,142.0,,,0,0,0,1
768,2023-03-21,15424,,8.1,,197.0,,,0,0,0,1
769,2023-03-22,15545,164.0,0.1,126.0,444.0,0.1904541948077396,0.14632456430350727,0,0,0,0
770,2023-03-23,15626,,219.0,,63.0,,,0,0,0,0
771,2023-03-24,15538,,267.0,,29.0,,,0,0,0,0
772,2023-03-27,15398,,181.0,,25.0,,,0,0,0,0
773,2023-03-28,15447,,56.0,,46.0,,,0,0,0,0
774,2023-03-29,15528,156.0,49.0,101.0,0.1,0.18136208371528093,0.11742032343104726,0,0,0,0
775,2023-03-30,15573,,199.0,,60.0,,,0,0,0,0
776,2023-03-31,15471,,219.0,,38.5,,,0,0,0,0
777,2023-04-06,15527,121.0,95.0,96.0,0.2,0.1406809324483723,0.11161462409127058,0,0,0,0
778,2023-04-07,15560,,137.0,,52.0,,,0,0,0,0
779,2023-04-10,15633,,144.0,,23.5,,,0,0,0,0
780,2023-04-11,15634,,189.0,,5.7,,,0,0,0,0
781,2023-04-12,15525,131.0,182.0,104.0,0.2,0.15232707671949525,0.12093141968570616,0,0,0,0
782,2023-04-13,15657,,59.0,,143.0,,,0,0,0,0
783,2023-04-14,15679,,105.0,,56.0,,,0,0,0,0
784,2023-04-17,15600,,101.0,,30.5,,,0,0,0,0
785,2023-04-18,15506,,38.5,,48.0,,,0,0,0,0
786,2023-04-19,15459,137.0,0.3,97.0,125.0,0.15998401467344178,0.11327335345491861,0,0,0,0
787,2023-04-20,15342,,99.0,,110.0,,,0,0,0,0
788,2023-04-21,15348,,28.0,,156.0,,,0,0,0,0
789,2023-04-24,15117,,12.0,,147.0,,,0,0,0,0
790,2023-04-25,15104,,1.0,,371.0,,,0,0,0,0
791,2023-04-26,15154,125.0,0.2,100.0,370.0,0.14890872702280528,0.11912698161824423,0,0,0,0
792,2023-04-27,15300,,136.0,,61.0,,,0,0,0,0
793,2023-04-28,15363,,235.0,,15.0,,,0,0,0,0
794,2023-05-02,15277,,333.0,,1.6,,,0,0,0,0
795,2023-05-03,15335,117.0,268.0,121.0,0.2,0.13773347420594467,0.14244231093093426,0,0,0,0
796,2023-05-04,15370,,134.0,,74.0,,,0,0,0,0
797,2023-05-05,15451,,134.0,,44.0,,,0,0,0,0
798,2023-05-08,15464,,177.0,,11.5,,,0,0,0,0
799,2023-05-09,15338,,180.0,,2.9,,,0,0,0,0
800,2023-05-10,15247,108.0,61.0,98.0,0.1,0.12787238812870094,0.11603235219085825,0,0,0,0
801,2023-05-11,15234,,49.0,,130.0,,,0,0,0,0
802,2023-05-12,15238,,29.0,,123.0,,,0,0,0,0
803,2023-05-15,15418,,17.5,,108.0,,,0,0,0,0
804,2023-05-16,15664,,103.0,,11.0,,,0,0,0,0
805,2023-05-17,15858,166.0,353.0,73.0,0.1,0.1889718415862763,0.08310207491444681,0,0,0,0
806,2023-05-18,15916,,316.0,,23.5,,,0,0,0,0
807,2023-05-19,15904,,361.0,,13.0,,,0,0,0,0
808,2023-05-22,15924,,340.0,,4.5,,,0,0,0,0
809,2023-05-23,15858,,348.0,,1.9,,,0,0,0,0
810,2023-05-24,15994,153.0,299.0,65.0,0.3,0.17269181740325096,0.0733658047791589,0,0,0,0
811,2023-05-25,16227,,255.0,,28.0,,,0,0,0,0
812,2023-05-26,16367,,466.0,,6.0,,,0,0,0,0
813,2023-05-29,16362,,610.0,,1.6,,,0,0,0,0
814,2023-05-30,16277,,595.0,,0.9,,,0,0,0,0
815,2023-05-31,16258,189.0,540.0,92.0,0.1,0.20986117776768548,0.10215464737897917,0,0,0,0
816,2023-06-01,16500,,162.0,,79.0,,,0,0,0,0
817,2023-06-02,16472,,330.0,,13.5,,,0,0,0,0
818,2023-06-05,16535,,278.0,,6.6,,,0,0,0,0
819,2023-06-06,16679,,320.0,,2.3,,,0,0,0,0
820,2023-06-07,16506,152.0,456.0,88.0,0.1,0.16624139250897657,0.09624501671572327,0,0,0,0
821,2023-06-08,16675,,58.0,,161.0,,,0,0,0,0
822,2023-06-09,16731,,120.0,,65.0,,,0,0,0,0
823,2023-06-12,17007,,143.0,,26.0,,,0,0,0,0
824,2023-06-13,16988,,390.0,,1.8,,,0,0,0,0
825,2023-06-14,17125,130.0,393.0,131.0,0.3,0.13704089712559037,0.13809505787271031,0,0,0,0
826,2023-06-15,17058,,199.0,,59.0,,,0,0,0,0
827,2023-06-16,17042,,134.0,,64.0,,,0,0,0,0
828,2023-06-19,16978,,97.0,,42.0,,,0,0,0,0
829,2023-06-20,16969,,35.5,,46.5,,,0,0,0,0
830,2023-06-21,16846,223.0,30.0,50.0,0.1,0.23897115773225733,0.05358097707001286,0,0,0,0
831,2023-06-26,16708,,96.0,,43.0,,,0,0,0,0
832,2023-06-27,16741,,17.0,,86.0,,,0,0,0,0
833,2023-06-28,16728,144.0,0.1,93.0,69.0,0.15540174571961607,0.1003636274439187,0,0,0,0
834,2023-06-29,16753,,133.0,,84.0,,,0,0,0,0
835,2023-06-30,17001,,137.0,,50.0,,,0,0,0,0
836,2023-07-03,17069,,340.0,,4.9,,,0,0,0,0
837,2023-07-04,16971,,400.0,,0.9,,,0,0,0,0
838,2023-07-05,16655,126.0,276.0,96.0,0.3,0.13657252189120506,0.10405525477425147,0,0,0,0
839,2023-07-06,16590,,18.0,,304.0,,,0,0,0,0
840,2023-07-07,16519,,8.7,,349.0,,,0,0,0,0
841,2023-07-10,16832,,1.9,,421.0,,,0,0,0,0
842,2023-07-11,16888,,14.0,,117.0,,,0,0,0,0
843,2023-07-12,17052,146.0,0.1,121.0,86.0,0.15456635045663822,0.1280995096250221,0,0,0,0
844,2023-07-13,17257,,238.0,,52.0,,,0,0,0,0
845,2023-07-14,17253,,406.0,,12.0,,,0,0,0,0
846,2023-07-17,17186,,391.0,,4.2,,,0,0,0,0
847,2023-07-18,17097,,325.0,,2.8,,,0,0,0,0
848,2023-07-19,17142,183.0,203.0,113.0,0.2,0.1927201033356935,0.1190020310214938,0,0,0,0
849,2023-07-20,16963,,196.0,,79.0,,,0,0,0,0
850,2023-07-21,16995,,75.0,,133.0,,,0,0,0,0
851,2023-07-24,17198,,66.0,,92.0,,,0,0,0,0
852,2023-07-25,17116,,185.0,,9.0,,,0,0,0,0
853,2023-07-26,17239,149.0,104.0,118.0,0.1,0.15603126146353505,0.12356838156172577,0,0,0,0
854,2023-07-27,17278,,210.0,,55.0,,,0,0,0,0
855,2023-07-28,17119,,221.0,,31.5,,,0,0,0,0
856,2023-07-31,17194,,94.0,,68.0,,,0,0,0,0
857,2023-08-01,16836,,116.0,,21.5,,,0,0,0,0
858,2023-08-02,16840,160.0,0.1,144.0,246.0,0.1715202165741447,0.15436819491673023,0,0,0,0
859,2023-08-04,17016,,132.0,,100.0,,,0,0,0,0
860,2023-08-07,16868,,228.0,,25.5,,,0,0,0,0
861,2023-08-08,16869,,105.0,,37.5,,,0,0,0,0
862,2023-08-09,16672,150.0,71.0,147.0,0.3,0.16242055057367502,0.15917213956220153,0,0,0,0
863,2023-08-10,16641,,60.0,,253.0,,,0,0,0,0
864,2023-08-11,16393,,25.5,,252.0,,,0,0,0,0
865,2023-08-14,16439,,2.0,,475.0,,,0,0,0,0
866,2023-08-15,16412,,0.7,,430.0,,,0,0,0,0
867,2023-08-16,16495,174.0,0.1,115.0,486.0,0.19042955357566532,0.12585861299541098,0,0,0,0
868,2023-08-17,16392,,204.0,,66.0,,,0,0,0,0
869,2023-08-18,16387,,133.0,,97.0,,,0,0,0,0
870,2023-08-21,16439,,97.0,,73.0,,,0,0,0,0
871,2023-08-22,16597,,109.0,,26.5,,,0,0,0,0
872,2023-08-23,16795,278.0,206.0,67.0,0.1,0.29881487209593255,0.07201653392240101,0,0,0,0
873,2023-08-24,16465,,433.0,,12.5,,,0,0,0,0
874,2023-08-25,16531,,167.0,,67.0,,,0,0,0,0
875,2023-08-28,16663,,182.0,,23.5,,,0,0,0,0
876,2023-08-29,16762,,291.0,,1.3,,,0,0,0,0
877,2023-08-30,16659,133.0,381.0,98.0,0.1,0.1441252699237062,0.10619756731220456,0,0,0,0
878,2023-08-31,16690,,82.0,,131.0,,,0,0,0,0
