,日期,Close,價平買權次週每日結算價,價平買權近週每日結算價,價平賣權次週每日結算價,價平賣權近週每日結算價,Implied volatility of Call,Implied volatility of Put,Signal of Long Call,Signal of Long Put,Signal of Long Call_E,Signal of Long Put_E,策略累積資金(金額),進場口數,策略近週報酬(點數)
0,2020-01-02,12100.48,68.0,102.0,56.0,0.1,0.10144805743418062,0.08354545906344286,0,0,0,0,1000000.0,4.0,0.0
1,2020-01-03,12110.43,,52.0,,56.0,,,0,0,0,0,1000000.0,4.0,-0.0
2,2020-01-06,11953.36,,5.4,,147.0,,,0,0,0,0,1000000.0,4.0,-0.0
3,2020-01-07,11880.32,,0.6,,225.0,,,0,0,0,0,1000000.0,4.0,-0.0
4,2020-01-08,11817.1,136.0,0.1,99.0,260.0,0.20776166572528856,0.15123827137355564,0,1,0,1,1000000.0,4.0,-0.0
5,2020-01-09,11970.63,,247.0,,29.0,,,0,0,0,1,1000000.0,4.0,0.0
6,2020-01-10,12024.65,,284.0,,20.0,,,0,0,0,1,1000000.0,4.0,0.0
7,2020-01-13,12113.42,,370.0,,1.5,,,0,0,0,1,1000000.0,4.0,0.0
8,2020-01-14,12179.81,,431.0,,0.9,,,0,0,0,1,1000000.0,4.0,0.0
9,2020-01-15,12091.88,101.0,313.0,86.0,0.1,0.1507873698909766,0.12839320604578205,0,0,0,0,1000000.0,4.0,-0.0
10,2020-01-16,12066.93,,99.0,,84.0,,,0,0,0,0,1000000.0,4.0,-0.0
11,2020-01-17,12090.29,,100.0,,66.0,,,0,0,0,0,1000000.0,4.0,0.0
12,2020-01-20,12118.71,,120.0,,47.5,,,0,0,0,0,1000000.0,4.0,0.0
13,2020-01-30,11421.74,186.0,0.2,95.0,615.0,0.29398020964964566,0.1501511823479373,1,1,1,1,1000000.0,4.0,-0.0
14,2020-01-31,11495.1,,228.0,,42.5,,,0,0,1,1,1007800.0,4.0,39.0
15,2020-02-03,11354.92,,115.0,,76.0,,,0,0,1,1,985200.0,4.0,-113.0
16,2020-02-04,11555.92,,258.0,,7.9,,,0,0,1,1,1013800.0,4.0,143.0
17,2020-02-05,11573.62,149.0,260.0,96.0,0.1,0.23240981787633266,0.1497405537995163,1,1,1,1,1014200.0,4.0,2.0
18,2020-02-06,11749.68,,278.0,,28.5,,,0,0,1,1,1039400.0,4.0,126.0
19,2020-02-07,11612.81,,161.0,,56.0,,,0,0,1,1,1016000.0,4.0,-117.0
20,2020-02-10,11574.07,,126.0,,44.0,,,0,0,1,1,1009000.0,4.0,-35.0
21,2020-02-11,11664.04,,187.0,,8.4,,,0,0,1,1,1021200.0,4.0,61.0
22,2020-02-12,11774.19,110.0,293.0,90.0,0.2,0.16865493994806952,0.13799040541205684,0,0,0,0,1042400.0,4.0,106.0
23,2020-02-13,11791.78,,105.0,,79.0,,,0,0,0,0,1042400.0,4.0,-0.0
24,2020-02-14,11815.7,,108.0,,47.0,,,0,0,0,0,1042400.0,4.0,0.0
25,2020-02-17,11763.51,,61.0,,40.5,,,0,0,0,0,1042400.0,4.0,-0.0
26,2020-02-18,11648.98,,8.2,,117.0,,,0,0,0,0,1042400.0,4.0,-0.0
27,2020-02-19,11758.84,105.0,10.0,80.0,0.1,0.16119896124235186,0.12281825618464903,0,0,0,0,1042400.0,4.0,0.0
28,2020-02-20,11725.09,,69.0,,92.0,,,0,0,0,0,1042400.0,4.0,0.0
29,2020-02-21,11686.35,,41.5,,116.0,,,0,0,0,0,1042400.0,4.0,-0.0
30,2020-02-24,11534.87,,5.1,,232.0,,,0,0,0,0,1042400.0,4.0,-0.0
31,2020-02-25,11540.23,,1.7,,202.0,,,0,0,0,0,1042400.0,4.0,-0.0
32,2020-02-26,11433.62,144.0,0.1,111.0,317.0,0.22736109844456415,0.17525751338435153,1,1,1,1,1042400.0,4.0,-0.0
33,2020-02-27,11292.17,,76.0,,187.0,,,0,0,1,1,1028200.0,4.0,-71.0
34,2020-03-02,11170.46,,17.5,,222.0,,,0,0,1,1,1016500.0,4.0,-58.5
35,2020-03-03,11327.72,,24.5,,89.0,,,0,0,1,1,1017900.0,4.0,7.0
36,2020-03-04,11392.35,138.0,0.1,110.0,21.0,0.21867704078887718,0.17430778613606152,0,1,0,1,1013020.0,4.0,-24.4
37,2020-03-05,11514.82,,202.0,,44.5,,,0,0,0,1,1013020.0,4.0,0.0
38,2020-03-06,11321.81,,84.0,,146.0,,,0,0,0,1,1013020.0,4.0,-0.0
39,2020-03-09,10977.64,,7.5,,385.0,,,0,0,0,1,1013020.0,4.0,-0.0
40,2020-03-10,11003.54,,1.3,,340.0,,,0,0,0,1,1013020.0,4.0,-0.0
41,2020-03-11,10893.75,200.0,0.2,178.0,443.0,0.3314286227319102,0.2949714742314001,1,1,1,1,1013020.0,4.0,-0.0
42,2020-03-12,10422.32,,32.5,,468.0,,,0,0,1,1,978920.0,4.0,-170.5
43,2020-03-13,10128.87,,19.5,,785.0,,,0,0,1,1,976320.0,4.0,-13.0
44,2020-03-16,9717.77,,1.5,,1120.0,,,0,0,1,1,972720.0,4.0,-18.0
45,2020-03-17,9439.63,,0.1,,1430.0,,,0,0,1,1,972440.0,4.0,-1.4
46,2020-03-18,9218.67,417.0,0.3,285.0,1490.0,0.8165921619145474,0.5581025567041871,1,1,1,1,972480.0,4.0,0.2
47,2020-03-19,8681.34,,146.0,,565.0,,,0,0,1,1,917680.0,4.0,-274.0
48,2020-03-20,9234.09,,370.0,,160.0,,,0,0,1,1,962480.0,4.0,224.0
49,2020-03-23,8890.03,,141.0,,260.0,,,0,0,1,1,916680.0,4.0,-229.0
50,2020-03-24,9285.62,,427.0,,9.5,,,0,0,1,1,973880.0,4.0,286.0
51,2020-03-25,9644.75,308.0,715.0,194.0,0.2,0.5764971472235204,0.36311833299143825,1,1,1,1,1031480.0,4.0,288.0
52,2020-03-26,9736.36,,324.0,,154.0,,,0,0,1,1,1034080.0,4.0,13.0
53,2020-03-27,9698.92,,251.0,,154.0,,,0,0,1,1,1019480.0,4.0,-73.0
54,2020-03-30,9629.43,,203.0,,91.0,,,0,0,1,1,1009880.0,4.0,-48.0
55,2020-03-31,9708.06,,160.0,,34.5,,,0,0,1,1,1001280.0,4.0,-43.0
56,2020-04-01,9663.63,265.0,134.0,185.0,0.1,0.49504308841745953,0.34559611832916987,1,1,1,1,996080.0,4.0,-26.0
57,2020-04-06,9818.74,,326.0,,16.0,,,0,0,1,1,1007680.0,4.0,58.0
58,2020-04-07,9996.39,,465.0,,1.4,,,0,0,1,1,1035480.0,4.0,139.0
59,2020-04-08,10137.47,180.0,565.0,152.0,0.1,0.3205386060819092,0.2706770451358344,1,1,1,1,1055480.0,4.0,100.0
60,2020-04-09,10119.43,,142.0,,142.0,,,0,0,1,1,1047280.0,4.0,-41.0
61,2020-04-10,10157.61,,133.0,,99.0,,,0,0,1,1,1045480.0,4.0,-9.0
62,2020-04-13,10099.22,,82.0,,106.0,,,0,0,1,1,1035280.0,4.0,-51.0
63,2020-04-14,10332.94,,250.0,,4.4,,,0,0,1,1,1068880.0,4.0,168.0
64,2020-04-15,10447.21,198.0,351.0,110.0,0.1,0.34213876750796524,0.1900770930599807,1,1,1,1,1089080.0,4.0,101.0
65,2020-04-16,10375.48,,169.0,,101.0,,,0,0,1,1,1082680.0,4.0,-32.0
66,2020-04-17,10597.04,,330.0,,26.5,,,0,0,1,1,1114880.0,4.0,161.0
67,2020-04-20,10586.71,,256.0,,22.0,,,0,0,1,1,1100080.0,4.0,-74.0
68,2020-04-21,10288.42,,63.0,,84.0,,,0,0,1,1,1061480.0,4.0,-193.0
69,2020-04-22,10307.74,218.0,0.2,118.0,15.0,0.3817951955700729,0.2066597847581129,1,1,1,1,1048920.0,4.0,-62.8
70,2020-04-23,10366.51,,238.0,,64.0,,,0,0,1,1,1052320.0,4.0,17.0
71,2020-04-24,10347.36,,210.0,,59.0,,,0,0,1,1,1046720.0,4.0,-28.0
72,2020-04-27,10567.27,,401.0,,5.2,,,0,0,1,1,1084920.0,4.0,191.0
73,2020-04-28,10616.06,,426.0,,0.8,,,0,0,1,1,1089920.0,4.0,25.0
74,2020-04-29,10772.22,150.0,555.0,103.0,0.1,0.2513757998968003,0.17261138259580286,1,1,1,1,1115720.0,4.0,129.0
75,2020-04-30,10992.14,,310.0,,27.0,,,0,0,1,1,1147120.0,4.0,157.0
76,2020-05-04,10720.48,,84.0,,115.0,,,0,0,1,1,1101920.0,4.0,-226.0
77,2020-05-05,10774.61,,104.0,,25.0,,,0,0,1,1,1105920.0,4.0,20.0
78,2020-05-06,10774.98,160.0,57.0,111.0,0.1,0.2680655042615947,0.1859704435814813,1,1,1,1,1096520.0,4.0,-47.0
79,2020-05-07,10842.92,,188.0,,63.0,,,0,0,1,1,1101520.0,4.0,25.0
80,2020-05-08,10901.42,,213.0,,38.0,,,0,0,1,1,1106520.0,4.0,25.0
81,2020-05-11,11013.26,,266.0,,10.5,,,0,0,1,1,1117120.0,4.0,53.0
82,2020-05-12,10879.47,,153.0,,7.4,,,0,0,1,1,1094520.0,4.0,-113.0
83,2020-05-13,10938.27,131.0,174.0,117.0,0.1,0.21620218426407134,0.19309660731981945,0,1,0,1,1098720.0,4.0,21.0
84,2020-05-14,10780.88,,56.0,,206.0,,,0,0,0,1,1098720.0,4.0,-0.0
85,2020-05-15,10814.92,,63.0,,143.0,,,0,0,0,1,1098720.0,4.0,0.0
86,2020-05-18,10740.55,,28.0,,165.0,,,0,0,0,1,1098720.0,4.0,-0.0
87,2020-05-19,10860.44,,35.0,,66.0,,,0,0,0,1,1098720.0,4.0,0.0
88,2020-05-20,10907.8,135.0,0.1,93.0,13.0,0.22342616084342204,0.15391579969213517,1,1,1,1,1098720.0,4.0,-0.0
89,2020-05-21,11008.31,,178.0,,46.5,,,0,0,1,1,1106720.0,4.0,40.0
90,2020-05-22,10811.15,,65.0,,125.0,,,0,0,1,1,1084120.0,4.0,-113.0
91,2020-05-25,10871.18,,61.0,,52.0,,,0,0,1,1,1083320.0,4.0,-4.0
92,2020-05-26,10997.21,,164.0,,6.7,,,0,0,1,1,1103920.0,4.0,103.0
93,2020-05-27,11014.66,139.0,160.0,86.0,0.1,0.2278143754256231,0.14094990134247184,1,0,1,0,1103120.0,4.0,-4.0
94,2020-05-28,10944.19,,101.0,,108.0,,,0,0,1,0,1094920.0,4.0,-41.0
95,2020-05-29,10942.16,,86.0,,91.0,,,0,0,1,0,1091920.0,4.0,-15.0
96,2020-06-01,11079.02,,151.0,,21.5,,,0,0,1,0,1104920.0,4.0,65.0
97,2020-06-02,11127.93,,187.0,,6.5,,,0,0,1,0,1112120.0,4.0,36.0
98,2020-06-03,11320.16,141.0,371.0,90.0,0.2,0.2248557347258741,0.1435249370590686,1,0,1,0,1148920.0,5.0,184.0
99,2020-06-04,11393.23,,182.0,,56.0,,,0,0,1,0,1158420.0,5.0,38.0
100,2020-06-05,11479.4,,245.0,,20.0,,,0,0,1,0,1174170.0,5.0,63.0
101,2020-06-08,11610.32,,341.0,,4.7,,,0,0,1,0,1198170.0,5.0,96.0
102,2020-06-09,11637.11,,380.0,,1.1,,,0,0,1,0,1207920.0,5.0,39.0
103,2020-06-10,11720.16,127.0,463.0,123.0,0.1,0.19561745359213945,0.18945627395144213,0,1,0,1,1228670.0,5.0,83.0
104,2020-06-11,11535.77,,34.0,,243.0,,,0,0,0,1,1228670.0,5.0,-0.0
105,2020-06-12,11429.94,,14.0,,323.0,,,0,0,0,1,1228670.0,5.0,-0.0
106,2020-06-15,11306.26,,1.8,,475.0,,,0,0,0,1,1228670.0,5.0,-0.0
107,2020-06-16,11511.64,,7.7,,183.0,,,0,0,0,1,1228670.0,5.0,0.0
108,2020-06-17,11534.59,217.0,0.2,66.0,179.0,0.33962135683982136,0.10329497489137424,1,0,1,0,1228670.0,5.0,-0.0
109,2020-06-18,11548.33,,235.0,,42.0,,,0,0,1,0,1232420.0,5.0,15.0
110,2020-06-19,11549.86,,231.0,,27.0,,,0,0,1,0,1231420.0,5.0,-4.0
111,2020-06-22,11572.93,,230.0,,13.0,,,0,0,1,0,1231170.0,5.0,-1.0
112,2020-06-23,11612.36,,260.0,,3.2,,,0,0,1,0,1238670.0,5.0,30.0
113,2020-06-24,11660.67,191.0,302.0,55.0,0.2,0.2956972484201927,0.08514842231995076,1,0,1,0,1249170.0,5.0,42.0
114,2020-06-29,11542.62,,65.0,,85.0,,,0,0,1,0,1216920.0,5.0,-129.0
115,2020-06-30,11621.24,,102.0,,11.0,,,0,0,1,0,1226170.0,5.0,37.0
116,2020-07-01,11703.42,164.0,203.0,60.0,0.2,0.25296968392882696,0.09254988436420498,1,0,1,0,1251420.0,5.0,101.0
117,2020-07-02,11805.14,,276.0,,23.0,,,0,0,1,0,1278670.0,5.0,109.0
118,2020-07-03,11909.16,,398.0,,10.0,,,0,0,1,0,1309170.0,5.0,122.0
119,2020-07-06,12116.7,,615.0,,2.1,,,0,0,1,0,1363420.0,5.0,217.0
120,2020-07-07,12092.97,,575.0,,0.6,,,0,0,1,0,1353420.0,5.0,-40.0
121,2020-07-08,12170.19,138.0,655.0,110.0,0.1,0.20470061565441172,0.1631671574056905,0,1,0,1,1373420.0,5.0,80.0
122,2020-07-09,12192.69,,136.0,,85.0,,,0,0,0,1,1373420.0,5.0,-0.0
123,2020-07-10,12073.68,,54.0,,159.0,,,0,0,0,1,1373420.0,5.0,-0.0
124,2020-07-13,12211.56,,135.0,,29.5,,,0,0,0,1,1373420.0,5.0,0.0
125,2020-07-14,12209.01,,109.0,,21.0,,,0,0,0,1,1373420.0,5.0,-0.0
126,2020-07-15,12202.85,228.0,120.0,68.0,0.1,0.337295847865847,0.10059700725823506,1,0,1,0,1373420.0,5.0,0.0
127,2020-07-16,12157.74,,177.0,,65.0,,,0,0,1,0,1359920.0,5.0,-54.0
128,2020-07-17,12181.56,,164.0,,44.5,,,0,0,1,0,1356670.0,5.0,-13.0
129,2020-07-20,12174.54,,144.0,,25.5,,,0,0,1,0,1351670.0,5.0,-20.0
130,2020-07-21,12397.55,,370.0,,1.8,,,0,0,1,0,1408170.0,5.0,226.0
131,2020-07-22,12473.27,186.0,401.0,63.0,0.2,0.26919689221541293,0.09117959252457536,1,0,1,0,1415920.0,6.0,31.0
132,2020-07-23,12413.04,,160.0,,70.0,,,0,0,1,0,1407220.0,6.0,-29.0
133,2020-07-24,12304.04,,88.0,,134.0,,,0,0,1,0,1385620.0,6.0,-72.0
134,2020-07-27,12588.3,,319.0,,15.0,,,0,0,1,0,1454920.0,6.0,231.0
135,2020-07-28,12586.73,,272.0,,11.5,,,0,0,1,0,1440820.0,6.0,-47.0
136,2020-07-29,12540.97,205.0,229.0,97.0,0.1,0.2950938462382009,0.13962977114685604,1,0,1,0,1427920.0,6.0,-43.0
137,2020-07-30,12722.92,,320.0,,47.0,,,0,0,1,0,1461520.0,6.0,112.0
138,2020-07-31,12664.8,,301.0,,45.5,,,0,0,1,0,1455820.0,6.0,-19.0
139,2020-08-03,12513.03,,171.0,,43.0,,,0,0,1,0,1416820.0,6.0,-130.0
140,2020-08-04,12709.92,,314.0,,2.1,,,0,0,1,0,1459720.0,6.0,143.0
141,2020-08-05,12802.3,176.0,393.0,85.0,0.1,0.24817731906137622,0.11985836431941467,1,0,1,0,1483420.0,6.0,79.0
142,2020-08-06,12913.5,,237.0,,54.0,,,0,0,1,0,1500820.0,6.0,58.0
143,2020-08-07,12828.87,,170.0,,62.0,,,0,0,1,0,1480720.0,6.0,-67.0
144,2020-08-10,12894.0,,221.0,,20.0,,,0,0,1,0,1496020.0,6.0,51.0
145,2020-08-11,12780.19,,97.0,,25.0,,,0,0,1,0,1458820.0,6.0,-124.0
146,2020-08-12,12670.35,130.0,0.2,121.0,40.5,0.1852218260170978,0.1723987765236064,0,1,0,1,1429780.0,6.0,-96.8
147,2020-08-13,12763.13,,155.0,,77.0,,,0,0,0,1,1429780.0,6.0,0.0
148,2020-08-14,12795.46,,183.0,,42.5,,,0,0,0,1,1429780.0,6.0,0.0
149,2020-08-17,12956.11,,311.0,,6.5,,,0,0,0,1,1429780.0,6.0,0.0
150,2020-08-18,12872.14,,230.0,,3.3,,,0,0,0,1,1429780.0,6.0,-0.0
151,2020-08-19,12778.64,139.0,156.0,101.0,0.1,0.19636658427075132,0.14268363317515023,0,0,0,0,1429780.0,6.0,-0.0
152,2020-08-20,12362.64,,18.5,,423.0,,,0,0,0,0,1429780.0,6.0,-0.0
153,2020-08-21,12607.84,,32.0,,187.0,,,0,0,0,0,1429780.0,6.0,0.0
154,2020-08-24,12647.13,,27.5,,137.0,,,0,0,0,0,1429780.0,6.0,-0.0
155,2020-08-25,12758.25,,61.0,,38.0,,,0,0,0,0,1429780.0,6.0,0.0
156,2020-08-26,12833.29,165.0,49.5,92.0,0.2,0.23210439108605355,0.12941578169646623,1,0,1,0,1429780.0,6.0,-0.0
157,2020-08-27,12797.31,,131.0,,94.0,,,0,0,1,0,1418680.0,6.0,-37.0
158,2020-08-28,12728.85,,88.0,,115.0,,,0,0,1,0,1405780.0,6.0,-43.0
159,2020-08-31,12591.45,,28.0,,155.0,,,0,0,1,0,1387780.0,6.0,-60.0
160,2020-09-01,12703.28,,26.5,,67.0,,,0,0,1,0,1387330.0,6.0,-1.5
161,2020-09-02,12699.5,165.0,0.2,101.0,82.0,0.23454962487347852,0.1435728006801293,1,0,1,0,1379440.0,6.0,-26.3
162,2020-09-03,12757.97,,174.0,,75.0,,,0,0,1,0,1381240.0,6.0,6.0
163,2020-09-04,12637.95,,98.0,,120.0,,,0,0,1,0,1358440.0,6.0,-76.0
164,2020-09-07,12601.4,,52.0,,102.0,,,0,0,1,0,1344640.0,6.0,-46.0
165,2020-09-08,12663.56,,68.0,32.0,32.0,,0.045617511143921576,0,0,1,0,1349440.0,6.0,16.0
166,2020-09-09,12608.58,175.0,0.1,124.0,58.0,0.2505585870117831,0.17753865593977775,1,1,1,1,1329070.0,5.0,-67.9
167,2020-09-10,12691.75,,211.0,,63.0,,,0,0,1,1,1337320.0,5.0,33.0
168,2020-09-11,12675.95,,175.0,,61.0,,,0,0,1,1,1328320.0,5.0,-36.0
169,2020-09-14,12787.82,,246.0,,11.5,,,0,0,1,1,1346070.0,5.0,71.0
170,2020-09-15,12845.65,,296.0,,2.8,,,0,0,1,1,1358570.0,5.0,50.0
171,2020-09-16,12976.76,138.0,418.0,107.0,0.1,0.19197745705639657,0.14885208626836546,0,1,0,1,1389070.0,5.0,122.0
172,2020-09-17,12872.74,,79.0,,128.0,,,0,0,0,1,1389070.0,5.0,-0.0
173,2020-09-18,12875.62,,73.0,,100.0,,,0,0,0,1,1389070.0,5.0,-0.0
174,2020-09-21,12795.12,,16.0,,196.0,,,0,0,0,1,1389070.0,5.0,-0.0
175,2020-09-22,12645.51,,1.9,,276.0,,,0,0,0,1,1389070.0,5.0,-0.0
176,2020-09-23,12583.88,182.0,0.2,84.0,323.0,0.2610924062042891,0.12050418747890267,1,0,1,0,1389070.0,6.0,-0.0
177,2020-09-24,12264.38,,23.0,,274.0,,,0,0,1,0,1340470.0,6.0,-162.0
178,2020-09-25,12232.91,,13.0,,271.0,,,0,0,1,0,1337470.0,6.0,-10.0
179,2020-09-28,12462.76,,42.0,,82.0,,,0,0,1,0,1346170.0,6.0,29.0
180,2020-09-29,12467.73,,23.0,,69.0,,,0,0,1,0,1340470.0,6.0,-19.0
181,2020-09-30,12515.61,150.0,28.5,94.0,0.1,0.21635984336075587,0.135585501839407,0,0,0,0,1342120.0,6.0,5.5
182,2020-10-05,12548.28,,142.0,,30.0,,,0,0,0,0,1342120.0,6.0,0.0
183,2020-10-06,12704.23,,256.0,,1.4,,,0,0,0,0,1342120.0,6.0,0.0
184,2020-10-07,12746.37,112.0,309.0,84.0,0.3,0.15862400926507061,0.11896800694880295,0,0,0,0,1342120.0,6.0,0.0
185,2020-10-08,12887.19,,187.0,,41.0,,,0,0,0,0,1342120.0,6.0,-0.0
186,2020-10-12,12955.91,,209.0,,9.0,,,0,0,0,0,1342120.0,6.0,0.0
187,2020-10-13,12947.13,,208.0,,2.6,,,0,0,0,0,1342120.0,6.0,-0.0
188,2020-10-14,12919.31,135.0,150.0,94.0,0.1,0.18863916704900485,0.1313487533526404,0,0,0,0,1342120.0,6.0,-0.0
189,2020-10-15,12827.82,,100.0,,106.0,,,0,0,0,0,1342120.0,6.0,-0.0
190,2020-10-16,12750.37,,42.5,,143.0,,,0,0,0,0,1342120.0,6.0,-0.0
191,2020-10-19,12908.34,,85.0,,39.0,,,0,0,0,0,1342120.0,6.0,0.0
192,2020-10-20,12862.37,,46.0,40.5,40.5,,0.056842274260059666,0,0,0,0,1342120.0,6.0,-0.0
193,2020-10-21,12877.25,134.0,10.0,82.0,0.1,0.18785341392404822,0.11495507419232803,0,0,0,0,1342120.0,6.0,-0.0
194,2020-10-22,12917.03,,146.0,,54.0,,,0,0,0,0,1342120.0,6.0,0.0
195,2020-10-23,12898.82,,126.0,,30.0,,,0,0,0,0,1342120.0,6.0,-0.0
196,2020-10-26,12909.03,,128.0,,16.0,,,0,0,0,0,1342120.0,6.0,0.0
197,2020-10-27,12875.01,,80.0,,13.0,,,0,0,0,0,1342120.0,6.0,-0.0
198,2020-10-28,12793.75,183.0,0.2,90.0,28.5,0.25822046009813054,0.12699366890071995,1,0,1,0,1342120.0,5.0,-0.0
199,2020-10-29,12662.91,,101.0,,144.0,,,0,0,1,0,1320870.0,5.0,-85.0
200,2020-10-30,12546.34,,30.5,,251.0,,,0,0,1,0,1303245.0,5.0,-70.5
201,2020-11-02,12591.31,,38.0,,152.0,,,0,0,1,0,1305120.0,5.0,7.5
202,2020-11-03,12736.01,,86.0,,52.0,,,0,0,1,0,1317120.0,5.0,48.0
203,2020-11-04,12867.9,162.0,165.0,114.0,0.1,0.2272713848178378,0.15993171524218214,1,1,1,1,1336870.0,5.0,79.0
204,2020-11-05,12918.8,,140.0,,72.0,,,0,0,1,1,1330620.0,5.0,-25.0
205,2020-11-06,12973.53,,153.0,,48.5,,,0,0,1,1,1333870.0,5.0,13.0
206,2020-11-09,13127.47,,294.0,,4.8,,,0,0,1,1,1369120.0,5.0,141.0
207,2020-11-10,13081.72,,240.0,,2.3,,,0,0,1,1,1355620.0,5.0,-54.0
208,2020-11-11,13262.19,127.0,399.0,116.0,0.3,0.1728724935242557,0.15789928542372964,0,1,0,1,1395370.0,5.0,159.0
209,2020-11-12,13221.78,,91.0,,113.0,,,0,0,0,1,1395370.0,5.0,-0.0
210,2020-11-13,13273.33,,105.0,,71.0,,,0,0,0,1,1395370.0,5.0,0.0
211,2020-11-16,13551.83,,334.0,,5.0,,,0,0,0,1,1395370.0,5.0,0.0
212,2020-11-17,13593.01,,375.0,,1.9,,,0,0,0,1,1395370.0,5.0,0.0
213,2020-11-18,13773.29,132.0,510.0,99.0,0.2,0.1730109776868557,0.12975823326514174,0,0,0,0,1395370.0,5.0,0.0
214,2020-11-19,13722.43,,139.0,,72.0,,,0,0,0,0,1395370.0,5.0,-0.0
215,2020-11-20,13716.44,,121.0,,62.0,,,0,0,0,0,1395370.0,5.0,-0.0
216,2020-11-23,13878.01,,212.0,,11.5,,,0,0,0,0,1395370.0,5.0,0.0
217,2020-11-24,13807.13,,129.0,,8.7,,,0,0,0,0,1395370.0,5.0,-0.0
218,2020-11-25,13738.83,125.0,53.0,98.0,0.2,0.16424709013093486,0.1287697186626529,0,0,0,0,1395370.0,5.0,-0.0
219,2020-11-26,13845.66,,186.0,,29.0,,,0,0,0,0,1395370.0,5.0,0.0
220,2020-11-27,13867.09,,208.0,,17.5,,,0,0,0,0,1395370.0,5.0,0.0
221,2020-11-30,13722.89,,97.0,,44.0,,,0,0,0,0,1395370.0,5.0,-0.0
222,2020-12-01,13885.67,,196.0,,3.9,,,0,0,0,0,1395370.0,5.0,0.0
223,2020-12-02,13989.14,127.0,280.0,101.0,0.1,0.16388912076742737,0.13033701730322964,0,0,0,0,1395370.0,5.0,0.0
224,2020-12-03,13977.09,,123.0,,72.0,,,0,0,0,0,1395370.0,5.0,-0.0
225,2020-12-04,14132.44,,232.0,,25.5,,,0,0,0,0,1395370.0,5.0,0.0
226,2020-12-07,14256.6,,312.0,,5.8,,,0,0,0,0,1395370.0,5.0,0.0
227,2020-12-08,14360.4,,410.0,,1.0,,,0,0,0,0,1395370.0,5.0,0.0
228,2020-12-09,14390.14,144.0,449.0,97.0,0.2,0.18064872213875177,0.12168698644068696,0,0,0,0,1395370.0,5.0,0.0
229,2020-12-10,14249.49,,60.0,,170.0,,,0,0,0,0,1395370.0,5.0,-0.0
230,2020-12-11,14261.69,,41.0,,154.0,,,0,0,0,0,1395370.0,5.0,-0.0
231,2020-12-14,14211.05,,16.0,,163.0,,,0,0,0,0,1395370.0,5.0,-0.0
232,2020-12-15,14068.52,,1.2,,270.0,,,0,0,0,0,1395370.0,5.0,-0.0
233,2020-12-16,14304.46,180.0,0.1,63.0,27.0,0.22716345132896817,0.07950720796513885,1,0,1,0,1395370.0,6.0,-0.0
234,2020-12-17,14258.93,,180.0,,41.0,,,0,0,1,0,1394470.0,6.0,-3.0
235,2020-12-18,14249.96,,134.0,,52.0,,,0,0,1,0,1380670.0,6.0,-46.0
236,2020-12-21,14384.96,,254.0,,7.3,,,0,0,1,0,1416670.0,6.0,120.0
237,2020-12-22,14177.46,,55.0,,75.0,,,0,0,1,0,1356970.0,6.0,-199.0
238,2020-12-23,14223.09,158.0,84.0,83.0,0.1,0.20053978717140505,0.10534685022295329,0,0,0,0,1365670.0,6.0,29.0
239,2020-12-24,14280.28,,220.0,,29.0,,,0,0,0,0,1365670.0,6.0,0.0
240,2020-12-25,14331.42,,261.0,,13.5,,,0,0,0,0,1365670.0,6.0,0.0
241,2020-12-28,14483.07,,387.0,,4.0,,,0,0,0,0,1365670.0,6.0,0.0
242,2020-12-29,14472.05,,405.0,,0.8,,,0,0,0,0,1365670.0,6.0,0.0
243,2020-12-30,14687.7,143.0,540.0,78.0,0.3,0.17575984664741987,0.09586900726222901,0,0,0,0,1365670.0,6.0,0.0
244,2020-12-31,14732.53,,170.0,,51.0,,,0,0,0,0,1365670.0,6.0,-0.0
245,2021-01-04,14902.03,,306.0,,7.4,,,0,0,0,0,1365670.0,6.0,0.0
246,2021-01-05,15000.03,,411.0,,1.5,,,0,0,0,0,1365670.0,6.0,0.0
247,2021-01-06,14983.13,171.0,335.0,136.0,0.2,0.20603024720784732,0.16386031356881423,0,1,0,1,1365670.0,6.0,-0.0
248,2021-01-07,15214.0,,377.0,,32.0,,,0,0,0,1,1365670.0,6.0,0.0
249,2021-01-08,15463.95,,580.0,,16.5,,,0,0,0,1,1365670.0,6.0,0.0
250,2021-01-11,15557.3,,660.0,,4.5,,,0,0,0,1,1365670.0,6.0,0.0
251,2021-01-12,15500.7,,615.0,,2.2,,,0,0,0,1,1365670.0,6.0,-0.0
252,2021-01-13,15769.98,180.0,860.0,168.0,0.1,0.20605292479744247,0.19231606314427965,0,1,0,1,1365670.0,6.0,0.0
253,2021-01-14,15707.19,,146.0,,168.0,,,0,0,0,1,1365670.0,6.0,-0.0
254,2021-01-15,15616.39,,88.0,,203.0,,,0,0,0,1,1365670.0,6.0,-0.0
255,2021-01-18,15612.0,,43.0,,186.0,,,0,0,0,1,1365670.0,6.0,-0.0
256,2021-01-19,15877.37,,167.0,,26.0,,,0,0,0,1,1365670.0,6.0,0.0
257,2021-01-20,15806.18,226.0,16.0,143.0,0.1,0.25811838353991245,0.1633226940097676,1,1,1,1,1365670.0,5.0,-0.0
258,2021-01-21,16153.77,,498.0,,40.5,,,0,0,1,1,1432920.0,5.0,269.0
259,2021-01-22,16019.03,,354.0,,40.0,,,0,0,1,1,1396920.0,5.0,-144.0
260,2021-01-25,15946.54,,287.0,,32.0,,,0,0,1,1,1380170.0,5.0,-67.0
261,2021-01-26,15658.85,,70.0,,88.0,,,0,0,1,1,1325920.0,5.0,-217.0
262,2021-01-27,15701.45,194.0,49.0,153.0,0.1,0.2230485427854863,0.17590941776381136,1,1,1,1,1320670.0,5.0,-21.0
263,2021-01-28,15415.88,,67.0,,299.0,,,0,0,1,1,1288170.0,5.0,-130.0
264,2021-01-29,15138.31,,8.4,,550.0,,,0,0,1,1,1273520.0,5.0,-58.6
265,2021-02-01,15410.09,,16.5,,272.0,,,0,0,1,1,1275545.0,5.0,8.1
266,2021-02-02,15760.05,,144.0,,35.0,,,0,0,1,1,1307420.0,5.0,127.5
267,2021-02-03,15771.32,239.0,117.0,216.0,0.1,0.27356924898286683,0.24724250117280014,1,1,1,1,1300670.0,5.0,-27.0
268,2021-02-04,15706.22,,163.0,,217.0,,,0,0,1,1,1280920.0,5.0,-79.0
269,2021-02-05,15802.4,,195.0,,143.0,,,0,0,1,1,1288920.0,5.0,32.0
270,2021-02-17,16362.29,222.0,580.0,134.0,0.3,0.24493244040798556,0.147842103669685,1,0,1,0,1385170.0,6.0,385.0
271,2021-02-18,16424.51,,223.0,,101.0,,,0,0,1,0,1384570.0,6.0,-2.0
272,2021-02-19,16341.38,,166.0,,107.0,,,0,0,1,0,1367470.0,6.0,-57.0
273,2021-02-22,16410.16,,190.0,,59.0,,,0,0,1,0,1374670.0,6.0,24.0
274,2021-02-23,16443.4,,211.0,,19.5,,,0,0,1,0,1380970.0,6.0,21.0
275,2021-02-24,16212.53,227.0,0.1,147.0,64.0,0.252762408725555,0.16368314573857526,1,1,1,1,1317700.0,5.0,-210.9
276,2021-02-25,16452.18,,340.0,,52.0,,,0,0,1,1,1345200.0,5.0,110.0
277,2021-02-26,15953.8,,88.0,,244.0,,,0,0,1,1,1282200.0,5.0,-252.0
278,2021-03-02,15946.88,,16.5,,221.0,,,0,0,1,1,1264325.0,5.0,-71.5
279,2021-03-03,16211.73,220.0,33.0,162.0,0.1,0.24498006164513725,0.18039440902960108,1,1,1,1,1268450.0,5.0,16.5
280,2021-03-04,15906.41,,89.0,,280.0,,,0,0,1,1,1234950.0,5.0,-134.0
281,2021-03-05,15855.23,,48.5,,314.0,,,0,0,1,1,1224825.0,5.0,-40.5
282,2021-03-08,15820.11,,17.0,,321.0,,,0,0,1,1,1216950.0,5.0,-31.5
283,2021-03-09,15853.09,,5.3,,299.0,,,0,0,1,1,1214025.0,5.0,-11.7
284,2021-03-10,15911.67,201.0,0.1,174.0,273.0,0.2280435090521721,0.1974107988809848,1,1,1,1,1212725.0,5.0,-5.2
285,2021-03-11,16179.56,,373.0,,55.0,,,0,0,1,1,1254975.0,5.0,169.0
286,2021-03-12,16255.18,,397.0,,21.0,,,0,0,1,1,1260975.0,5.0,24.0
287,2021-03-15,16249.33,,365.0,,12.5,,,0,0,1,1,1252975.0,5.0,-32.0
288,2021-03-16,16313.16,,460.0,,1.6,,,0,0,1,1,1276725.0,5.0,95.0
289,2021-03-17,16215.82,170.0,345.0,105.0,0.1,0.1892550284261224,0.11689281167495796,0,0,0,0,1247975.0,5.0,-115.0
290,2021-03-18,16287.84,,194.0,,66.0,,,0,0,0,0,1247975.0,5.0,-0.0
291,2021-03-19,16070.24,,68.0,,158.0,,,0,0,0,0,1247975.0,5.0,-0.0
292,2021-03-22,16189.22,,98.0,,77.0,,,0,0,0,0,1247975.0,5.0,0.0
293,2021-03-23,16177.59,,71.0,,56.0,,,0,0,0,0,1247975.0,5.0,-0.0
294,2021-03-24,16032.12,178.0,0.2,114.0,121.0,0.20043172689627536,0.1283663868886258,0,0,0,0,1247975.0,5.0,-0.0
295,2021-03-25,16060.14,,190.0,,76.0,,,0,0,0,0,1247975.0,5.0,0.0
296,2021-03-26,16305.88,,378.0,,15.0,,,0,0,0,0,1247975.0,5.0,0.0
297,2021-03-29,16475.97,,495.0,,5.7,,,0,0,0,0,1247975.0,5.0,0.0
298,2021-03-30,16554.9,,590.0,,0.6,,,0,0,0,0,1247975.0,5.0,0.0
299,2021-03-31,16431.13,144.0,494.0,90.0,0.1,0.15820947204469427,0.09888092002793392,0,0,0,0,1247975.0,5.0,-0.0
300,2021-04-01,16571.28,,214.0,,41.5,,,0,0,0,0,1247975.0,5.0,-0.0
301,2021-04-06,16571.28,,343.0,,0.7,,,0,0,0,0,1247975.0,5.0,0.0
302,2021-04-07,16815.36,142.0,390.0,101.0,0.1,0.1524472504191929,0.10843079079111609,0,0,0,0,1247975.0,5.0,0.0
303,2021-04-08,16926.44,,225.0,,31.5,,,0,0,0,0,1247975.0,5.0,-0.0
304,2021-04-09,16854.1,,159.0,,51.0,,,0,0,0,0,1247975.0,5.0,-0.0
305,2021-04-12,16859.7,,133.0,,33.0,,,0,0,0,0,1247975.0,5.0,-0.0
306,2021-04-13,16824.91,,90.0,,25.0,,,0,0,0,0,1247975.0,5.0,-0.0
307,2021-04-14,16865.97,141.0,67.0,130.0,0.2,0.1509194486895477,0.13914559099036314,0,0,0,0,1247975.0,5.0,-0.0
308,2021-04-15,17076.73,,281.0,,58.0,,,0,0,0,0,1247975.0,5.0,0.0
309,2021-04-16,17158.81,,327.0,,21.0,,,0,0,0,0,1247975.0,5.0,0.0
310,2021-04-19,17263.28,,425.0,,5.3,,,0,0,0,0,1247975.0,5.0,0.0
311,2021-04-20,17323.87,,475.0,,1.7,,,0,0,0,0,1247975.0,5.0,0.0
312,2021-04-21,17202.11,195.0,381.0,115.0,0.2,0.2046398985306804,0.12068506836424742,0,0,0,0,1247975.0,5.0,-0.0
313,2021-04-22,17096.97,,166.0,,119.0,,,0,0,0,0,1247975.0,5.0,-0.0
314,2021-04-23,17300.27,,232.0,,47.5,,,0,0,0,0,1247975.0,5.0,0.0
315,2021-04-26,17572.29,,462.0,,6.8,,,0,0,0,0,1247975.0,5.0,0.0
316,2021-04-27,17595.9,,505.0,,1.1,,,0,0,0,0,1247975.0,5.0,0.0
317,2021-04-28,17567.53,176.0,444.0,115.0,0.1,0.18085869167830976,0.11817471331253195,0,0,0,0,1247975.0,5.0,-0.0
318,2021-04-29,17566.66,,172.0,,78.0,,,0,0,0,0,1247975.0,5.0,-0.0
319,2021-05-03,17222.35,,19.0,,233.0,,,0,0,0,0,1247975.0,5.0,-0.0
320,2021-05-04,16933.78,,0.9,,535.0,,,0,0,0,0,1247975.0,5.0,-0.0
321,2021-05-05,16843.44,222.0,0.1,183.0,610.0,0.23793569605515136,0.19613618188330045,1,1,1,1,1247975.0,5.0,-0.0
322,2021-05-06,16994.36,,297.0,,86.0,,,0,0,1,1,1265975.0,5.0,72.0
323,2021-05-07,17285.0,,560.0,,13.5,,,0,0,1,1,1331725.0,5.0,263.0
324,2021-05-10,17235.61,,500.0,,5.1,,,0,0,1,1,1316725.0,5.0,-60.0
325,2021-05-11,16583.13,,49.0,,193.0,,,0,0,1,1,1203975.0,5.0,-451.0
326,2021-05-12,15902.37,429.0,0.5,332.0,855.0,0.4870043709717436,0.3768891635492281,1,1,1,1,1191850.0,5.0,-48.5
327,2021-05-13,15670.1,,259.0,,295.0,,,0,0,1,1,1148600.0,5.0,-173.0
328,2021-05-14,15827.09,,334.0,,168.0,,,0,0,1,1,1167350.0,5.0,75.0
329,2021-05-17,15353.89,,76.0,,414.0,,,0,0,1,1,1102850.0,5.0,-258.0
330,2021-05-18,16145.98,,565.0,,18.5,,,0,0,1,1,1225100.0,5.0,489.0
331,2021-05-19,16132.66,316.0,540.0,258.0,0.2,0.35360510188893085,0.2887028996434942,1,1,1,1,1218850.0,5.0,-25.0
332,2021-05-20,16042.36,,260.0,,245.0,,,0,0,1,1,1204100.0,5.0,-59.0
333,2021-05-21,16302.06,,402.0,,108.0,,,0,0,1,1,1239600.0,5.0,142.0
334,2021-05-24,16338.29,,385.0,,62.0,,,0,0,1,1,1235350.0,5.0,-17.0
335,2021-05-25,16595.67,,600.0,,5.1,,,0,0,1,1,1289100.0,5.0,215.0
336,2021-05-26,16643.69,214.0,635.0,172.0,0.2,0.23211412841790185,0.18655901910223888,1,1,1,1,1297850.0,5.0,35.0
337,2021-05-27,16601.61,,163.0,,204.0,,,0,0,1,1,1284350.0,5.0,-54.0
338,2021-05-28,16870.86,,343.0,,62.0,,,0,0,1,1,1329350.0,5.0,180.0
339,2021-05-31,17068.43,,454.0,,20.5,,,0,0,1,1,1357100.0,5.0,111.0
340,2021-06-01,17162.38,,560.0,,2.0,,,0,0,1,1,1383600.0,5.0,106.0
341,2021-06-02,17165.04,236.0,530.0,157.0,0.2,0.24820161557940912,0.16511717646596283,1,1,1,1,1376100.0,6.0,-30.0
342,2021-06-03,17246.16,,290.0,,88.0,,,0,0,1,1,1391400.0,6.0,51.0
343,2021-06-04,17147.41,,201.0,,122.0,,,0,0,1,1,1364700.0,6.0,-89.0
344,2021-06-07,17083.91,,164.0,,99.0,,,0,0,1,1,1353600.0,6.0,-37.0
345,2021-06-08,17076.21,,112.0,,50.0,,,0,0,1,1,1338000.0,6.0,-52.0
346,2021-06-09,16966.22,184.0,0.1,173.0,103.0,0.1957808229632108,0.18407653463388843,0,1,0,1,1304430.0,6.0,-111.9
347,2021-06-10,17159.22,,274.0,,64.0,,,0,0,0,1,1304430.0,6.0,0.0
348,2021-06-11,17213.52,,301.0,,32.0,,,0,0,0,1,1304430.0,6.0,0.0
349,2021-06-15,17371.29,,450.0,,2.4,,,0,0,0,1,1304430.0,6.0,0.0
350,2021-06-16,17307.86,216.0,397.0,98.0,0.1,0.22529305203512195,0.10221629212704607,1,0,1,0,1304430.0,5.0,-0.0
351,2021-06-17,17390.61,,253.0,,63.0,,,0,0,1,0,1312930.0,5.0,34.0
352,2021-06-18,17318.54,,201.0,,64.0,,,0,0,1,0,1299930.0,5.0,-52.0
353,2021-06-21,17062.98,,47.5,,178.0,,,0,0,1,0,1261555.0,5.0,-153.5
354,2021-06-22,17075.55,,32.0,,99.0,,,0,0,1,0,1257680.0,5.0,-15.5
355,2021-06-23,17336.71,208.0,147.0,116.0,0.1,0.21658784055574423,0.12078937261762658,0,0,0,0,1286430.0,5.0,115.0
356,2021-06-24,17407.96,,231.0,,69.0,,,0,0,0,0,1286430.0,5.0,0.0
357,2021-06-25,17502.99,,280.0,,41.0,,,0,0,0,0,1286430.0,5.0,0.0
358,2021-06-28,17590.97,,354.0,,11.0,,,0,0,0,0,1286430.0,5.0,0.0
359,2021-06-29,17598.19,,358.0,,3.5,,,0,0,0,0,1286430.0,5.0,0.0
360,2021-06-30,17755.46,172.0,491.0,108.0,0.2,0.17487750137939215,0.10980680319171135,0,0,0,0,1286430.0,5.0,0.0
361,2021-07-01,17713.94,,134.0,,124.0,,,0,0,0,0,1286430.0,5.0,-0.0
362,2021-07-02,17710.15,,113.0,,110.0,,,0,0,0,0,1286430.0,5.0,-0.0
363,2021-07-05,17919.33,,245.0,,18.5,,,0,0,0,0,1286430.0,5.0,0.0
364,2021-07-06,17913.07,,225.0,,8.3,,,0,0,0,0,1286430.0,5.0,-0.0
365,2021-07-07,17850.69,173.0,100.0,117.0,0.3,0.17495586912529268,0.11832275541999562,0,0,0,0,1286430.0,5.0,-0.0
366,2021-07-08,17866.09,,153.0,,105.0,,,0,0,0,0,1286430.0,5.0,0.0
367,2021-07-09,17661.48,,65.0,,173.0,,,0,0,0,0,1286430.0,5.0,-0.0
368,2021-07-12,17814.33,,106.0,,70.0,,,0,0,0,0,1286430.0,5.0,0.0
369,2021-07-13,17847.52,,103.0,,34.5,,,0,0,0,0,1286430.0,5.0,-0.0
370,2021-07-14,17845.75,165.0,0.2,141.0,4.3,0.16691161543116656,0.14263356227754234,0,0,0,0,1286430.0,5.0,-0.0
371,2021-07-15,18034.19,,244.0,,72.0,,,0,0,0,0,1286430.0,5.0,0.0
372,2021-07-16,17895.25,,145.0,,70.0,,,0,0,0,0,1286430.0,5.0,-0.0
373,2021-07-19,17789.25,,68.0,,124.0,,,0,0,0,0,1286430.0,5.0,-0.0
374,2021-07-20,17528.74,,4.2,,295.0,,,0,0,0,0,1286430.0,5.0,-0.0
375,2021-07-21,17458.79,288.0,0.4,118.0,420.0,0.2977938794610322,0.12201277005695069,1,0,1,0,1286430.0,5.0,-0.0
376,2021-07-22,17572.33,,319.0,,47.0,,,0,0,1,0,1293430.0,5.0,28.0
377,2021-07-23,17572.92,,313.0,,37.5,,,0,0,1,0,1291930.0,5.0,-6.0
378,2021-07-26,17403.56,,153.0,,55.0,,,0,0,1,0,1251930.0,5.0,-160.0
379,2021-07-27,17269.87,,85.0,,53.0,,,0,0,1,0,1234930.0,5.0,-68.0
380,2021-07-28,17135.22,269.0,0.3,153.0,178.0,0.28340011109873864,0.16119039776247962,1,1,1,1,1213755.0,5.0,-84.7
381,2021-07-29,17402.81,,485.0,,30.0,,,0,0,1,1,1267005.0,5.0,213.0
382,2021-07-30,17247.41,,358.0,,55.0,,,0,0,1,1,1235255.0,5.0,-127.0
383,2021-08-02,17503.28,,575.0,,5.9,,,0,0,1,1,1289505.0,5.0,217.0
384,2021-08-03,17553.76,,600.0,,1.8,,,0,0,1,1,1295755.0,5.0,25.0
385,2021-08-04,17623.89,174.0,655.0,108.0,655.0,0.17823167792301245,0.11062655871083531,0,0,0,0,1309505.0,5.0,55.0
386,2021-08-05,17603.12,,147.0,,104.0,,,0,0,0,0,1309505.0,5.0,-0.0
387,2021-08-06,17526.28,,82.0,,143.0,,,0,0,0,0,1309505.0,5.0,-0.0
388,2021-08-09,17485.15,,41.5,,139.0,,,0,0,0,0,1309505.0,5.0,-0.0
389,2021-08-10,17323.64,,3.0,,217.0,,,0,0,0,0,1309505.0,5.0,-0.0
390,2021-08-11,17227.18,169.0,0.1,146.0,379.0,0.1770964819696814,0.15299459389096737,0,1,0,1,1309505.0,5.0,-0.0
391,2021-08-12,17219.94,,143.0,,133.0,,,0,0,0,1,1309505.0,5.0,0.0
392,2021-08-13,16982.11,,39.0,,255.0,,,0,0,0,1,1309505.0,5.0,-0.0
393,2021-08-16,16858.77,,7.0,,388.0,,,0,0,0,1,1309505.0,5.0,-0.0
394,2021-08-17,16661.36,,1.4,,575.0,,,0,0,0,1,1309505.0,5.0,-0.0
395,2021-08-18,16826.27,194.0,0.1,123.0,362.0,0.208137961777576,0.13196375927134973,0,0,0,0,1309505.0,5.0,-0.0
396,2021-08-19,16375.4,,47.5,,351.0,,,0,0,0,0,1309505.0,5.0,0.0
397,2021-08-20,16341.94,,18.0,,463.0,,,0,0,0,0,1309505.0,5.0,-0.0
398,2021-08-23,16741.84,,127.0,,86.0,,,0,0,0,0,1309505.0,5.0,0.0
399,2021-08-24,16818.73,,157.0,,22.0,,,0,0,0,0,1309505.0,5.0,0.0
400,2021-08-25,17045.86,183.0,309.0,139.0,0.1,0.19380705997705355,0.14720864118475652,0,0,0,0,1309505.0,5.0,0.0
401,2021-08-26,17066.96,,198.0,,112.0,,,0,0,0,0,1309505.0,5.0,-0.0
402,2021-08-27,17209.93,,297.0,,46.0,,,0,0,0,0,1309505.0,5.0,0.0
403,2021-08-30,17396.52,,425.0,,8.4,,,0,0,0,0,1309505.0,5.0,0.0
404,2021-08-31,17490.29,,530.0,,1.7,,,0,0,0,0,1309505.0,5.0,0.0
405,2021-09-01,17473.99,174.0,545.0,121.0,0.2,0.17976063201538967,0.1250059567463342,0,0,0,0,1309505.0,5.0,0.0
406,2021-09-02,17319.76,,84.0,,195.0,,,0,0,0,0,1309505.0,5.0,-0.0
407,2021-09-03,17516.92,,165.0,,91.0,,,0,0,0,0,1309505.0,5.0,0.0
408,2021-09-06,17495.3,,114.0,,62.0,,,0,0,0,0,1309505.0,5.0,-0.0
409,2021-09-07,17428.87,,52.0,,64.0,,,0,0,0,0,1309505.0,5.0,-0.0
410,2021-09-08,17270.49,167.0,0.1,159.0,258.0,0.17456180841826713,0.16619956609882916,0,1,0,1,1309505.0,5.0,-0.0
411,2021-09-09,17304.33,,146.0,,156.0,,,0,0,0,1,1309505.0,5.0,0.0
412,2021-09-10,17474.57,,271.0,,43.5,,,0,0,0,1,1309505.0,5.0,0.0
413,2021-09-13,17446.31,,220.0,,30.0,,,0,0,0,1,1309505.0,5.0,-0.0
414,2021-09-14,17434.9,,220.0,,9.5,,,0,0,0,1,1309505.0,5.0,0.0
415,2021-09-15,17354.0,156.0,132.0,102.0,0.1,0.16227903860383094,0.10610552524096639,0,0,0,0,1309505.0,5.0,-0.0
416,2021-09-16,17278.7,,97.0,,117.0,,,0,0,0,0,1309505.0,5.0,-0.0
417,2021-09-17,17276.79,,94.0,,79.0,,,0,0,0,0,1309505.0,5.0,-0.0
418,2021-09-22,16925.82,194.0,0.1,174.0,383.0,0.2069137886447554,0.18558247022777033,0,1,0,1,1309505.0,5.0,-0.0
419,2021-09-23,17078.22,,270.0,,65.0,,,0,0,0,1,1309505.0,5.0,0.0
420,2021-09-24,17260.19,,382.0,,21.5,,,0,0,0,1,1309505.0,5.0,0.0
421,2021-09-27,17313.77,,415.0,,6.3,,,0,0,0,1,1309505.0,5.0,0.0
422,2021-09-28,17181.44,,292.0,,5.4,,,0,0,0,1,1309505.0,5.0,-0.0
423,2021-09-29,16855.46,202.0,0.1,163.0,76.0,0.21634565680643567,0.17457595078935156,0,1,0,1,1309505.0,5.0,-0.0
424,2021-09-30,16934.77,,240.0,,96.0,,,0,0,0,1,1309505.0,5.0,0.0
425,2021-10-01,16570.89,,46.0,,296.0,,,0,0,0,1,1309505.0,5.0,-0.0
426,2021-10-04,16408.35,,8.7,,418.0,,,0,0,0,1,1309505.0,5.0,-0.0
427,2021-10-05,16460.75,,1.9,,381.0,,,0,0,0,1,1309505.0,5.0,-0.0
428,2021-10-06,16393.16,198.0,0.1,172.0,438.0,0.21804188779325578,0.18941012474969696,0,1,0,1,1309505.0,5.0,-0.0
429,2021-10-07,16713.86,,409.0,,50.0,,,0,0,0,1,1309505.0,5.0,0.0
430,2021-10-08,16640.43,,338.0,,53.0,,,0,0,0,1,1309505.0,5.0,-0.0
431,2021-10-12,16462.84,,130.0,,50.0,,,0,0,0,1,1309505.0,5.0,-0.0
432,2021-10-13,16347.99,216.0,20.0,194.0,0.1,0.23852110281426683,0.2142272867868878,1,1,1,1,1309505.0,5.0,-0.0
433,2021-10-14,16387.28,,222.0,,118.0,,,0,0,1,1,1310255.0,5.0,3.0
434,2021-10-15,16781.19,,496.0,,15.5,,,0,0,1,1,1378755.0,5.0,274.0
435,2021-10-18,16705.46,,430.0,,9.3,,,0,0,1,1,1362255.0,5.0,-66.0
436,2021-10-19,16900.67,,605.0,,1.4,,,0,0,1,1,1406005.0,5.0,175.0
437,2021-10-20,16887.82,180.0,585.0,113.0,0.1,0.19241385229101043,0.12079314060491211,0,0,0,0,1401005.0,5.0,-20.0
438,2021-10-21,16889.51,,119.0,,131.0,,,0,0,0,0,1401005.0,5.0,-0.0
439,2021-10-22,16888.74,,120.0,,95.0,,,0,0,0,0,1401005.0,5.0,0.0
440,2021-10-25,16894.24,,116.0,,50.0,,,0,0,0,0,1401005.0,5.0,-0.0
441,2021-10-26,17034.34,,215.0,,7.1,,,0,0,0,0,1401005.0,5.0,0.0
442,2021-10-27,17074.55,151.0,207.0,114.0,0.1,0.1596485952460673,0.12052940303345479,0,0,0,0,1401005.0,5.0,-0.0
443,2021-10-28,17041.63,,117.0,,111.0,,,0,0,0,0,1401005.0,5.0,-0.0
444,2021-10-29,16987.41,,67.0,,151.0,,,0,0,0,0,1401005.0,5.0,-0.0
445,2021-11-01,17068.24,,102.0,,57.0,,,0,0,0,0,1401005.0,5.0,0.0
446,2021-11-02,17065.97,,55.0,,46.5,,,0,0,0,0,1401005.0,5.0,-0.0
447,2021-11-03,17122.16,157.0,62.0,108.0,0.2,0.16553068881060048,0.11386824453213282,0,0,0,0,1401005.0,5.0,0.0
448,2021-11-04,17078.86,,127.0,,98.0,,,0,0,0,0,1401005.0,5.0,0.0
449,2021-11-05,17296.9,,253.0,,27.0,,,0,0,0,0,1401005.0,5.0,0.0
450,2021-11-08,17415.3,,378.0,,3.5,,,0,0,0,0,1401005.0,5.0,0.0
451,2021-11-09,17541.36,,500.0,,1.4,,,0,0,0,0,1401005.0,5.0,0.0
452,2021-11-10,17559.65,125.0,500.0,120.0,0.3,0.1285084184083163,0.12336808167198365,0,0,0,0,1401005.0,5.0,0.0
453,2021-11-11,17452.52,,75.0,,152.0,,,0,0,0,0,1401005.0,5.0,-0.0
454,2021-11-12,17518.13,,90.0,,96.0,,,0,0,0,0,1401005.0,5.0,0.0
455,2021-11-15,17634.47,,145.0,,29.0,,,0,0,0,0,1401005.0,5.0,0.0
456,2021-11-16,17693.13,,159.0,,7.3,,,0,0,0,0,1401005.0,5.0,0.0
457,2021-11-17,17764.04,123.0,172.0,93.0,0.2,0.12499734540761752,0.09451018799112544,0,0,0,0,1401005.0,5.0,0.0
458,2021-11-18,17841.37,,175.0,,56.0,,,0,0,0,0,1401005.0,5.0,0.0
459,2021-11-19,17818.31,,160.0,,50.0,,,0,0,0,0,1401005.0,5.0,-0.0
460,2021-11-22,17803.54,,132.0,,39.0,,,0,0,0,0,1401005.0,5.0,-0.0
461,2021-11-23,17666.12,,14.5,,92.0,,,0,0,0,0,1401005.0,5.0,-0.0
462,2021-11-24,17642.52,137.0,0.1,95.0,100.0,0.14018365192935794,0.09720764184882486,0,0,0,0,1401005.0,5.0,-0.0
463,2021-11-25,17654.19,,122.0,,82.0,,,0,0,0,0,1401005.0,5.0,0.0
464,2021-11-26,17369.39,,13.0,,308.0,,,0,0,0,0,1401005.0,5.0,-0.0
465,2021-11-29,17328.09,,5.6,,330.0,,,0,0,0,0,1401005.0,5.0,-0.0
466,2021-11-30,17427.76,,2.0,,300.0,,,0,0,0,0,1401005.0,5.0,-0.0
467,2021-12-01,17585.99,174.0,0.3,125.0,35.0,0.17861578940000528,0.12831594066092333,0,0,0,0,1401005.0,5.0,-0.0
468,2021-12-02,17724.88,,245.0,,78.0,,,0,0,0,0,1401005.0,5.0,0.0
469,2021-12-03,17697.14,,232.0,,64.0,,,0,0,0,0,1401005.0,5.0,-0.0
470,2021-12-06,17688.21,,200.0,,40.0,,,0,0,0,0,1401005.0,5.0,-0.0
471,2021-12-07,17796.92,,274.0,,5.3,,,0,0,0,0,1401005.0,5.0,0.0
472,2021-12-08,17832.42,137.0,331.0,134.0,0.3,0.13869081609993128,0.13565379092985977,0,0,0,0,1401005.0,5.0,0.0
473,2021-12-09,17914.12,,145.0,,85.0,,,0,0,0,0,1401005.0,5.0,-0.0
474,2021-12-10,17826.26,,85.0,,117.0,,,0,0,0,0,1401005.0,5.0,-0.0
475,2021-12-13,17767.6,,30.5,,127.0,,,0,0,0,0,1401005.0,5.0,-0.0
476,2021-12-14,17599.37,,2.7,,253.0,,,0,0,0,0,1401005.0,5.0,-0.0
477,2021-12-15,17660.1,178.0,0.1,99.0,221.0,0.18195511335769982,0.10119975405849596,0,0,0,0,1401005.0,5.0,-0.0
478,2021-12-16,17785.74,,302.0,,23.5,,,0,0,0,0,1401005.0,5.0,0.0
479,2021-12-17,17812.59,,286.0,,30.0,,,0,0,0,0,1401005.0,5.0,-0.0
480,2021-12-20,17669.11,,128.0,,70.0,,,0,0,0,0,1401005.0,5.0,-0.0
481,2021-12-21,17789.27,,270.0,,4.2,,,0,0,0,0,1401005.0,5.0,0.0
482,2021-12-22,17826.83,140.0,266.0,84.0,0.1,0.14177228319448956,0.08506336991669373,0,0,0,0,1401005.0,5.0,-0.0
483,2021-12-23,17946.66,,212.0,,39.5,,,0,0,0,0,1401005.0,5.0,-0.0
484,2021-12-24,17961.64,,198.0,,24.0,,,0,0,0,0,1401005.0,5.0,-0.0
485,2021-12-27,18048.94,,290.0,,6.2,,,0,0,0,0,1401005.0,5.0,0.0
486,2021-12-28,18196.81,,415.0,,1.3,,,0,0,0,0,1401005.0,5.0,0.0
487,2021-12-29,18248.28,137.0,470.0,95.0,0.1,0.1355301914940332,0.09398078972213983,0,0,0,0,1401005.0,5.0,0.0
488,2021-12-30,18218.84,,86.0,,103.0,,,0,0,0,0,1401005.0,5.0,-0.0
489,2022-01-03,18270.51,,82.0,,44.5,,,0,0,0,0,1401005.0,5.0,-0.0
490,2022-01-04,18526.35,,280.0,,2.8,,,0,0,0,0,1401005.0,5.0,0.0
491,2022-01-05,18499.96,146.0,216.0,104.0,0.1,0.1424687084721586,0.10148455945961982,0,0,0,0,1401005.0,5.0,-0.0
492,2022-01-06,18367.92,,72.0,,173.0,,,0,0,0,0,1401005.0,5.0,-0.0
493,2022-01-07,18169.76,,20.0,,312.0,,,0,0,0,0,1401005.0,5.0,-0.0
494,2022-01-10,18239.38,,16.5,,198.0,,,0,0,0,0,1401005.0,5.0,-0.0
495,2022-01-11,18288.21,,7.0,,163.0,,,0,0,0,0,1401005.0,5.0,-0.0
496,2022-01-12,18375.4,153.0,0.3,127.0,133.0,0.15031144505956853,0.12476832367689678,0,0,0,0,1401005.0,5.0,-0.0
497,2022-01-13,18436.93,,171.0,,96.0,,,0,0,0,0,1401005.0,5.0,0.0
498,2022-01-14,18403.33,,108.0,,96.0,,,0,0,0,0,1401005.0,5.0,-0.0
499,2022-01-17,18525.44,,185.0,,25.5,,,0,0,0,0,1401005.0,5.0,0.0
500,2022-01-18,18378.64,,56.0,,58.0,,,0,0,0,0,1401005.0,5.0,-0.0
501,2022-01-19,18227.46,217.0,0.1,144.0,132.0,0.21491711441918046,0.14261780864682944,0,0,0,0,1401005.0,5.0,-0.0
502,2022-01-20,18218.28,,230.0,,78.0,,,0,0,0,0,1401005.0,5.0,0.0
503,2022-01-21,17899.3,,55.0,,232.0,,,0,0,0,0,1401005.0,5.0,-0.0
504,2022-01-24,17989.04,,40.0,,154.0,,,0,0,0,0,1401005.0,5.0,-0.0
505,2022-01-25,17701.12,,2.7,,400.0,,,0,0,0,0,1401005.0,5.0,-0.0
506,2022-01-26,17674.4,264.0,0.2,219.0,387.0,0.26964766768485404,0.22368499705675393,1,1,1,1,1401005.0,6.0,-0.0
507,2022-02-07,17900.3,124.0,281.0,65.0,0.2,0.12505434805613105,0.06555268244877838,0,0,0,0,1405205.0,6.0,14.0
508,2022-02-08,17966.56,,120.0,,20.5,,,0,0,0,0,1405205.0,6.0,-0.0
509,2022-02-09,18151.76,134.0,296.0,116.0,0.1,0.1332672630341879,0.11536569038780442,0,0,0,0,1405205.0,6.0,0.0
510,2022-02-10,18338.05,,235.0,,47.0,,,0,0,0,0,1405205.0,6.0,-0.0
511,2022-02-11,18310.94,,196.0,,72.0,,,0,0,0,0,1405205.0,6.0,-0.0
512,2022-02-14,17997.67,,37.0,,213.0,,,0,0,0,0,1405205.0,6.0,-0.0
513,2022-02-15,17951.81,,9.5,,206.0,,,0,0,0,0,1405205.0,6.0,-0.0
514,2022-02-16,18231.47,172.0,55.0,125.0,0.1,0.170311581054174,0.12377295134751017,0,0,0,0,1405205.0,6.0,0.0
515,2022-02-17,18268.57,,178.0,,109.0,,,0,0,0,0,1405205.0,6.0,0.0
516,2022-02-18,18232.35,,154.0,,103.0,,,0,0,0,0,1405205.0,6.0,-0.0
517,2022-02-21,18221.49,,119.0,,78.0,,,0,0,0,0,1405205.0,6.0,-0.0
518,2022-02-22,17969.29,,4.0,,290.0,,,0,0,0,0,1405205.0,6.0,-0.0
519,2022-02-23,18055.73,189.0,0.1,117.0,124.0,0.18896621893144339,0.11697908790994115,0,0,0,0,1405205.0,6.0,-0.0
520,2022-02-24,17594.55,,24.0,,478.0,,,0,0,0,0,1405205.0,6.0,0.0
521,2022-02-25,17652.18,,13.5,,372.0,,,0,0,0,0,1405205.0,6.0,-0.0
522,2022-03-01,17898.25,,31.0,,102.0,,,0,0,0,0,1405205.0,6.0,0.0
523,2022-03-02,17867.6,215.0,0.2,148.0,104.0,0.21722492672783011,0.1495315774684598,0,1,0,1,1405205.0,6.0,-0.0
524,2022-03-03,17934.4,,252.0,,101.0,,,0,0,0,1,1405205.0,6.0,0.0
525,2022-03-04,17736.52,,104.0,,208.0,,,0,0,0,1,1405205.0,6.0,-0.0
526,2022-03-07,17178.69,,3.6,,700.0,,,0,0,0,1,1405205.0,6.0,-0.0
527,2022-03-08,16825.25,,0.8,,1040.0,,,0,0,0,1,1405205.0,6.0,-0.0
528,2022-03-09,17015.36,253.0,0.1,201.0,750.0,0.2684211916168961,0.21325161863634826,1,1,1,1,1405205.0,6.0,-0.0
529,2022-03-10,17433.2,,600.0,,54.0,,,0,0,1,1,1508405.0,6.0,344.0
530,2022-03-11,17264.74,,399.0,,77.0,,,0,0,1,1,1448105.0,6.0,-201.0
531,2022-03-14,17263.04,,366.0,,32.0,,,0,0,1,1,1438205.0,6.0,-33.0
532,2022-03-15,16926.06,,86.0,,102.0,,,0,0,1,1,1354205.0,6.0,-280.0
533,2022-03-16,16940.83,264.0,37.0,196.0,0.1,0.2813239220114472,0.20886169967516532,1,1,1,1,1339505.0,5.0,-49.0
534,2022-03-17,17448.22,,605.0,,28.5,,,0,0,1,1,1424005.0,5.0,338.0
535,2022-03-18,17456.52,,545.0,,25.0,,,0,0,1,1,1409005.0,5.0,-60.0
536,2022-03-21,17560.36,,625.0,,5.7,,,0,0,1,1,1429005.0,5.0,80.0
537,2022-03-22,17559.71,,655.0,,1.0,,,0,0,1,1,1436505.0,5.0,30.0
538,2022-03-23,17731.37,147.0,805.0,123.0,0.1,0.14966231660503523,0.12522765266951927,0,0,0,0,1474005.0,5.0,150.0
539,2022-03-24,17699.06,,117.0,,125.0,,,0,0,0,0,1474005.0,5.0,-0.0
540,2022-03-25,17676.95,,80.0,,133.0,,,0,0,0,0,1474005.0,5.0,-0.0
541,2022-03-28,17520.01,,7.5,,251.0,,,0,0,0,0,1474005.0,5.0,-0.0
542,2022-03-29,17548.66,,6.3,,141.0,,,0,0,0,0,1474005.0,5.0,-0.0
543,2022-03-30,17740.56,153.0,58.0,97.0,0.1,0.1556902897962407,0.09870560856362971,0,0,0,0,1474005.0,5.0,0.0
544,2022-03-31,17693.47,,95.0,,132.0,,,0,0,0,0,1474005.0,5.0,0.0
545,2022-04-01,17625.59,,39.5,,162.0,,,0,0,0,0,1474005.0,5.0,-0.0
546,2022-04-06,17522.5,154.0,0.1,133.0,188.0,0.15865803568794548,0.13702284900322564,0,0,0,0,1474005.0,5.0,-0.0
547,2022-04-07,17178.63,,26.0,,370.0,,,0,0,0,0,1474005.0,5.0,0.0
548,2022-04-08,17284.54,,39.0,,224.0,,,0,0,0,0,1474005.0,5.0,0.0
549,2022-04-11,17048.37,,3.1,,442.0,,,0,0,0,0,1474005.0,5.0,-0.0
550,2022-04-12,16990.91,,0.7,,490.0,,,0,0,0,0,1474005.0,5.0,-0.0
551,2022-04-13,17301.65,158.0,0.1,142.0,189.0,0.16485684553321442,0.14816248142858512,0,0,0,0,1474005.0,5.0,-0.0
552,2022-04-14,17245.65,,139.0,,140.0,,,0,0,0,0,1474005.0,5.0,0.0
553,2022-04-15,17004.18,,18.0,,338.0,,,0,0,0,0,1474005.0,5.0,-0.0
554,2022-04-18,16898.87,,4.7,,420.0,,,0,0,0,0,1474005.0,5.0,-0.0
555,2022-04-19,16993.4,,1.2,,300.0,,,0,0,0,0,1474005.0,5.0,-0.0
556,2022-04-20,17148.88,175.0,0.1,131.0,175.0,0.18422124296309894,0.1379027590180912,0,0,0,0,1474005.0,5.0,-0.0
557,2022-04-21,17127.95,,184.0,,91.0,,,0,0,0,0,1474005.0,5.0,0.0
558,2022-04-22,17025.09,,92.0,,127.0,,,0,0,0,0,1474005.0,5.0,-0.0
559,2022-04-25,16620.9,,4.2,,453.0,,,0,0,0,0,1474005.0,5.0,-0.0
560,2022-04-26,16644.79,,1.2,,435.0,,,0,0,0,0,1474005.0,5.0,-0.0
561,2022-04-27,16303.35,220.0,0.1,158.0,750.0,0.24360334623094765,0.17495149411131697,1,1,1,1,1474005.0,6.0,-0.0
562,2022-04-28,16419.38,,264.0,,111.0,,,0,0,1,1,1486305.0,6.0,41.0
563,2022-04-29,16592.18,,386.0,,39.0,,,0,0,1,1,1522905.0,6.0,122.0
564,2022-05-03,16498.9,,267.0,,16.0,,,0,0,1,1,1487205.0,6.0,-119.0
565,2022-05-04,16565.83,196.0,291.0,161.0,0.1,0.2135896932244283,0.17544867657720895,0,1,0,1,1494405.0,6.0,24.0
566,2022-05-05,16696.12,,261.0,,56.0,,,0,0,0,1,1494405.0,6.0,-0.0
567,2022-05-06,16408.2,,74.0,,201.0,,,0,0,0,1,1494405.0,6.0,-0.0
568,2022-05-09,16048.92,,4.3,,456.0,,,0,0,0,1,1494405.0,6.0,-0.0
569,2022-05-10,16061.7,,1.4,,435.0,,,0,0,0,1,1494405.0,6.0,-0.0
570,2022-05-11,16006.25,193.0,0.2,184.0,473.0,0.2176732863303238,0.20752271857398746,0,1,0,1,1494405.0,6.0,-0.0
571,2022-05-12,15616.68,,46.5,,418.0,,,0,0,0,1,1494405.0,6.0,0.0
572,2022-05-13,15832.54,,71.0,,222.0,,,0,0,0,1,1494405.0,6.0,0.0
573,2022-05-16,15901.04,,64.0,,141.0,,,0,0,0,1,1494405.0,6.0,-0.0
574,2022-05-17,16056.09,,106.0,,29.0,,,0,0,0,1,1494405.0,6.0,0.0
575,2022-05-18,16296.86,205.0,301.0,123.0,0.1,0.2270844244141442,0.1362506546484865,1,0,1,0,1494405.0,6.0,0.0
576,2022-05-19,16020.32,,75.0,,272.0,,,0,0,1,0,1454505.0,6.0,-133.0
577,2022-05-20,16144.85,,141.0,,121.0,,,0,0,1,0,1474305.0,6.0,66.0
578,2022-05-23,16156.41,,130.0,,100.0,,,0,0,1,0,1471005.0,6.0,-11.0
579,2022-05-24,15963.63,,10.0,,193.0,,,0,0,1,0,1435005.0,6.0,-120.0
580,2022-05-25,16104.03,184.0,5.0,140.0,0.2,0.20626268792189822,0.15693900167970518,0,1,0,1,1433505.0,6.0,-5.0
581,2022-05-26,15968.83,,116.0,,184.0,,,0,0,0,1,1433505.0,6.0,0.0
582,2022-05-27,16266.22,,250.0,,44.5,,,0,0,0,1,1433505.0,6.0,0.0
583,2022-05-30,16610.62,,540.0,,3.2,,,0,0,0,1,1433505.0,6.0,0.0
584,2022-05-31,16807.77,,660.0,,1.1,,,0,0,0,1,1433505.0,6.0,0.0
585,2022-06-01,16675.09,164.0,665.0,134.0,0.1,0.17754689529629597,0.145068804693315,0,0,0,0,1433505.0,6.0,0.0
586,2022-06-02,16552.57,,114.0,,158.0,,,0,0,0,0,1433505.0,6.0,-0.0
587,2022-06-06,16605.96,,103.0,,74.0,,,0,0,0,0,1433505.0,6.0,-0.0
588,2022-06-07,16512.88,,17.0,,129.0,,,0,0,0,0,1433505.0,6.0,-0.0
589,2022-06-08,16670.51,171.0,59.0,127.0,0.1,0.18517597709052175,0.1375283572543641,0,0,0,0,1433505.0,6.0,0.0
590,2022-06-09,16621.34,,123.0,,138.0,,,0,0,0,0,1433505.0,6.0,0.0
591,2022-06-10,16460.12,,68.0,,195.0,,,0,0,0,0,1433505.0,6.0,-0.0
592,2022-06-13,16070.98,,2.8,,550.0,,,0,0,0,0,1433505.0,6.0,-0.0
593,2022-06-14,16047.37,,1.3,,550.0,,,0,0,0,0,1433505.0,6.0,-0.0
594,2022-06-15,15999.25,495.0,0.2,75.0,540.0,0.5585254860847991,0.08462507364921198,1,0,1,0,1433505.0,6.0,-0.0
595,2022-06-16,15838.61,,367.0,,86.0,,,0,0,1,0,1394205.0,6.0,-131.0
596,2022-06-17,15641.26,,207.0,,123.0,,,0,0,1,0,1346205.0,6.0,-160.0
597,2022-06-20,15367.58,,65.0,,156.0,,,0,0,1,0,1303605.0,6.0,-142.0
598,2022-06-21,15728.64,,227.0,,11.0,,,0,0,1,0,1352205.0,6.0,162.0
599,2022-06-22,15347.75,348.0,0.1,108.0,112.0,0.4093284665479434,0.12703297237694797,1,0,1,0,1284135.0,5.0,-226.9
600,2022-06-23,15176.44,,288.0,,120.0,,,0,0,1,0,1268385.0,5.0,-63.0
601,2022-06-24,15303.32,,340.0,,60.0,,,0,0,1,0,1281385.0,5.0,52.0
602,2022-06-27,15548.01,,510.0,,6.5,,,0,0,1,0,1323885.0,5.0,170.0
603,2022-06-28,15439.92,,425.0,,2.4,,,0,0,1,0,1302635.0,5.0,-85.0
604,2022-06-29,15240.13,244.0,261.0,128.0,0.1,0.2890271068449292,0.15162077736127433,1,1,1,1,1261635.0,5.0,-164.0
605,2022-06-30,14825.73,,74.0,,350.0,,,0,0,1,1,1218385.0,5.0,-173.0
606,2022-07-01,14343.08,,8.8,,735.0,,,0,0,1,1,1202085.0,5.0,-65.2
607,2022-07-04,14217.06,,2.4,,750.0,,,0,0,1,1,1200485.0,5.0,-6.4
608,2022-07-05,14349.2,,1.0,,665.0,,,0,0,1,1,1200135.0,5.0,-1.4
609,2022-07-06,13985.51,310.0,0.4,180.0,1050.0,0.40014814377687385,0.2323440834833461,1,1,1,1,1199985.0,5.0,-0.6
610,2022-07-07,14336.27,,490.0,,57.0,,,0,0,1,1,1244235.0,5.0,177.0
611,2022-07-08,14464.53,,600.0,,21.5,,,0,0,1,1,1271735.0,5.0,110.0
612,2022-07-11,14340.53,,525.0,,9.9,,,0,0,1,1,1252985.0,5.0,-75.0
613,2022-07-12,13950.62,,204.0,,38.0,,,0,0,1,1,1172735.0,5.0,-321.0
614,2022-07-13,14324.68,217.0,580.0,191.0,0.2,0.2734715963212466,0.24070541427353961,1,1,1,1,1266735.0,5.0,376.0
615,2022-07-14,14438.52,,247.0,,114.0,,,0,0,1,1,1273485.0,5.0,27.0
616,2022-07-15,14550.62,,275.0,,51.0,,,0,0,1,1,1280485.0,5.0,28.0
617,2022-07-18,14719.64,,400.0,,8.0,,,0,0,1,1,1311735.0,5.0,125.0
618,2022-07-19,14694.08,,432.0,,1.5,,,0,0,1,1,1319735.0,5.0,32.0
619,2022-07-20,14733.22,236.0,462.0,114.0,0.1,0.28916901121989497,0.13968333592825435,1,0,1,0,1327235.0,5.0,30.0
620,2022-07-21,14937.7,,304.0,,47.0,,,0,0,1,0,1343485.0,5.0,65.0
621,2022-07-22,14949.36,,296.0,,34.0,,,0,0,1,0,1341485.0,5.0,-8.0
622,2022-07-25,14936.33,,319.0,,13.5,,,0,0,1,0,1347235.0,5.0,23.0
623,2022-07-26,14806.78,,216.0,,8.4,,,0,0,1,0,1321485.0,5.0,-103.0
624,2022-07-27,14921.59,215.0,286.0,115.0,0.1,0.26011223340154616,0.13912979926129215,1,0,1,0,1338985.0,5.0,70.0
625,2022-07-28,14891.9,,222.0,,78.0,,,0,0,1,0,1339985.0,5.0,4.0
626,2022-07-29,15000.07,,276.0,,30.0,,,0,0,1,0,1353485.0,5.0,54.0
627,2022-08-01,14981.69,,213.0,,28.5,,,0,0,1,0,1337735.0,5.0,-63.0
628,2022-08-02,14747.23,,65.0,,119.0,,,0,0,1,0,1300735.0,5.0,-148.0
629,2022-08-03,14777.02,199.0,0.1,160.0,43.0,0.24311045502349712,0.19546569248120374,1,1,1,1,1284510.0,5.0,-64.9
630,2022-08-04,14702.2,,170.0,,148.0,,,0,0,1,1,1276510.0,5.0,-32.0
631,2022-08-05,15036.04,,405.0,,23.0,,,0,0,1,1,1335260.0,5.0,235.0
632,2022-08-08,15020.41,,349.0,,10.5,,,0,0,1,1,1321260.0,5.0,-56.0
633,2022-08-09,15050.28,,390.0,,1.4,,,0,0,1,1,1331510.0,5.0,41.0
634,2022-08-10,14939.02,166.0,295.0,140.0,0.3,0.20059652265511188,0.16917779019105822,0,1,0,1,1307760.0,5.0,-95.0
635,2022-08-11,15197.85,,362.0,,23.0,,,0,0,0,1,1307760.0,5.0,0.0
636,2022-08-12,15288.97,,432.0,,8.1,,,0,0,0,1,1307760.0,5.0,0.0
637,2022-08-15,15417.35,,540.0,,2.1,,,0,0,0,1,1307760.0,5.0,0.0
638,2022-08-16,15420.57,,580.0,,0.7,,,0,0,0,1,1307760.0,5.0,0.0
639,2022-08-17,15465.45,164.0,600.0,85.0,0.1,0.1914338385424486,0.09921875778114714,0,0,0,0,1307760.0,5.0,0.0
640,2022-08-18,15396.76,,115.0,,99.0,,,0,0,0,0,1307760.0,5.0,-0.0
641,2022-08-19,15408.78,,118.0,,64.0,,,0,0,0,0,1307760.0,5.0,0.0
642,2022-08-22,15245.14,,20.5,,143.0,,,0,0,0,0,1307760.0,5.0,-0.0
643,2022-08-23,15095.89,,0.9,,270.0,,,0,0,0,0,1307760.0,5.0,-0.0
644,2022-08-24,15069.19,173.0,0.1,99.0,253.0,0.20724955909615383,0.11859945867352155,0,0,0,0,1307760.0,5.0,-0.0
645,2022-08-25,15200.04,,249.0,,37.5,,,0,0,0,0,1307760.0,5.0,0.0
646,2022-08-26,15278.44,,289.0,,20.0,,,0,0,0,0,1307760.0,5.0,0.0
647,2022-08-29,14926.19,,33.0,,169.0,,,0,0,0,0,1307760.0,5.0,-0.0
648,2022-08-30,14953.63,,43.5,,52.0,,,0,0,0,0,1307760.0,5.0,0.0
649,2022-08-31,15095.44,192.0,78.0,119.0,0.2,0.22961109689616974,0.14231104443043852,1,0,1,0,1307760.0,5.0,0.0
650,2022-09-01,14801.86,,62.0,,287.0,,,0,0,1,0,1274510.0,5.0,-133.0
651,2022-09-02,14673.04,,20.0,,381.0,,,0,0,1,0,1264010.0,5.0,-42.0
652,2022-09-05,14661.1,,3.6,,356.0,,,0,0,1,0,1259910.0,5.0,-16.4
653,2022-09-06,14677.2,,1.6,,333.0,,,0,0,1,0,1259410.0,5.0,-2.0
654,2022-09-07,14410.05,186.0,0.2,144.0,585.0,0.23301553566876898,0.18039912438872435,1,1,1,1,1259060.0,5.0,-1.4
655,2022-09-08,14583.42,,272.0,,50.0,,,0,0,1,1,1279810.0,5.0,83.0
656,2022-09-12,14807.43,,475.0,,3.2,,,0,0,1,1,1330560.0,5.0,203.0
657,2022-09-13,14894.41,,555.0,,0.7,,,0,0,1,1,1350560.0,5.0,80.0
658,2022-09-14,14658.31,179.0,316.0,151.0,0.1,0.2204481962929385,0.1859646795543783,1,1,1,1,1290810.0,5.0,-239.0
659,2022-09-15,14670.04,,189.0,,98.0,,,0,0,1,1,1292560.0,5.0,7.0
660,2022-09-16,14561.76,,86.0,,152.0,,,0,0,1,1,1266810.0,5.0,-103.0
661,2022-09-19,14425.68,,33.5,,165.0,,,0,0,1,1,1253685.0,5.0,-52.5
662,2022-09-20,14549.3,,56.0,,45.0,,,0,0,1,1,1259310.0,5.0,22.5
663,2022-09-21,14424.52,201.0,0.1,170.0,148.0,0.2515545100759107,0.21275754583534734,1,1,1,1,1245335.0,5.0,-55.9
664,2022-09-22,14284.63,,70.0,,212.0,,,0,0,1,1,1211835.0,5.0,-134.0
665,2022-09-23,14118.38,,19.5,,281.0,,,0,0,1,1,1199210.0,5.0,-50.5
666,2022-09-26,13778.19,,1.9,,615.0,,,0,0,1,1,1194810.0,5.0,-17.6
667,2022-09-27,13826.59,,0.6,,570.0,,,0,0,1,1,1194485.0,5.0,-1.3
668,2022-09-28,13466.07,197.0,0.2,175.0,900.0,0.26409658129673025,0.2346035620656233,1,1,1,1,1194385.0,5.0,-0.4
669,2022-09-29,13534.26,,172.0,,143.0,,,0,0,1,1,1187385.0,5.0,-28.0
670,2022-09-30,13424.58,,101.0,,195.0,,,0,0,1,1,1169635.0,5.0,-71.0
671,2022-10-03,13300.48,,37.5,,224.0,,,0,0,1,1,1153760.0,5.0,-63.5
672,2022-10-04,13576.52,,125.0,,29.5,,,0,0,1,1,1175635.0,5.0,87.5
673,2022-10-05,13801.43,145.0,322.0,130.0,0.1,0.18966244115226946,0.17004218861927606,0,1,0,1,1224885.0,5.0,197.0
674,2022-10-06,13892.05,,174.0,,93.0,,,0,0,0,1,1224885.0,5.0,-0.0
675,2022-10-07,13702.28,,72.0,,178.0,,,0,0,0,1,1224885.0,5.0,-0.0
676,2022-10-11,13106.03,,0.9,,690.0,,,0,0,0,1,1224885.0,5.0,-0.0
677,2022-10-12,13081.24,212.0,0.2,188.0,710.0,0.2925663463416993,0.2594456278879221,1,1,1,1,1224885.0,5.0,-0.0
678,2022-10-13,12810.73,,113.0,,296.0,,,0,0,1,1,1199385.0,5.0,-102.0
679,2022-10-14,13128.12,,213.0,,95.0,,,0,0,1,1,1224385.0,5.0,100.0
680,2022-10-17,12966.05,,72.0,,146.0,,,0,0,1,1,1189135.0,5.0,-141.0
681,2022-10-18,13124.68,,102.0,,52.0,,,0,0,1,1,1196635.0,5.0,30.0
682,2022-10-19,12976.76,195.0,0.1,168.0,51.0,0.27127249366664735,0.2337116868512654,1,1,1,1,1171160.0,5.0,-101.9
683,2022-10-20,12946.1,,137.0,,177.0,,,0,0,1,1,1155910.0,5.0,-61.0
684,2022-10-21,12819.2,,83.0,,214.0,,,0,0,1,1,1142410.0,5.0,-54.0
685,2022-10-24,12856.98,,77.0,,141.0,,,0,0,1,1,1140910.0,5.0,-6.0
686,2022-10-25,12666.12,,6.0,,270.0,,,0,0,1,1,1123160.0,5.0,-71.0
687,2022-10-26,12729.05,188.0,0.1,150.0,209.0,0.26662402342300495,0.21273193358218484,1,1,1,1,1121685.0,4.0,-5.9
688,2022-10-27,12926.37,,316.0,,52.0,,,0,0,1,1,1146685.0,4.0,125.0
689,2022-10-28,12788.42,,165.0,,91.0,,,0,0,1,1,1116485.0,4.0,-151.0
690,2022-10-31,12949.75,,260.0,,16.5,,,0,0,1,1,1135485.0,4.0,95.0
691,2022-11-01,13037.21,,340.0,,2.4,,,0,0,1,1,1151485.0,4.0,80.0
692,2022-11-02,13100.17,187.0,386.0,141.0,0.2,0.25769268815276236,0.19430304293871387,1,1,1,1,1160685.0,5.0,46.0
693,2022-11-03,12986.6,,89.0,,171.0,,,0,0,1,1,1135435.0,5.0,-101.0
694,2022-11-04,13026.71,,99.0,,111.0,,,0,0,1,1,1137935.0,5.0,10.0
695,2022-11-07,13223.73,,201.0,,18.5,,,0,0,1,1,1163435.0,5.0,102.0
696,2022-11-08,13347.76,,282.0,,2.9,,,0,0,1,1,1183685.0,5.0,81.0
697,2022-11-09,13638.81,169.0,565.0,124.0,0.1,0.22369055454680106,0.1641279808509073,1,1,1,1,1254435.0,5.0,283.0
698,2022-11-10,13503.76,,109.0,,175.0,,,0,0,1,1,1238685.0,5.0,-63.0
699,2022-11-11,14007.56,,515.0,,9.2,,,0,0,1,1,1340185.0,5.0,406.0
700,2022-11-14,14174.9,,580.0,,2.7,,,0,0,1,1,1356435.0,5.0,65.0
701,2022-11-15,14546.31,,980.0,,1.1,,,0,0,1,1,1456435.0,5.0,400.0
702,2022-11-16,14537.35,240.0,945.0,162.0,0.3,0.29803235601143924,0.20117184030772145,1,1,1,1,1447685.0,6.0,-35.0
703,2022-11-17,14535.23,,212.0,,111.0,,,0,0,1,1,1438385.0,6.0,-31.0
704,2022-11-18,14504.99,,163.0,,115.0,,,0,0,1,1,1423685.0,6.0,-49.0
705,2022-11-21,14449.39,,96.0,,84.0,,,0,0,1,1,1403585.0,6.0,-67.0
706,2022-11-22,14542.2,,112.0,,25.5,,,0,0,1,1,1408385.0,6.0,16.0
707,2022-11-23,14608.54,160.0,171.0,126.0,0.2,0.19771999440796936,0.1557044955962759,0,1,0,1,1426085.0,6.0,59.0
708,2022-11-24,14784.0,,259.0,,47.0,,,0,0,0,1,1426085.0,6.0,0.0
709,2022-11-25,14778.51,,204.0,,57.0,,,0,0,0,1,1426085.0,6.0,-0.0
710,2022-11-28,14556.87,,42.5,,126.0,,,0,0,0,1,1426085.0,6.0,-0.0
711,2022-11-29,14709.64,,118.0,,19.0,,,0,0,0,1,1426085.0,6.0,0.0
712,2022-11-30,14879.55,179.0,231.0,144.0,0.2,0.21717041175322796,0.17470692342159122,0,1,0,1,1426085.0,6.0,0.0
713,2022-12-01,15012.8,,279.0,,54.0,,,0,0,0,1,1426085.0,6.0,0.0
714,2022-12-02,14970.68,,195.0,,66.0,,,0,0,0,1,1426085.0,6.0,-0.0
715,2022-12-05,14980.74,,203.0,,25.5,,,0,0,0,1,1426085.0,6.0,0.0
716,2022-12-06,14728.88,,32.5,,104.0,,,0,0,0,1,1426085.0,6.0,-0.0
717,2022-12-07,14630.01,198.0,0.2,147.0,130.0,0.24431941969259688,0.18138866007480675,1,1,1,1,1426085.0,6.0,-0.0
718,2022-12-08,14553.04,,118.0,,188.0,,,0,0,1,1,1401185.0,6.0,-83.0
719,2022-12-09,14705.43,,211.0,,75.0,,,0,0,1,1,1429085.0,6.0,93.0
720,2022-12-12,14612.59,,117.0,,102.0,,,0,0,1,1,1400885.0,6.0,-94.0
721,2022-12-13,14522.96,,89.0,,138.0,,,0,0,1,1,1392485.0,6.0,-28.0
722,2022-12-14,14739.36,173.0,125.0,161.0,0.1,0.21188728570549673,0.19718990172592474,0,1,0,1,1403285.0,6.0,36.0
723,2022-12-15,14734.13,,127.0,,114.0,,,0,0,0,1,1403285.0,6.0,0.0
724,2022-12-16,14528.55,,24.0,,263.0,,,0,0,0,1,1403285.0,6.0,-0.0
725,2022-12-19,14433.32,,6.5,,299.0,,,0,0,0,1,1403285.0,6.0,-0.0
726,2022-12-20,14170.03,,0.9,,550.0,,,0,0,0,1,1403285.0,6.0,-0.0
727,2022-12-21,14234.4,159.0,0.1,117.0,480.0,0.20164867815392068,0.1483829895849605,0,0,0,0,1403285.0,6.0,-0.0
728,2022-12-22,14442.94,,291.0,,37.0,,,0,0,0,0,1403285.0,6.0,0.0
729,2022-12-23,14271.63,,143.0,,72.0,,,0,0,0,0,1403285.0,6.0,-0.0
730,2022-12-26,14285.13,,150.0,,28.0,,,0,0,0,0,1403285.0,6.0,0.0
731,2022-12-27,14328.43,,190.0,,7.5,,,0,0,0,0,1403285.0,6.0,0.0
732,2022-12-28,14173.1,147.0,0.2,113.0,19.5,0.1872362370110296,0.14392989647786628,0,0,0,0,1403285.0,6.0,-0.0
733,2022-12-29,14085.02,,94.0,,132.0,,,0,0,0,0,1403285.0,6.0,0.0
734,2022-12-30,14137.69,,123.0,,70.0,,,0,0,0,0,1403285.0,6.0,0.0
735,2023-01-03,14224.12,,158.0,,11.0,,,0,0,0,0,1403285.0,6.0,0.0
736,2023-01-04,14199.13,156.0,123.0,120.0,0.1,0.1983354216723759,0.15256570897875066,0,1,0,1,1403285.0,6.0,-0.0
737,2023-01-05,14301.05,,182.0,,69.0,,,0,0,0,1,1403285.0,6.0,0.0
738,2023-01-06,14373.34,,218.0,,44.5,,,0,0,0,1,1403285.0,6.0,0.0
739,2023-01-09,14752.21,,575.0,,3.2,,,0,0,0,1,1403285.0,6.0,0.0
740,2023-01-10,14802.96,,615.0,,1.0,,,0,0,0,1,1403285.0,6.0,0.0
741,2023-01-11,14751.44,216.0,555.0,175.0,0.3,0.26433626843186875,0.21416132859063441,1,1,1,1,1403285.0,6.0,-0.0
742,2023-01-12,14731.64,,210.0,,193.0,,,0,0,1,1,1400585.0,6.0,-9.0
743,2023-01-13,14824.13,,213.0,,130.0,,,0,0,1,1,1401485.0,6.0,3.0
744,2023-01-16,14927.01,,262.0,,76.0,,,0,0,1,1,1416185.0,6.0,49.0
745,2023-01-17,14932.93,,246.0,,66.0,,,0,0,1,1,1411385.0,6.0,-16.0
746,2023-01-30,15493.82,117.0,700.0,56.0,0.3,0.13632163191183078,0.06524796057318395,0,0,0,0,1547585.0,6.0,454.0
747,2023-01-31,15265.2,,11.0,,139.0,,,0,0,0,0,1547585.0,6.0,-0.0
748,2023-02-01,15420.13,165.0,0.3,121.0,41.0,0.19316717570349543,0.14165592884922998,0,0,0,0,1547585.0,6.0,-0.0
749,2023-02-02,15595.16,,278.0,,35.5,,,0,0,0,0,1547585.0,6.0,0.0
750,2023-02-03,15602.66,,266.0,,28.0,,,0,0,0,0,1547585.0,6.0,-0.0
751,2023-02-06,15392.82,,111.0,,46.5,,,0,0,0,0,1547585.0,6.0,-0.0
752,2023-02-07,15400.91,,87.0,,30.5,,,0,0,0,0,1547585.0,6.0,-0.0
753,2023-02-08,15618.17,141.0,266.0,136.0,0.3,0.16297702573441392,0.15719769858071128,0,1,0,1,1547585.0,6.0,0.0
754,2023-02-09,15598.71,,121.0,,123.0,,,0,0,0,1,1547585.0,6.0,-0.0
755,2023-02-10,15586.65,,107.0,,131.0,,,0,0,0,1,1547585.0,6.0,-0.0
756,2023-02-13,15544.28,,74.0,,141.0,,,0,0,0,1,1547585.0,6.0,-0.0
757,2023-02-14,15654.48,,122.0,,65.0,,,0,0,0,1,1547585.0,6.0,0.0
758,2023-02-15,15432.89,109.0,0.1,176.0,202.0,0.12750190046016863,0.20587462826596037,0,1,0,1,1547585.0,6.0,-0.0
759,2023-02-16,15550.5,,174.0,68.0,68.0,,0.07894088228810352,0,0,0,0,1547585.0,6.0,0.0
760,2023-02-17,15479.7,,95.0,99.0,99.0,,0.11545429024131247,0,0,0,0,1547585.0,6.0,-0.0
761,2023-02-20,15551.23,,122.0,33.0,33.0,,0.03830774750396902,0,0,0,0,1547585.0,6.0,0.0
762,2023-02-21,15563.0,,114.0,18.5,18.5,,0.021459313866024,0,0,0,0,1547585.0,6.0,-0.0
763,2023-02-22,15418.77,141.0,0.2,103.0,16.5,0.16508469184081812,0.12059378198300898,0,0,0,0,1547585.0,6.0,-0.0
764,2023-02-23,15615.41,,291.0,,25.5,,,0,0,0,0,1547585.0,6.0,0.0
765,2023-02-24,15503.79,,229.0,,23.5,,,0,0,0,0,1547585.0,6.0,-0.0
766,2023-03-01,15598.49,268.0,244.0,56.0,0.1,0.3101627624793746,0.06481012947330217,1,0,1,0,1547585.0,6.0,0.0
767,2023-03-02,15598.72,,254.0,,44.5,,,0,0,1,0,1542485.0,6.0,-17.0
768,2023-03-03,15608.42,,302.0,,23.0,,,0,0,1,0,1556885.0,6.0,48.0
769,2023-03-06,15763.51,,440.0,,3.6,,,0,0,1,0,1598285.0,6.0,138.0
770,2023-03-07,15857.89,,525.0,,1.2,,,0,0,1,0,1623785.0,6.0,85.0
771,2023-03-08,15818.2,147.0,460.0,113.0,0.2,0.16776358313721051,0.1289611217313251,0,0,0,0,1604285.0,6.0,-65.0
772,2023-03-09,15770.66,,124.0,,108.0,,,0,0,0,0,1604285.0,6.0,-0.0
773,2023-03-10,15526.2,,23.5,,295.0,,,0,0,0,0,1604285.0,6.0,-0.0
774,2023-03-13,15560.49,,17.0,,249.0,,,0,0,0,0,1604285.0,6.0,-0.0
775,2023-03-14,15360.42,,2.2,,401.0,,,0,0,0,0,1604285.0,6.0,-0.0
776,2023-03-15,15387.59,116.0,0.2,171.0,346.0,0.13608955815392357,0.20061477969242184,0,1,0,1,1604285.0,6.0,-0.0
777,2023-03-16,15221.12,,155.0,,106.0,,,0,0,0,1,1604285.0,6.0,0.0
778,2023-03-17,15452.96,,49.0,,179.0,,,0,0,0,1,1604285.0,6.0,-0.0
779,2023-03-20,15419.97,,41.0,,142.0,,,0,0,0,1,1604285.0,6.0,-0.0
780,2023-03-21,15513.45,,8.1,,197.0,,,0,0,0,1,1604285.0,6.0,-0.0
781,2023-03-22,15760.46,164.0,0.1,126.0,444.0,0.18785051059971042,0.1443241727778263,0,0,0,0,1604285.0,6.0,-0.0
782,2023-03-23,15863.95,,219.0,,63.0,,,0,0,0,0,1604285.0,6.0,0.0
783,2023-03-24,15914.7,,267.0,,29.0,,,0,0,0,0,1604285.0,6.0,0.0
784,2023-03-27,15830.31,,181.0,,25.0,,,0,0,0,0,1604285.0,6.0,-0.0
785,2023-03-28,15701.48,,56.0,,46.0,,,0,0,0,0,1604285.0,6.0,-0.0
786,2023-03-29,15769.76,156.0,49.0,101.0,0.1,0.17858169280514619,0.11562019854692157,0,0,0,0,1604285.0,6.0,-0.0
787,2023-03-30,15849.43,,199.0,,60.0,,,0,0,0,0,1604285.0,6.0,0.0
788,2023-03-31,15868.06,,219.0,,38.5,,,0,0,0,0,1604285.0,6.0,0.0
789,2023-04-06,15810.77,121.0,95.0,96.0,0.2,0.13815600619867827,0.10961137681878606,0,0,0,0,1604285.0,6.0,-0.0
790,2023-04-07,15836.5,,137.0,,52.0,,,0,0,0,0,1604285.0,6.0,0.0
791,2023-04-10,15876.17,,144.0,,23.5,,,0,0,0,0,1604285.0,6.0,0.0
792,2023-04-11,15913.88,,189.0,,5.7,,,0,0,0,0,1604285.0,6.0,0.0
793,2023-04-12,15932.97,131.0,182.0,104.0,0.2,0.14842668165885983,0.11783492284367499,0,0,0,0,1604285.0,6.0,-0.0
794,2023-04-13,15804.76,,59.0,,143.0,,,0,0,0,0,1604285.0,6.0,-0.0
795,2023-04-14,15929.43,,105.0,,56.0,,,0,0,0,0,1604285.0,6.0,0.0
796,2023-04-17,15963.55,,101.0,,30.5,,,0,0,0,0,1604285.0,6.0,-0.0
797,2023-04-18,15869.44,,38.5,,48.0,,,0,0,0,0,1604285.0,6.0,-0.0
798,2023-04-19,15770.47,137.0,0.3,97.0,125.0,0.15682429774361425,0.11103618161409184,0,0,0,0,1604285.0,6.0,-0.0
799,2023-04-20,15707.52,,99.0,,110.0,,,0,0,0,0,1604285.0,6.0,0.0
800,2023-04-21,15602.99,,28.0,,156.0,,,0,0,0,0,1604285.0,6.0,-0.0
801,2023-04-24,15626.87,,12.0,,147.0,,,0,0,0,0,1604285.0,6.0,-0.0
802,2023-04-25,15370.73,,1.0,,371.0,,,0,0,0,0,1604285.0,6.0,-0.0
803,2023-04-26,15374.63,125.0,0.2,100.0,370.0,0.14677184747233538,0.1174174779778683,0,0,0,0,1604285.0,6.0,-0.0
804,2023-04-27,15411.49,,136.0,,61.0,,,0,0,0,0,1604285.0,6.0,0.0
805,2023-04-28,15579.18,,235.0,,15.0,,,0,0,0,0,1604285.0,6.0,0.0
806,2023-05-02,15636.48,,333.0,,1.6,,,0,0,0,0,1604285.0,6.0,0.0
807,2023-05-03,15553.41,117.0,268.0,121.0,0.2,0.13579934091290344,0.1404420534227463,0,0,0,0,1604285.0,6.0,-0.0
808,2023-05-04,15609.03,,134.0,,74.0,,,0,0,0,0,1604285.0,6.0,-0.0
809,2023-05-05,15626.07,,134.0,,44.0,,,0,0,0,0,1604285.0,6.0,0.0
810,2023-05-08,15699.57,,177.0,,11.5,,,0,0,0,0,1604285.0,6.0,0.0
811,2023-05-09,15727.7,,180.0,,2.9,,,0,0,0,0,1604285.0,6.0,0.0
812,2023-05-10,15641.76,108.0,61.0,98.0,0.1,0.12464519988788365,0.11310397767604258,0,0,0,0,1604285.0,6.0,-0.0
813,2023-05-11,15514.64,,49.0,,130.0,,,0,0,0,0,1604285.0,6.0,-0.0
814,2023-05-12,15502.36,,29.0,,123.0,,,0,0,0,0,1604285.0,6.0,-0.0
815,2023-05-15,15475.05,,17.5,,108.0,,,0,0,0,0,1604285.0,6.0,-0.0
816,2023-05-16,15673.9,,103.0,,11.0,,,0,0,0,0,1604285.0,6.0,0.0
817,2023-05-17,15925.29,166.0,353.0,73.0,0.1,0.18817336851480693,0.08275093916615003,0,0,0,0,1604285.0,6.0,0.0
818,2023-05-18,16101.88,,316.0,,23.5,,,0,0,0,0,1604285.0,6.0,-0.0
819,2023-05-19,16174.92,,361.0,,13.0,,,0,0,0,0,1604285.0,6.0,0.0
820,2023-05-22,16180.89,,340.0,,4.5,,,0,0,0,0,1604285.0,6.0,-0.0
821,2023-05-23,16188.03,,348.0,,1.9,,,0,0,0,0,1604285.0,6.0,0.0
822,2023-05-24,16159.32,153.0,299.0,65.0,0.3,0.17092507157155104,0.07261522648464587,0,0,0,0,1604285.0,6.0,-0.0
823,2023-05-25,16292.0,,255.0,,28.0,,,0,0,0,0,1604285.0,6.0,-0.0
824,2023-05-26,16505.05,,466.0,,6.0,,,0,0,0,0,1604285.0,6.0,0.0
825,2023-05-29,16636.3,,610.0,,1.6,,,0,0,0,0,1604285.0,6.0,0.0
826,2023-05-30,16622.74,,595.0,,0.9,,,0,0,0,0,1604285.0,6.0,-0.0
827,2023-05-31,16578.96,189.0,540.0,92.0,0.1,0.2057983750577256,0.10017698680058601,0,0,0,0,1604285.0,6.0,-0.0
828,2023-06-01,16512.65,,162.0,,79.0,,,0,0,0,0,1604285.0,6.0,-0.0
829,2023-06-02,16706.91,,330.0,,13.5,,,0,0,0,0,1604285.0,6.0,0.0
830,2023-06-05,16714.43,,278.0,,6.6,,,0,0,0,0,1604285.0,6.0,-0.0
831,2023-06-06,16761.66,,320.0,,2.3,,,0,0,0,0,1604285.0,6.0,0.0
832,2023-06-07,16922.48,152.0,456.0,88.0,0.1,0.162150017299661,0.0938763258050669,0,0,0,0,1604285.0,6.0,0.0
833,2023-06-08,16733.69,,58.0,,161.0,,,0,0,0,0,1604285.0,6.0,-0.0
834,2023-06-09,16886.4,,120.0,,65.0,,,0,0,0,0,1604285.0,6.0,0.0
835,2023-06-12,16955.37,,143.0,,26.0,,,0,0,0,0,1604285.0,6.0,0.0
836,2023-06-13,17216.6,,390.0,,1.8,,,0,0,0,0,1604285.0,6.0,0.0
837,2023-06-14,17238.14,130.0,393.0,131.0,0.3,0.1361414493254919,0.13718869124338032,0,0,0,0,1604285.0,6.0,0.0
838,2023-06-15,17334.98,,199.0,,59.0,,,0,0,0,0,1604285.0,6.0,-0.0
839,2023-06-16,17288.91,,134.0,,64.0,,,0,0,0,0,1604285.0,6.0,-0.0
840,2023-06-19,17274.56,,97.0,,42.0,,,0,0,0,0,1604285.0,6.0,-0.0
841,2023-06-20,17184.91,,35.5,,46.5,,,0,0,0,0,1604285.0,6.0,-0.0
842,2023-06-21,17202.4,223.0,30.0,50.0,0.1,0.23402014388443515,0.05247088427902133,1,0,1,0,1604285.0,6.0,-0.0
843,2023-06-26,17059.24,,96.0,,43.0,,,0,0,1,0,1565285.0,6.0,-130.0
844,2023-06-27,16887.9,,17.0,,86.0,,,0,0,1,0,1541585.0,6.0,-79.0
845,2023-06-28,16935.63,144.0,0.1,93.0,69.0,0.15349652787630205,0.09913317425344507,0,0,0,0,1536515.0,6.0,-16.9
846,2023-06-29,16942.3,,133.0,,84.0,,,0,0,0,0,1536515.0,6.0,0.0
847,2023-06-30,16915.54,,137.0,,50.0,,,0,0,0,0,1536515.0,6.0,0.0
848,2023-07-03,17084.2,,340.0,,4.9,,,0,0,0,0,1536515.0,6.0,0.0
849,2023-07-04,17140.77,,400.0,,0.9,,,0,0,0,0,1536515.0,6.0,0.0
850,2023-07-05,17056.43,126.0,276.0,96.0,0.3,0.13335823217977152,0.10160627213696877,0,0,0,0,1536515.0,6.0,-0.0
851,2023-07-06,16762.17,,18.0,,304.0,,,0,0,0,0,1536515.0,6.0,-0.0
852,2023-07-07,16664.21,,8.7,,349.0,,,0,0,0,0,1536515.0,6.0,-0.0
853,2023-07-10,16652.8,,1.9,,421.0,,,0,0,0,0,1536515.0,6.0,-0.0
854,2023-07-11,16898.91,,14.0,,117.0,,,0,0,0,0,1536515.0,6.0,0.0
855,2023-07-12,16962.03,146.0,0.1,121.0,86.0,0.15538620129704966,0.12877897504755484,0,0,0,0,1536515.0,6.0,-0.0
856,2023-07-13,17061.4,,238.0,,52.0,,,0,0,0,0,1536515.0,6.0,0.0
857,2023-07-14,17283.71,,406.0,,12.0,,,0,0,0,0,1536515.0,6.0,0.0
858,2023-07-17,17334.29,,391.0,,4.2,,,0,0,0,0,1536515.0,6.0,-0.0
859,2023-07-18,17227.91,,325.0,,2.8,,,0,0,0,0,1536515.0,6.0,-0.0
860,2023-07-19,17116.44,183.0,203.0,113.0,0.2,0.1930078924928582,0.11917973689449715,0,0,0,0,1536515.0,6.0,-0.0
861,2023-07-20,17164.89,,196.0,,79.0,,,0,0,0,0,1536515.0,6.0,-0.0
862,2023-07-21,17030.7,,75.0,,133.0,,,0,0,0,0,1536515.0,6.0,-0.0
863,2023-07-24,17033.61,,66.0,,92.0,,,0,0,0,0,1536515.0,6.0,-0.0
864,2023-07-25,17198.89,,185.0,,9.0,,,0,0,0,0,1536515.0,6.0,0.0
865,2023-07-26,17162.55,149.0,104.0,118.0,0.1,0.15672629745404273,0.12411881274883922,0,0,0,0,1536515.0,6.0,-0.0
866,2023-07-27,17241.82,,210.0,,55.0,,,0,0,0,0,1536515.0,6.0,0.0
867,2023-07-28,17292.93,,221.0,,31.5,,,0,0,0,0,1536515.0,6.0,0.0
868,2023-07-31,17145.43,,94.0,,68.0,,,0,0,0,0,1536515.0,6.0,-0.0
869,2023-08-01,17212.87,,116.0,,21.5,,,0,0,0,0,1536515.0,6.0,0.0
870,2023-08-02,16893.73,160.0,0.1,144.0,246.0,0.17097470168569032,0.1538772315171213,0,1,0,1,1536515.0,6.0,-0.0
871,2023-08-04,16843.68,,132.0,,100.0,,,0,0,0,1,1536515.0,6.0,0.0
872,2023-08-07,16996.0,,228.0,,25.5,,,0,0,0,1,1536515.0,6.0,0.0
873,2023-08-08,16877.07,,105.0,,37.5,,,0,0,0,1,1536515.0,6.0,-0.0
874,2023-08-09,16870.94,150.0,71.0,147.0,0.3,0.16050530789418432,0.15729520173630065,0,1,0,1,1536515.0,6.0,-0.0
875,2023-08-10,16634.7,,60.0,,253.0,,,0,0,0,1,1536515.0,6.0,-0.0
876,2023-08-11,16601.25,,25.5,,252.0,,,0,0,0,1,1536515.0,6.0,-0.0
877,2023-08-14,16393.66,,2.0,,475.0,,,0,0,0,1,1536515.0,6.0,-0.0
878,2023-08-15,16454.8,,0.7,,430.0,,,0,0,0,1,1536515.0,6.0,-0.0
879,2023-08-16,16446.78,174.0,0.1,115.0,486.0,0.19098787034486991,0.1262276154578163,0,0,0,0,1536515.0,6.0,-0.0
880,2023-08-17,16516.66,,204.0,,66.0,,,0,0,0,0,1536515.0,6.0,0.0
881,2023-08-18,16381.31,,133.0,,97.0,,,0,0,0,0,1536515.0,6.0,-0.0
882,2023-08-21,16381.49,,97.0,,73.0,,,0,0,0,0,1536515.0,6.0,-0.0
883,2023-08-22,16437.61,,109.0,,26.5,,,0,0,0,0,1536515.0,6.0,0.0
884,2023-08-23,16576.9,278.0,206.0,67.0,0.1,0.30274633838963777,0.07296404558311415,1,0,1,0,1536515.0,6.0,0.0
885,2023-08-24,16770.87,,433.0,,12.5,,,0,0,1,0,1582115.0,6.0,152.0
886,2023-08-25,16481.58,,167.0,,67.0,,,0,0,1,0,1502315.0,6.0,-266.0
887,2023-08-28,16509.26,,182.0,,23.5,,,0,0,1,0,1506815.0,6.0,15.0
888,2023-08-29,16623.65,,291.0,,1.3,,,0,0,1,0,1539515.0,6.0,109.0
889,2023-08-30,16719.82,133.0,381.0,98.0,0.1,0.14360099999037199,0.10581126315080042,0,0,0,0,1566515.0,6.0,90.0
890,2023-08-31,16634.51,,82.0,,131.0,,,0,0,0,0,1566515.0,6.0,-0.0
