年月,ME1_BM1,ME1_BM2,ME1_BM3,ME1_BM4,ME1_BM5,ME2_BM1,ME2_BM2,ME2_BM3,ME2_BM4,ME2_BM5,ME3_BM1,ME3_BM2,ME3_BM3,ME3_BM4,ME3_BM5,ME4_BM1,ME4_BM2,ME4_BM3,ME4_BM4,ME4_BM5,ME5_BM1,ME5_BM2,ME5_BM3,ME5_BM4,ME5_BM5
201001,32.89087477869234,-4.695570360680247,-8.750315717429977,-8.279945657305477,-5.332219401079352,-3.5611186380108717,-6.206268443839992,-8.363252817705465,-6.089002967952899,-6.5249164047216635,-12.175665857015579,-8.724318917284618,-7.559459891812934,-8.711082916196128,-7.113856670663627,-9.09465847854399,-7.414895562186668,-5.943013470872404,-5.977921731063503,-8.179227776989997,-6.186834467978323,-2.0925953705014653,-5.602655791491582,-7.959869884418458,-8.79098087862839
201002,0.4612743996824773,-6.456260673677011,-0.3657508520062533,-3.7068878267867804,-1.9217985111184983,4.965301049631184,0.28152994319880426,-0.30132506210026005,-2.3895905249555236,-4.198519356701507,-2.799087747212094,-1.198033274682714,-0.16936530105964487,-0.6982291507304783,-3.043755789999185,-1.0124131755197372,-2.7486990781346714,-4.571870639705631,-3.7770801029339984,-2.4959888858934756,-2.8223777026592,1.146515925480196,-4.685273168769364,-3.489327578960402,-3.8855120124567293
201003,8.01044943595342,15.595325808780283,16.829003700221236,11.374620233899392,9.151003550518434,17.01382144878244,13.654096018542429,14.652281435510933,10.992721218224544,8.537164488588445,13.48949414692718,11.648704686672373,12.136484139113117,9.692281998800777,9.700871236378182,13.410443438725679,11.03240974025821,8.539586092047447,8.267647733861843,8.199345023348977,7.165132127351725,1.89491687945558,5.862599951920264,5.690238589372955,8.779600762641211
201004,9.335598919819764,-1.397550297780184,6.335518965814172,4.250820835823125,4.553978416195823,3.237773951380595,8.009870843911406,0.9275005642444915,1.8760407163412376,0.0916379731897345,1.0521110749851257,-0.34582799315194984,2.37056382534427,0.9732724249020459,-1.3235265923410604,1.882787020028521,2.095163556801404,2.1661747684220374,-1.8231107161885443,0.4498690803339437,2.6880930799985747,0.879702598136275,2.0682812133689694,-0.03341701985847985,-0.4017444385070283
201005,-10.396294717042853,-2.172570284784378,-8.820829610487834,-8.777199797160243,-7.532011935912227,-6.22256133015962,-7.443622515919589,-11.024120877499513,-8.652531764313137,-10.632069919699783,-9.007190563372252,-6.48814624526227,-9.45566780693004,-10.036409630287226,-11.73116088129997,-7.716725528711244,-6.881043398574376,-9.721227396062526,-10.950684480870768,-8.869110429107499,-5.924697372247454,-7.18786525163533,-6.917846749633025,-9.152586503746006,-7.581057495445743
201006,2.0039056340647083,2.0926639885643072,2.818357170222604,0.29563668131171306,-0.8170683238845533,1.6483578585187253,0.7532770226468204,0.1179341116962306,1.8766824202100012,-0.11267923057744639,1.9077378717472122,-1.2830531855494847,1.2765809349336066,0.5761521124586833,0.21138178951025896,0.3377619184658439,-1.5041405969498094,-0.4763564863304332,0.8646018107154106,1.8577493138248673,-0.33403177750203905,-0.87283561450697,-0.6303391979615678,1.3205578911229507,-0.8099767263649842
201007,7.377466086557322,11.633901509423234,8.763888521788664,7.800448959063157,7.294918210915818,8.125769284477462,13.030434541426457,8.93373150795714,8.276008715222865,6.541194890967503,9.053248229767815,8.660064758346769,9.042139591035571,7.287696596359847,8.5845629142454,9.27852790424182,7.05211392747709,8.01567329191061,8.850309326683448,8.273239076917958,11.113991173244175,7.4519344205545,7.580182761579364,10.655322013514898,6.969726874460781
201008,3.3444370437841577,-0.2115169759899708,-8.662875208124373,-6.630694724842767,-3.368417636931024,2.5804355572392494,-1.9110015489743097,-5.509723548000958,-3.734470495294067,-3.554288121600734,-0.14070338197624305,-0.9537345007893805,0.16601479892761398,-1.8803932058376334,-0.8970073065492177,0.7586970561159873,1.4207998792281284,1.1470184396900895,-2.236117096531316,-3.3949577502211477,-0.6199664867612138,1.6329916134958966,0.7775737182181041,2.684517961047608,-4.592994406339066
201009,6.067741358136996,5.546939148498398,5.63940987803764,7.204866056544268,6.214025488223825,8.824436695863604,9.514217528424606,7.111244971718043,8.191746923388322,6.081998355862007,11.143598619921189,7.95533770229938,7.285719621961741,5.44658014403772,8.227065027521418,10.84261314600834,11.093545654214951,9.367150258756002,7.391673199114288,8.337824480013868,7.796418448595302,9.195066517136253,7.233017612550813,12.62518495261383,7.27053901241019
201010,-1.8171706339341207,-0.28313160659631836,-3.046774517955252,-2.2144675226374857,-3.378219823049223,-1.5740540570210846,-2.2702704878715205,-0.14603671770174423,-1.5456551580973725,-1.1366713080213904,-2.344484465517901,-1.395383212453313,-1.317664037539334,-0.5249088095991533,0.01233160518085187,-4.10574598381342,-1.9868683915141387,-2.2726282275797467,0.8473397254202701,0.4757065714644142,2.631209652742852,4.776748070937867,1.3323194057155647,1.2443937454890648,-0.1732464889292455
201011,-0.35503628250892394,-3.404939466680058,-3.704110448921718,-6.030496604745264,-5.678062556950527,1.5415045287735956,0.7223607575402673,-3.3943279228728835,-1.6230462378081891,-2.2770532985276764,-0.5060666772877899,-2.23393429122163,0.14373320143615193,-3.1194791974795693,-3.2560443764580858,5.12827889915987,0.6298629655987706,0.5317796819590129,2.1885878334040596,-1.2273481253444611,5.4666004046403724,0.22096716187212026,-0.4351397580341893,-1.7095558972465452,-0.16919240735903746
201012,-2.8657870784695207,4.3936105211173,7.195542889670353,6.510451304183684,4.088475519475491,8.40697614593784,3.732837938663412,4.36854714729558,6.518445116616859,6.67642928929457,3.4712218982358944,5.79385276502542,6.533549279594104,7.2522475123899355,9.098003768358078,3.683467813183121,4.016514971428571,4.402980846215601,8.45576494544099,7.355313619397502,8.520125502200756,5.451548597319484,11.043882258314818,16.189171885018464,4.198123223404915
201101,10.898093720661269,-3.1556597512759685,-1.1302179456424648,-1.434395163658848,0.6956672015640173,1.363566979136118,0.4645260676621737,1.0932723376224938,0.4009506552402823,1.3611204099732932,2.0449566316681578,-0.3707433462093082,-1.9459711548999505,1.4195000055712894,-0.6223348327880166,0.4371933853068261,1.2556801519562655,-1.882128127879936,-0.38613666347544445,2.1021841586219536,3.2584481514712564,1.2045435323700233,2.736527774649367,2.0473344011261667,-2.908938307942598
201102,-3.784334075265934,-3.3399897294440226,-5.449546654062392,-3.1040102716994897,-6.516905191944128,-3.5644031589393785,-1.4923888849265883,-4.618133686957808,-5.576782688669078,-6.572193601122675,-1.9152140383406053,-2.577236832998396,-6.047281286651021,-5.011402358930672,-6.034383390097544,-1.6778543260201353,-7.2324016348258695,-6.275970574748714,-5.843934420822685,-9.462415152828122,-2.384935946353311,-7.627766056056282,-7.958179951215792,-9.923370773723303,-10.85756765065301
201103,-0.5980994328922495,1.5003499359040986,-3.05197909164538,-0.12516437811651585,-4.863885734246192,-1.7946373739906054,-1.819376484082966,-1.460933314458467,-0.09009546373425809,0.07931691038429947,4.774557635896274,1.9037756659680365,0.49685212936444795,-2.1482002397144417,-0.8328994165841601,-1.13159016865511,0.2886448063101598,0.737316206247303,-2.4451222950151252,-1.4993754731848354,4.031363628046413,-0.5631188684444366,2.022210032487632,-0.43803024299173093,-1.625066486129064
201104,11.464413525725112,1.867964229801028,2.9606937850289032,1.210160162468204,0.788777314754371,5.841656629000146,3.829095389015038,3.506555686098861,2.027251476161348,-0.35556932265598934,7.634462119311989,1.8871231881992074,1.853193268707695,0.9146445218272639,0.8690095549431981,3.0667764276083678,4.367335284300719,1.9097666715816262,-1.3038041996310523,2.0865215185033814,6.931207344433201,3.521632867921625,4.204773271317441,2.3298752181366345,-3.050166166512182
201105,9.464418894927539,-1.943432709379393,-0.5538670835831982,-1.7282247441023586,-3.6836352659854095,2.591257923207661,2.023698774891557,1.0278977327529835,-1.56313226402892,-3.3882845024536667,3.8763223609874764,0.6178180878685682,-1.4718503936241683,-1.7185577994464325,-5.672253981266142,3.2161694731813912,1.8604134436216688,-0.38035042535091435,-1.8173256801089543,-1.2527053127407721,0.8427235708820282,0.48149065136628494,-0.32644492182404994,-0.5998091658458372,0.342536484083709
201106,-0.676274536737074,-0.531619244994261,-5.218727547598033,-6.3796458340283575,-5.935322380248201,-1.76640628729195,-2.470500913191364,-3.8267427178451796,-2.8226556797223368,-3.370684764217609,-2.909650504449721,0.21358775877705188,-3.0176390444708274,-3.5754026814705604,-2.621752400650136,-1.3439374081619428,-2.0125634273848214,-2.859977236175159,-2.2522762749295557,-3.0784834472000915,-3.257776009965184,-1.1782651138361804,-1.4473407481076301,-3.373782865466859,-10.651557358169555
201107,9.185995315442561,0.12593661104811282,-2.3739672020287403,-3.838351132067079,-5.656644649045322,4.578334401339252,1.857174145833919,-1.8273479612412973,0.4205623621346259,-4.071297709535496,1.7986460263478727,-1.2446493961989686,-2.5917412605324053,-1.802553247165341,0.730234198499534,7.6040573348732305,4.4713565580500125,3.5411669018355942,-1.1441759549340906,-3.2544683466714206,6.4576172282818165,3.282907930224382,2.3309898746414035,-0.7952965470789395,-8.685217980201985
201108,1.11901416456153,-8.89144914412572,-10.21525214330413,-9.186848365918765,-14.02977823118168,-8.625056130354055,-8.457005616257222,-11.456211549629773,-11.44305545987112,-13.862789354956554,-11.414329531511784,-10.114212190048352,-9.53005099960709,-13.11587291374101,-12.83191230728311,-7.439299208403275,-10.350251520355037,-10.654653876523147,-10.329888526870727,-11.02290167308154,-6.806400897866137,-9.440999511746588,-9.683972451419816,-11.907941689716317,-15.13014305638141
201109,-10.6660550174403,-6.670657536438983,-7.108382164874552,-7.3500835647836045,-7.5975825282153515,-3.587415328324541,-6.342232957013756,-7.210430920580793,-7.332183130981679,-7.641146250499489,-7.204189196213982,-6.013243141632804,-8.086269675464402,-7.454583962256625,-10.104945733814606,-7.300065090641093,-6.574944333419305,-5.795973829172368,-9.517999303367834,-8.280258936899926,-3.2026579646089104,-8.206431931219232,-10.726211914170138,-8.436669291119761,-2.9125573481878613
201110,22.188013482838777,3.297894058601405,5.787850162460206,4.018368569501502,2.5373895955173156,4.211210516094987,6.916108574309874,6.870551744790812,3.229224336383574,0.11748865622233325,6.895813890120956,4.6166984507051065,4.872458142450142,1.5324483414182952,1.6940122637906079,6.354967377770686,4.211382078424889,4.934148933872026,5.047068680104681,0.05899981544393804,4.59874703916829,8.022228432095384,5.5707387327855535,7.322817324162058,3.0439909849742954
201111,13.793957321676933,-6.737935820794817,-13.940590087947884,-11.487039780661421,-15.136541792575377,-9.327180398441428,-9.101871084767648,-11.803827282624965,-13.74672671453278,-18.233940347708977,-8.1464581301113,-9.195797075300984,-12.557330448458647,-13.84868502130687,-14.23983990030469,-10.501263024227326,-9.937889949475341,-9.66310402312212,-12.950317300686956,-16.097811526577637,-4.264715263596993,-9.861198021243018,-11.549033832104167,-7.883254800082858,-6.182795412663831
201112,1.4145608346394987,1.8331707910550685,1.25633870644043,0.4110633509603694,2.031190550753351,4.267864884239787,-0.3089938238335931,4.4415557053696935,3.1360456858969883,3.8685594909397087,2.2727364262969862,0.7978839246322903,1.8547167696319253,1.3132219017713471,1.8326575943382137,3.3711578291972097,2.16574673368286,0.8452993772605236,0.9804302145974445,0.6969755241169198,2.375020301147534,4.085556780391093,5.00231034766116,1.838140557362988,-3.9928431627822287
201201,7.259698367136473,7.187541976032851,3.7348511580594677,6.301599322074215,5.2016909475857736,6.938584719802554,7.90621025930723,7.337381036470275,5.00958230560442,7.413440027730552,8.335620384632339,10.0120623071595,8.941237359674737,7.845399014275134,4.9804672728547255,12.889420652392149,11.802610332834004,7.6010688929744985,9.924906271552468,8.58406356897487,3.954235867189978,9.59895316081951,4.909033326420531,8.41279228561962,15.093117294699747
201202,34.67647553739694,16.57941705472244,12.505147461139895,16.8151505305825,16.971094942451007,14.658447333980726,13.3068844488189,13.739524692859625,14.60007553867426,16.238408305767116,12.93804873833252,15.090742303545934,9.431742669476915,14.199236975546437,13.254091200213491,15.520959691671369,10.307496230044082,12.984724808091583,11.367194910129225,11.717486200745961,9.623503520005688,6.451704199710951,6.8302376598365715,7.893804809725949,12.399382371901703
201203,-1.9489231109841447,1.2891715110418756,-3.646015277592419,-5.599042038514513,-7.155687672480013,2.6983006119466606,-0.8432065302978431,-0.4796412669904461,-4.669658908213914,-6.226737010853854,6.0925591023854135,-0.5796407723408414,-2.335431310384617,-6.099968137971179,-8.818649300689694,2.253160262344206,-0.46875611808786244,1.5140870887359341,-3.124011553494152,-7.051681419392803,1.211831691345739,-3.9712047799799826,-5.873384317055504,-5.930074731917338,-11.200217483726657
201204,3.583050472269315,-2.310611843628328,-4.504358342261266,-8.104624269353673,-9.39640290916994,-7.39458495404042,-4.276278109579816,-5.73241482383582,-7.866881130958256,-9.197516456156903,-4.008934779180952,-6.958025781955321,-7.0749613600437575,-7.163418428331582,-9.994240218552221,-4.643408025525636,-5.260025131392253,-7.035485776553938,-7.721730336894973,-6.311986462056105,-2.8239143298620357,-6.555420191169355,-4.149904434209161,-4.275084497884668,-8.535411044960366
201205,0.4201327556073399,-0.8188273059819257,-2.779317283094734,-0.8583050772159931,-5.546738951166948,0.1750500556749212,-1.0091131579835144,-3.764331039003163,-1.9570569555158386,-6.929579524203131,-0.07129816069835855,-1.316989656429303,-0.9609269479933411,-1.0672502592209534,-3.404428625445445,1.5631099619706297,-1.0576499672581194,0.3222422604674619,-2.032726082877688,-0.9287393293369243,-0.3727244678029124,-4.99457216257959,-3.4814256229373726,-3.3172417614389915,-2.252769190417951
201206,-1.7700411689283044,3.253505099888324,-0.269489732195065,0.18971126011958941,-1.2158208460133901,1.5070676062388477,0.2427339473740417,-0.21318859562226042,-0.2682105778648384,-0.2665916159344346,2.2054802416394104,-2.3528932293269262,-0.8079586617037811,0.20932091568874764,-1.4956534236139047,0.26279657890307756,-0.08465899954960718,-1.011022988172468,0.735082076805943,0.19700589087490414,0.44959352889984405,0.928041140245216,0.551282490210857,0.06721905969877513,-0.5036237615125625
201207,-2.8318209699641774,3.4630956044590766,-3.2409115088193228,-1.5609188714649511,-0.992237307095615,2.7265816284813895,0.7606606529855127,-1.2010179441643276,-0.42475577133392073,-3.08852883379247,4.779102597204185,1.8042120586718249,2.679434831902055,-0.6079345039903233,-1.9677609689604791,5.226463492796276,2.5356544629290174,0.40100789834309186,0.14264954036020608,-3.5313665110736316,3.8841952551897663,3.5368505457465695,3.482391386405142,2.264978248844101,-9.117781183274415
201208,14.872384310151432,6.154465706168832,5.668940153982826,7.329392692848974,4.481176893622498,5.01639920286834,7.572489710559316,7.137532131270456,4.586208957442109,5.378390557726092,7.459878957696994,4.965164504290507,5.720968921129272,4.096249778593448,1.9648445918438278,4.2577184234358,4.145016116911633,3.5259129562119886,6.949326217970216,2.891890337403281,3.7046827518866756,3.4374317288045124,0.762151205514289,-1.2901003708515488,2.6046876384440614
201209,29.041983528068172,9.360896092796095,5.0941898707376865,8.928138888609631,7.892344422074678,9.558861422688006,4.163654541848069,1.9820638039875849,7.055159354542535,6.649986421804886,3.39641273444964,3.0808088029665868,5.7435037249661525,3.3214759692906646,6.28010124001998,3.234785758432259,2.4323343988939303,2.4039464187079647,5.94827806698988,4.941963394568854,4.368962987470053,5.601212025680664,3.9369791062997224,5.2665356525578915,6.556972751428474
201210,-9.106462705946536,-10.784070613772453,-10.259160787958958,-13.382000033110897,-13.824216775039329,-7.799557865846444,-9.51112087430023,-10.334473293207,-12.310621334560903,-15.580114355013974,-7.09082774961723,-8.509091839438339,-11.242083696760778,-12.74788982835821,-15.365271898970668,-4.651302280406003,-8.203590398693143,-8.797694969052944,-12.09437761520876,-12.00507829634021,-4.203287509199558,-6.749308320345984,-8.336421765345424,-11.424493871090178,-6.685266771822704
201211,7.565892574156847,-0.1364098953617064,2.6942408269373606,4.447333095167746,2.969650976578329,6.376169854715588,3.6250641123657674,3.3242398578842702,4.257047303174449,8.634648526035237,5.65550270040688,4.354702964915083,3.8473810736986698,4.213795461352562,5.45060469063416,4.966368487597269,7.152557458197123,2.9952958438186412,4.9293094739729,5.29907208587725,6.591285746040564,4.808110959711816,7.336100238572391,5.459066849305343,9.23009110506548
201212,11.221422104587745,1.1513953961515135,7.227572787779159,5.056699468376762,4.927736150078737,10.994967621588591,3.2185493072844147,4.651440271429904,5.413851805330834,5.096260719065803,3.0638422966460594,2.463657137022781,4.432804193612599,5.874586396036348,5.447961868615075,4.645163615738446,2.1341425642822265,3.984123035159263,4.675890956485009,7.830623665069295,1.1451963298287497,1.5984799755408063,2.4669604150983258,2.6000693159684185,8.60274494682495
201301,-1.15308718983735,4.795716799308745,1.5163970493228975,4.210382773695031,0.6427164640648324,1.955223896108591,2.1294940040012786,2.919686249330046,-0.7356254729909594,1.180964876511841,6.2186908152315405,5.223098141191368,2.6922995787228756,1.3492080160402369,-0.011671842850104721,1.8174132131302774,1.9808210657756613,1.1929901423792557,0.19709530755704294,0.47222798081976824,2.5685212058783136,1.357048642374069,4.383977838871141,2.258904072198911,-1.665042239844289
201302,5.500805875111906,4.036454832084374,1.8643638642043878,0.5171000380051518,0.9049681768270946,2.1960072673153337,2.573095770435107,1.3233137478640806,0.3856559166441137,-0.048419733865732985,3.2497508262830532,2.20121572905412,2.899003233158348,0.8176432910392984,1.9019395582142948,1.1556347879552813,0.8985047297830459,0.8645857250653657,0.6767252355769064,3.88110902538628,1.5609471114243025,-1.6525378829047241,2.4049857524515574,2.1743893020756424,0.6501332397816537
201303,6.308260688932853,12.66614676357652,0.66257584592792,0.4591198332651856,2.5137249424909625,1.3282704617580505,2.53914222925174,1.9695460073294828,3.145697095890411,1.292506143523509,6.773209019234345,5.203318146474244,2.2242246906918846,-0.24040935284616075,-0.2608854749902481,3.5507391432670627,0.014172446089739695,2.1692970837112355,3.3691545257002997,1.070128744708196,0.3393401515335282,-0.41085882467709617,2.2584823697033287,1.5877061809782222,0.5861953971222579
201304,3.2731021021262885,8.599465772078924,-0.7479112247871271,4.510835185057551,0.04927346296940664,-2.7471163910087415,0.37407057525535886,3.250632054101966,1.069134671584194,-1.7857900846479413,2.8567355036468207,2.285415915948928,-0.7493620722491985,0.5929305624362007,-1.293535002574063,3.1939023567125604,0.5643491436231906,1.4984635088660165,-0.038666054706628976,-1.3077903280338412,8.489640361159456,-0.22119724154060058,-0.8885910840006991,0.26677547334501844,-1.2868787258524077
201305,28.392771649986713,4.300957413600892,3.8521751982324783,5.64852120743034,7.703465121779528,17.530428107011268,7.342082987838282,6.092359995497821,2.265022208624152,4.667510340169908,4.737675103503567,5.54685203136393,4.814020210501105,3.599506892536186,9.609056821057404,4.682463266356058,3.581854951549734,3.494464264619362,3.826123249565649,10.081840329618936,1.5043478380613435,1.320617022853169,1.8255661113985688,4.929730856599757,6.591820013803361
201306,-2.1060104941365134,-5.50839512930861,-5.481421345364136,-3.6292089449541276,-6.329033133778186,-2.4928709676982823,-2.798662145274167,-4.679250833746299,-2.5975693885674622,-4.832320002612357,-0.9878011310532828,-1.490181590495878,-2.7233791304347825,-6.374306248363243,-5.784716968669669,-0.909028452205316,-5.205399007226556,-3.4294292586582626,-2.6578599153384306,-4.4110327854980715,-0.10616058925169637,-1.2265945953347763,-2.009132386416903,-1.0775551568429258,-12.434968983115285
201307,-1.0166621444882706,0.7206130184174627,4.318897948175854,1.9756262772913664,1.5187557115952133,9.872218826295777,3.6395736298980306,6.372902749837108,2.1382906647943343,-0.11577716468326155,12.394082796611704,4.36293717706749,3.610408837200878,2.821254379550831,1.8848245530133154,14.830437312455816,6.443160776767304,2.422898019898306,3.1332450830159213,3.3961282052644064,1.4838689862608856,3.987598389972595,4.465942155888446,2.5016848868396817,-2.7356572229959255
201308,3.2506520860839716,1.6368773622838761,1.6498012127337036,0.9629380333766362,-2.1759562791893976,3.8449275537839265,4.0089432643935154,1.959443569057665,-2.028199609550696,-2.9652867591412004,2.1207943082601073,3.2774324801557455,1.9032424132679693,2.285562503183016,-1.9761307795880863,0.3009479952625351,4.2636060578812245,0.06522547195494954,1.1282187825653414,-2.822017387432866,-1.300443251150798,0.8795595454807068,0.1659603287346751,-0.13734706848261755,0.7034126131197858
201309,5.18771377540107,5.480221816932638,3.4295948374518934,3.6046313184673053,2.5743398961272117,6.0079045424381885,1.6364424958660484,2.2553489214029154,3.205739262497591,3.7255598339518845,3.835815123987854,1.5211449169559177,2.836495677266492,3.3987203151986183,2.0741277810821903,6.3032336000281965,2.190791343451973,5.367618212692208,5.114503577909208,4.93754600366305,1.4302372769536775,3.091518842153052,1.4133735126289113,2.4911456374023992,0.5823986447167783
201310,4.232362634408601,2.1630341237572344,0.3537874930220139,1.6135727456623292,1.4733947910160317,3.078746226857278,3.62306474323547,3.58602569535269,4.405647404300759,3.737184565439571,2.881588168637312,4.826110186989625,4.963270758110551,1.8768748160994457,0.16640148935735705,5.332615284410403,4.952947607128514,2.3082538868511895,0.7672488237874779,1.2441271237124818,5.838295720609539,4.309634012883372,1.1025393627605162,2.848099782578034,-5.469022341419986
201311,2.1925909694555106,-0.21550507677229686,1.098788682629554,-2.049202641190335,-3.1551830265302683,2.1607686465796663,0.45546061772392465,-0.2179873622530185,-0.7719061224489798,-2.2335457087888493,6.149584203453572,2.1186445589488803,-1.6727151743654238,-1.6350602345206262,-4.024581910364351,3.4457612716124397,1.2067813682198496,-0.5808036457506955,0.43548500317977584,-0.8479867148377471,-0.27116182179190146,-0.043231260352452956,0.7653996868027158,-1.4828442512590527,-3.4274338650339162
201312,22.896511978905075,6.090802785409997,5.986644739028927,5.943678787420337,5.652374640966987,8.133832650911042,6.937766965915258,9.278673814200896,5.898850744673543,4.078207492463643,10.85409548798454,4.20423637402156,2.6389729088328826,2.7360558452393935,5.0385745315867005,7.151607154911344,4.306621557881562,2.5903555131334235,1.721200438691186,2.5350464147330145,1.7938354152271059,3.44296576454617,2.0229587553203583,2.56708278991201,3.801671153506669
201401,9.792924148663491,0.24346299673564112,3.1966464684990474,4.900122060494959,0.5613101694689795,-0.030175098806645817,3.845460658377618,-0.7633916798456651,0.8376529723430005,-1.0266866549433373,0.2365563683592675,1.3296385688760632,1.1919836672290172,2.0743600134599816,-1.5049508252070738,-0.3507161057344199,-0.3941108153582498,-0.8869414008297101,0.49224757226348403,-1.0254756890758596,-2.0580024719252354,-2.5283718376985687,-0.5730794010606027,-1.5340567597320607,-2.3696430877268875
201402,2.353181722912966,6.892819821240798,8.676622569903683,6.111743172637633,4.9388625280891665,6.260302086168274,6.107899370098237,4.146192490443987,6.1848797751199065,3.2016237587190606,11.735989398647154,5.6322413388591785,6.780166028183716,3.836635081053845,3.1060861930376764,11.19796571542133,4.39581489210289,3.658034319867376,1.7380320493525458,1.204404396149424,3.6926892697092257,0.5348654595265787,-0.4511553730505215,0.1793171184851004,1.492172411260048
201403,27.169712984997414,4.350725861351338,2.676645022586268,2.0970570565969715,-1.4432646632653061,0.3529868197359225,3.02656181618232,3.4508540951874207,2.8522335698958843,-0.8075966395128124,6.087311679064985,2.506916334265514,2.835301409776785,1.9458360307552174,1.1662285347892725,5.304554493025216,2.943565611427359,3.5138601914409002,0.26069526001251164,-0.6237685218309014,5.597877437271665,1.0147044937392067,0.2112863526024551,0.014020799394791174,0.32621229109104133
201404,0.5513323882450333,4.34860265771954,-3.7959315372332143,-5.397736334289227,-5.76805526565992,-1.2410065862727573,-3.4857275453052723,-4.441580094494464,-3.359435968348859,-4.439758424550278,-2.900454666484313,-2.0075143496696497,-4.152397251570561,-2.95587281435019,-4.148771632341998,-2.593454488783489,-0.9701713169434065,-3.9238674345244484,-2.1904721411255785,-4.504731117011916,1.5106673599581004,0.22241466338939153,-1.356490262730203,-1.8306717277367832,0.7404442431171064
201405,6.230881785541001,0.539049980019714,5.059629373231319,1.9615768853951177,0.8866112306966731,8.093047462017433,4.164884193066348,2.9418154229150617,2.5965167506583327,0.8891678784182774,6.535805465984398,4.97291879988772,2.8312997798451502,1.9805887496897516,4.929535670381381,8.162180424815153,4.744027905987263,2.98095628050675,1.1095222015754027,2.1373334387013454,3.1112632981246007,3.664578951955602,4.350964352362528,4.443073142150376,5.376544915694155
201406,5.389102177038406,10.092307948308662,3.4743029104938272,3.9920031359327135,1.755023594056975,1.903997689517754,3.987410181613005,1.2718256921662712,1.5037084050069447,0.5948385177616515,6.201897393790722,4.043375616939673,-0.18542988382377795,0.7352295695145681,1.2127770644961409,4.684380273100327,3.23794264068959,1.5498525227207018,0.06398597009305575,2.5065569253091335,5.181294675274783,4.777050704624337,1.71872757790019,2.7404232018819075,5.080651608341334
201407,0.5998892222594703,1.172299326872247,-0.18150516242653147,-0.27022745604265813,0.6807568284569794,-2.5695083007578776,0.17736943167746702,-2.1135815640924265,3.188706087095416,0.3610000625518126,-1.5980110003892847,0.8919088327410577,-0.5385166597048179,1.1615850455275243,1.9933276741371169,1.7653024676058298,-0.7067372952713225,1.388320398980051,1.7465519212458411,1.0071207858659974,-0.6200021679349621,2.556882698985667,4.6983740259011215,4.528536113211278,2.7498990899588924
201408,-0.22457510497087999,0.8800659978862381,1.352050687848361,-1.169084701195219,-1.6234652035900565,1.2083781866612944,-1.4696991671239956,3.1654475389298335,-1.428413459561763,0.8036687154935315,-1.9332527789382146,-1.3659824448788316,-1.598258810500916,-0.27655703080065386,-1.940149330373523,-0.6524602951830922,1.9622881086264485,3.86913834644105,-1.68434136739227,-1.4505811820554049,3.268893573999368,4.312190863920115,3.788628779739673,0.8737263315372984,0.9779272841209434
201409,4.786346806214933,-3.8854253269122005,-4.189701993314855,-4.628587708244752,-4.3589146896373725,1.604001818368137,-2.0792838559647104,-2.66604334601609,-2.863571906593108,-4.747869374210379,-3.705624221149983,-3.3254273165037214,-3.7765746220413576,-2.8752049953672736,-4.7618397697670645,-2.144094385772397,-6.218307242484048,-3.624035679468397,-2.831256185680064,-3.071128199948508,-5.012730422742907,-4.6885498696832215,-3.861506953076213,-5.779915244094002,-8.617045911466882
201410,-1.7370822534197259,-6.478891053620785,-6.562066652155809,-5.794929599980112,-9.01181077204565,-4.990626774517714,-7.619173835954489,-4.4971442787152975,-6.674982783874268,-7.153309458528182,-6.9330666402564205,-5.430536942175853,-5.808373431140162,-6.054477207026064,-7.713568590889741,-6.531894464086379,-6.011267017137449,-4.402689438119243,-3.841147259994061,-2.9600611626342004,2.5800449518353084,-0.05177386655733637,2.0559063269430484,0.14818813839733283,2.3871464151648336
201411,-1.5598711005164876,2.741326060172707,1.2172094731034484,-2.2586412440664128,-0.8689196519255895,-2.506417694065401,0.5343108605286016,1.285823137258781,0.17184298577145385,-1.7891686455121696,1.9730007325589685,-0.34998945119816355,-1.30998455124948,0.2858497540476804,-0.25888229246995825,1.9861188265915195,2.424937286278376,2.541056192877156,-0.13730688888824671,-1.5320096449514047,5.320531511711413,3.1641160760928106,-0.519019153146396,-0.8302351513601791,1.6687091659347817
201412,8.396813114484573,8.523574382035857,5.779183415016225,8.5153138827783,8.045834573151302,5.112866468585164,6.279374197527897,4.122763688259895,5.8694829803093365,6.0231004519111675,7.171333591768181,4.7603168926161805,7.473771418654264,7.7181701796781255,6.256247547908928,4.3341938410890215,4.772512177338105,5.35993599174698,6.291189365041357,4.61264729302845,1.339382674838593,2.434094729176402,-2.571644682388604,2.9785484872078496,3.996564469598261
201501,-5.924957704112953,0.9716595490921608,1.8261321202315304,0.7369282932826643,0.29980559109973715,10.329619361644415,0.013650196227563076,0.17143265857755577,-0.5206722424526308,-1.533596129021109,-0.9135557315100893,1.121003125766611,2.567365789725307,-0.024823176034028064,-0.23068913391438464,3.012289828446162,2.6412492814151998,-0.06917311701977365,0.6245436918239322,-0.5701211971081508,0.928596354282416,3.5163471141901885,-0.6574347337608925,0.4760939875761497,-0.6340414553347844
201502,-3.156832893372301,0.7179926629755313,0.3773899754809506,0.0975052323352785,-0.6404176076668243,1.6816942831013826,1.0975956711838406,0.5271466830105421,1.2176332708935993,-0.5547509693304536,0.6220281197193182,1.708650286247002,2.043902384212789,0.1120052051096333,0.7829093642418918,3.243773566842267,3.1251691360856846,2.2538433496872776,-0.6866762333584066,0.11472022943913572,4.081527591451666,2.762742016703406,2.788507156822809,1.5852887472038808,1.7303150357709598
201503,0.5199806056527592,1.5729801628727988,0.5259569632204627,-0.32467539919002336,-1.3125184846614726,-0.3083375821271552,1.5493489442263466,4.076681170787661,1.1840624300128526,0.3372953519728151,6.617542784850352,1.6099208297872338,1.4721522678090602,0.24545625186324935,-2.1191264492072444,4.717743243705497,1.8036378659956924,1.3774932459649896,2.1101770172489878,-0.6309456947936469,-1.0802712443878253,0.16493525351038874,1.5527910352509944,-0.6397481378197428,-1.4638693211098577
201504,-1.4636709234775644,1.185205139909133,2.030323463045802,5.4267828403666805,-0.3223949906892283,2.1504780415430265,-0.1405013273366341,0.6236566873860272,-0.08005245011261852,1.0269308564963942,0.5653718616859184,2.993571684955677,1.1478863712846095,1.6602403811689,-0.6728322536707476,4.977102548707559,-1.4395588770779146,1.0067258464696696,1.8786614620486288,0.8130516376096242,2.343632079743222,6.316945810416552,1.5463617895054709,5.214401195044388,-0.6223484777560874
201505,-1.32980954092109,-5.987570793343314,-4.227557038114635,-7.3386599666103045,-8.918427189988622,-4.116174144668872,-5.819135046658693,-4.705712549634839,-6.455407685717782,-8.308734228617983,-4.47087021572479,-3.6935701827940886,-5.98996364123316,-4.870960774629913,-8.383795337716677,0.9733077662844217,-0.8170343920226714,-2.845674089639857,-4.366981830217176,-4.7224535278103446,-0.08351293224206012,0.6245005324526107,-2.7893242045805584,-1.4251421135483393,-4.174679378141334
201506,3.332591816870944,-5.0359501275055525,-7.07329356907139,-5.103651247007183,-9.2586172362976,-4.276956609544469,-5.262175942899365,-5.19209375587541,-6.02094952670197,-9.24724380463339,-3.8763852537153722,-4.351653270461704,-5.291647373761589,-9.256029217476984,-9.640656744056942,-0.6251680317663451,-4.120241494265528,-3.465195865481056,-5.939021952291836,-5.662026496254287,-0.4466247164263057,-1.5110269804696712,-3.33910836870934,-5.753941857737527,-13.882104061276705
201507,-6.502416311424241,-5.834814262517634,-10.841417158722303,-7.783338988237981,-12.195269587831206,-5.283044910543531,-9.40263117219717,-9.035956628912462,-8.521834128933676,-11.319893812910642,-3.3356344447315722,-8.52435092242574,-9.808103635237927,-7.188739966516717,-9.560472321696508,-7.649708274562342,-6.8587533756923875,-8.848230261408272,-11.817836008810735,-8.700521750851154,-2.3657205966756303,-4.6038618069624455,-3.832492382476151,-5.575609671955561,-14.352802406601695
201508,-4.8819959686774945,-6.929080383074954,-10.518800264148451,-6.076424682819022,-7.313218332552145,0.27679641578579506,-7.71717638477715,-7.2232601545242305,-5.683781022079183,-9.425505983335338,-3.077234526072117,-4.788518674254642,-5.474162554919134,-7.055558583388705,-10.879364056881577,-4.9073308211308575,-6.189485902486628,-3.261889684783718,-6.8074701865755545,-7.31305041052573,-3.0850578627577816,-3.965055297719107,-6.26506768642842,-5.582608266440508,-5.061291453446476
201509,11.864042924385059,8.695352402073732,12.065135782172375,6.50415850742431,5.063232025632745,10.26495695026455,8.188804103815007,6.491300212041257,4.146118353106189,7.155458629813642,13.107054569888957,8.31782973407243,8.134189864769723,6.9251928408059324,5.775776744913928,7.4576505208998976,8.646249973799389,7.126897342413986,5.6673580395453325,3.2035418119215904,1.0562180113887225,-1.2966223239381942,-3.491238964739462,-0.9686088895217614,2.118267751944003
201510,13.945185881817148,7.28897565642495,7.0228233774865885,5.229531886065278,4.370396654515998,10.554915302587787,7.057554444078171,8.842029602617677,6.271190934217266,7.618168041562004,5.69124076631552,7.917009388126642,6.88578089860515,8.519149816312012,8.325690276512981,8.338697860478343,10.682675069686711,6.310403745244866,6.443989576411961,6.199092067440169,3.506476667296659,4.411930217025569,5.402736753076952,6.533642176981062,4.669495379013716
201511,3.534519470720721,-1.9772924470277087,-1.7979637957843815,-5.339347818742345,-5.71363113429433,4.344987618980221,0.766039355205227,-3.3386769134056267,-4.948322992376934,-5.698029446435258,6.981746361174306,-0.10754858097096534,-0.5460406129058759,-3.429187389971578,-7.1871644224267195,2.1899916353755566,0.3236160638133388,-1.1970432811890204,-4.466896243663035,-5.4801601274827645,-0.2851712736730769,-2.609963777199797,-6.150222208792787,-6.012189165160051,-6.635619886833378
201512,-5.800891006793065,0.14499861714387013,-0.22726450992479327,-0.10148052546570467,2.5193491601022084,-1.7283560519017434,-0.38455634161247076,1.1133391419408374,1.4387938843222712,4.045614066970314,-0.4762911267824793,0.7953164095565747,2.2619268980871023,0.9628339775344601,3.670174167465334,1.0222694251803666,-0.9742209074268201,0.9654895888787602,1.440753066587297,2.258270695708021,1.5543681962858924,-1.6236193090139002,-0.2331085727497749,-0.8067476427396234,1.0396558966323408
201601,-0.14376230956733707,-2.43226887434865,-3.125802480046397,-4.486113577793308,-3.82466692669805,-2.7491645291213476,-2.767278221841684,-1.006259365529567,-2.0491152363290683,-4.617526061046114,-1.7833408921138656,0.126784962448912,-2.326125825619354,-2.784149641060143,-5.402838786955338,0.3294928767824764,-1.4304793437100904,-2.322726446323558,-2.14258458268912,-5.089402086782643,0.0976681648390739,-2.8211645211865974,-4.6550563061016845,-1.412249468212232,-5.810121529884605
201602,3.8638116377706675,5.457942870165842,5.3553946353381505,4.462053217121295,3.038813868507294,3.9630481271904925,5.294843980057891,3.063975194111221,4.929447850342884,3.459132389115715,5.519354125719819,6.141080759854114,4.5740436640807784,5.874117874315914,4.177236144452076,3.990581988319067,4.236917416571169,5.5620026426613505,4.547102755135263,3.699040520207466,3.309357583849105,5.082327566590731,2.4316295090438094,2.6756961350680095,2.660159015199394
201603,-2.524762339615963,7.4118620380037585,1.491211552305643,3.5613015281072427,1.7999130263332792,8.732710259902866,3.1153153460945835,1.0053467931561841,3.107609677852124,0.6734015110719807,3.3005609927501625,0.8665428973263574,1.5117953180572834,6.707011267715475,1.3813148343323158,1.877877873849994,1.9891409636832513,3.2376672437443457,4.542895055098528,1.6316204607943485,5.323779835789656,5.51442530063896,3.1130015227311567,3.6125682290768864,5.143742586077886
201604,-3.3406705093451277,-3.4085108396085153,-1.9259614155468727,-3.0118330689172463,-3.536679218808683,-2.609953038583897,-3.275128176499268,-4.637098099963585,-2.4948278192586986,-5.0325269296144635,-1.0593191883704673,-4.664643077606072,-4.836219372527537,-3.697205941904836,-5.17677555267559,-3.0833879676037754,-3.319473190893564,-0.24745991870219333,-2.2918111884578476,-4.630385585147744,-3.6963678468706127,-3.0519910026807224,-4.390921818043828,-2.8679986965632556,-5.38345050715923
201605,-1.9048611671785873,-0.3707262742303307,1.1185823579988177,-1.853353353392396,-3.9635325177261977,3.6348658117637243,0.9171787566095809,-0.6683577282258477,-2.202687111148737,-0.8475786747645693,1.0964214543908144,2.112629910357246,0.702127642456022,-0.8059021698613118,-2.3748985843865373,3.0894149535586224,2.2900357089718173,0.6955415371527928,-0.9649281281839794,-3.4603140200741245,3.442531248925845,1.2811234898689356,1.5829776807515987,0.1293620128824477,-2.2404780020243042
201606,9.249946733893557,4.705897964740013,1.7311672789380637,1.2867503683411692,1.8130905358219853,1.4366798563499834,1.9128303644395899,1.9666627882747163,1.0269680774780678,-0.41390712206608593,0.698732484346978,0.7946934256576419,1.591512392730276,-0.16089721378228272,1.2529598628273437,1.0647924847575556,2.179627826483099,2.4704577652479385,2.79809743395741,2.1203002865602842,4.651179532798113,2.2806080985538393,2.0390436411218107,1.3802845054252748,3.160937133109052
201607,8.83988002511511,4.2570230640548266,-0.30181591756310566,5.67797513657375,6.690044250735209,0.5537082117557767,5.087869898997047,2.9317712283891173,2.674745122188645,4.043574780694794,2.4978230444271676,3.7035367319588173,3.257568778828962,6.386324208568618,3.680171672976913,7.507834397729464,5.296425809244409,1.8471114165154554,7.548029290657729,3.529887330819473,6.282832575910788,5.544376840270821,5.657620133755989,4.408884879100104,6.613456448526014
201608,9.566610184849582,0.853154609929078,0.7611025746008047,2.3327079974974443,2.33096180533726,7.12122681632119,0.7294378613172031,7.708893973367552,3.468104299062709,0.431590102245876,1.6566445694018128,1.6615303535181214,2.4832380060220816,2.0308107588766444,0.8165622714578291,6.4613483160665615,2.1096309944045144,6.23348011816905,3.3378930706548395,-1.0315944467797897,2.3324464458051697,1.2690183924780156,3.6431776865558474,-1.168440446731918,-0.8929967367633399
201609,-1.7784699437985987,1.5378644231904595,1.7966967009821833,0.13982020520427718,1.9476101842156928,1.453749931034483,1.002789030261348,0.48075671050729896,0.997135395451387,0.8908823420741492,4.302348631573258,0.7794941501382311,1.039462118285254,0.00874380160446301,-0.2196578295272153,-0.8991824210849101,1.5135176910888395,-0.13837699426261188,0.588196205391098,2.021825691971374,2.190593687426556,2.5444012064467505,1.707713249512308,0.7871969478675681,-0.7786752154556924
201610,-0.7975404366571877,-1.2303767995350117,-1.7371931363862296,-1.816592214015119,-3.821139477159493,-3.517253222573675,-1.466285275954695,-2.4410589544688026,0.2952151991440221,-3.0971464489693257,-3.297544091689866,-3.2110900481390807,-2.896133167446116,-1.9358857712582294,-1.9316488715460873,-2.9481831259263043,-1.9469253619030087,0.5814636485216615,-1.1496841196029395,-2.4398652826100546,1.818145568871815,5.552049233741066,0.6964899498651884,-0.37576304328068183,2.1409100519306032
201611,-1.2794145146697686,-1.111928166995732,-2.1675604158110877,-0.7673883090339285,-0.925930749513117,2.8314367983040403,-0.7287189062995231,2.400600632849771,0.7815392692440808,0.7807782422947819,-0.9529812162658938,0.20278050469234127,0.47209488784764575,2.780071508564692,1.2778421907084188,-0.9851309482177326,5.0113268265487525,0.09434771419848288,2.5186570267178974,3.6724934476962705,-1.5682922465359135,-2.4737421168901563,4.839485798175428,3.561008293130604,-0.2181947387252005
201612,12.586963376653786,5.605914554429418,2.9856969039706143,0.47737474515673056,1.0490196748847798,2.36820518148808,2.1475106536431188,1.4866916180716754,1.7792809978491821,0.018920719596723305,2.6683779925902043,3.307363343047461,1.9747897422992835,0.9379653072518584,0.36072018594823035,3.821166169856878,2.5274575812757507,1.6217457161796272,0.394493999417419,-0.4422113349372465,-0.35277758650247554,0.5156010888275904,0.718720818606543,-0.30076260727273396,0.7124325650649043
201701,0.3832625056399459,-0.49310404869966123,0.952259247459267,4.874422731667523,2.3032618088842005,2.0376182333437245,2.1402045675476105,1.1855360824434173,1.6097771455068812,0.9747548615140614,3.0760202745743483,1.1397523219552912,5.297700071361692,1.3930958519218406,1.4964850597909927,2.9503293486552957,2.7369144004530828,1.1225129197779151,5.093118957731097,3.453289468817732,2.5399453986775384,2.2497189241613156,1.8770227196092109,3.5918667011220644,3.573813038535437
201702,15.173296567014734,5.103624647981047,6.5109752461960495,5.350678844589098,5.93725749136127,9.513288085941985,6.764073853471718,7.536930676666725,7.204272053175562,8.118906177682112,5.31552963802354,3.7163643104087716,5.864274618912791,6.433391251185697,7.111604624072124,6.810794470224821,5.276987197645945,6.566992034476654,6.833079773721537,7.305938653558493,1.9898279436027067,4.2060895445564634,4.3671569272265645,1.8082025263336328,3.4416423577086657
201703,35.82900422889044,3.274226357976861,0.7521768319308622,1.1770291615915551,-2.2818605339225995,3.078205170189541,0.8585991238802402,6.279287861868806,-1.3076985375244965,-0.5349341252925447,10.328915189426471,2.4193360449683166,2.783913651499521,-0.3692169976567077,-1.1435143763160058,0.9319925027176719,-0.3119429938763697,0.08679508684046518,-0.3319497495840773,-1.536548308952642,1.024156695640848,0.8818255477863616,1.6815815739030193,0.9577657094798863,-0.16814583853853562
201704,7.615341726618705,-2.614964286718992,1.0934224790174505,-2.0201741641891506,-4.082588477155547,9.974191967256058,-1.0591159832889727,0.6651556095905906,-2.676999502898945,-4.631647020458671,1.5987671911489696,1.047351126435976,-0.6615994815121602,-1.4379706118496267,-2.7461670504977014,-0.9046525237798425,0.21105190395518045,-0.41906919164306766,-2.309056663321845,-3.92042841791091,2.247125332262488,2.7153230276425315,-1.142782029311564,-3.5231840514250528,-0.07768728960649193
201705,-4.721712719923918,4.03066610125551,1.7500618760285247,-2.7766483390590424,-1.7398169698044084,6.181926871914592,0.22421243808049532,-1.1458445474470913,-0.6128077048300229,-0.8794602060435321,3.8030764989172234,0.6786828095646308,2.4697650229659915,-1.2780310426593595,-3.819422448793499,4.03019564162172,0.7794149264589745,-0.2781390449301671,-0.2698352795954394,-0.4606692106746987,3.5991516667149,2.1040303113448267,0.17184268130192415,0.9280179048905357,-1.2717331868673563
201706,10.693061277784526,2.6319304759009694,0.4561223370573071,0.21166170330124934,1.2356838424821002,4.066443951158005,0.9229184251076367,3.1639991385498925,2.440566207720405,1.2303941472051598,1.9499052087128261,1.9402144003146784,1.7684217688087969,1.17686484337802,2.5164983972671844,3.4710379796604474,2.897009216678895,2.2657820810696254,2.9127835685836314,0.646977393654607,4.378845894391622,8.108283427079407,3.423279755088259,6.104738487662242,4.910412199107723
201707,5.306567263560501,-0.09752935138612709,3.802060560344828,0.6550635037464357,-0.2867245147432581,5.109873927486146,1.0624288827307362,0.932268177857509,-0.45840328533577124,-0.02805361876975898,5.020214865925712,4.337299239345865,0.0788690144853296,-0.17271694432602944,-1.0870105865177182,4.801035057065019,5.522259090686993,-0.5151969919370436,1.7424688843997886,0.0971436010068958,3.0245131908790017,3.5722473991717734,1.401397846814783,1.547317470378731,0.12661655156678786
201708,6.511695602887656,5.706502918929402,2.890193159387628,6.444121501353425,2.1863437642302372,11.511390328578246,4.668966632465353,3.5566462995855535,-0.12579338245153457,2.912435037623691,6.891830737943318,4.227166067203641,2.4890208962430216,0.3826439001415049,5.354000492551222,2.4954431973596733,4.262783574727363,6.192902294664163,3.4454974322367415,4.268617073309657,3.1039422473455143,2.4015363368146585,3.2833414653972754,3.416951333815121,1.6220495013082759
201709,14.541259241982507,-0.819970843959433,2.4521893138286677,-0.2361320352042297,-0.1239460415434242,2.258268965833464,3.3346577889008064,2.2750305491829317,-0.6138244173899384,-0.2904272165182369,4.99306695600671,0.6999258641372783,0.34316375998502563,0.2733313931621296,-2.071071144135487,1.7425407490570832,-1.9667656095412647,0.7068920344442507,0.5335594982333619,-2.0543508514276203,-0.11463251945674251,-3.64040566565447,-3.500034404385098,-2.4371808036049947,-1.083634862954333
201710,3.0430144141252007,1.786006512930683,0.2734262486268766,1.383861238410389,0.4967598583287711,8.35857386681004,1.8594656274938286,1.087342044844465,2.641447492379038,0.5402223840434321,4.381158723422261,1.995232877655031,2.5095272928734085,1.6717504188924652,3.526245130508333,6.30684673691706,3.981812201716935,2.4545963589251603,1.1166790702171072,1.499085464204019,7.05686756425993,3.2170465188860486,0.6182164264179599,2.416598687851372,1.5547738324404048
201711,3.0485537212139704,-1.2201314462657704,-0.2263430290198451,0.48164393977206577,-0.727734238623034,-1.1405864766710907,-0.9296338584303704,3.259828941892108,2.052211298547802,-0.28819157183715705,3.0051888454516344,0.837644458715062,-0.8300766298901981,0.8074249975564669,-2.3831458773386616,2.146712160685684,4.8901994073332276,3.8925397356936404,-0.5368685328185331,2.5491118937348602,-3.093324185881463,-2.076191546680622,-4.820702815633888,1.3288683114485753,1.805659625034118
201712,6.426318833965418,0.690252558653728,0.6489036563226388,0.20183318355899993,0.8789346772331142,1.9636940938938323,3.7984904109495248,1.2639005126850413,1.9334874536160251,0.7489488774187576,1.9655732013983918,-2.007825253681451,1.6626779421227347,0.3400007156492826,2.7598882258327566,-0.0536029030655387,2.8828170688831007,1.0144305794817803,0.5650120191171315,1.842226207940218,1.1547886672479963,1.9912905542804415,0.9557503502895967,2.7642197594939937,-0.6191329808075692
201801,-1.5223545822971347,5.211693083144316,-0.2095182678884634,1.2344068431341042,1.9282568452703108,6.830268236544886,-0.1968441220128744,2.150939388509846,1.3357285354823125,0.5122496483575181,6.533729874406463,3.147698043487099,0.5660399290876149,0.7975498665778493,0.09070093746470421,8.055717630828344,1.823321779586664,0.847494226403817,1.680616311305504,-0.27696232100114476,8.14802750034179,3.496001341125084,0.5944252220380697,3.6717598135033747,3.506484064279884
201802,1.2096023817399928,-1.6410294019435765,-0.608368721913695,-2.26221281626127,-2.4479385275471963,0.1384847265181473,-0.09729040090435638,-1.652876250485856,-2.788101620836375,-3.3925343569180795,-0.9398916835913587,-1.5303948335541047,-1.3173221967475097,-1.6727731616979555,-3.9486738190582833,-0.4540751157651842,-1.4675412136662964,-2.4871687607559485,-1.651782919002082,-1.8606774859573272,-3.4260621625910432,0.14477965163893908,-3.291995638023867,-1.9765173711539923,-3.1773133356850756
201803,2.572835657142857,3.7983528931190675,1.7703671424404477,0.49567807092987964,1.240033749421564,12.733820848313526,5.216994368959331,3.618125468516957,2.180446510750376,-0.9095114710058718,8.91366290978281,1.6815388590971372,3.2693266911521506,2.1722715836269892,-1.1340368879413856,8.891231745525712,8.995194303039066,-0.3231955606404366,-0.9709335118850209,-1.9956944633072142,1.443478071985244,2.5054084022066654,0.3411340438547423,-0.8025337340986872,1.5154905784031192
201804,1.406972349790529,-1.761534970030125,-2.7818941200471485,-4.27997078437772,-3.400228791273328,-8.14250808041917,-2.8940970399990094,-1.64689055090963,-2.1672126694796483,-1.6406922615058341,-1.9905949180477978,-1.7841132773611204,-2.0689573012234623,-0.16533154267887082,-3.015929853624332,-2.8142398084494884,-0.4332272848340927,-2.9547133485999746,-3.423761386258311,-0.18336589560137956,-2.91626676188856,-1.86736274865208,-1.7612346460398791,2.1096084112155196,-1.08515502530111
201805,-2.9748782791018633,0.09399619982158784,-0.6110019904729503,1.2085818114091105,0.8829859976621861,3.9745399914784834,2.0859070711439953,0.9537444314227832,0.045096946479262046,1.966472946977402,4.494812830696967,3.674584849920522,2.734876578736089,2.3717457159626845,1.2115861828641272,10.919998119863724,4.906445004832731,4.600746450473293,9.697273081860374,-0.0013478709344066145,4.515807485673655,1.4380985292982351,2.480543808104824,0.40534182898430227,2.3234632597155196
201806,3.4322613606498624,2.8592716801207434,2.5746316995594536,2.5195933199085125,-1.2800637042578555,14.836248880426954,0.638501608331685,0.24737648847846183,-1.1513360851854235,-0.2781690771672481,6.276118094967137,1.1005600595162455,-1.374959740234432,-0.35191305259340183,-1.0929365330879277,1.905511458259281,0.8166418366018634,1.5497705720523565,-2.024650285499409,-0.5466169187239348,2.2370347417448757,0.9795994893517161,-1.0674806091791091,0.6402716686837775,-1.6330095734385661
201807,-4.010730191972078,-1.8243120512004698,-1.8547192564573651,-2.191894830643618,-2.565834597864237,3.42250028690406,-0.33522859463744953,-1.8136095275493929,-1.5731037178127107,-1.4645719356055484,2.0435780779342805,1.0853962811240305,0.03419773285056021,0.7763719221339528,0.16956765309395982,1.5048444865060902,0.5652532495791951,1.8459076608604084,1.823097629553871,1.9402438919330496,8.267333951936466,3.83390981456226,2.9895415131955847,3.3174636739490166,5.601409247823942
201808,-3.050493462796985,0.7529988970851537,-2.5774705474860333,-0.6278180274231102,-3.770041448158065,-4.00151771697153,-3.325996527839325,-0.7687447742401298,-0.36166515457167625,-1.7521321780543075,-1.8608263401008915,-0.03634747132214785,0.22754159453488587,-0.8857181475224145,0.7505999723140733,-1.5402067503924646,-2.1357008455596325,0.5031338890192807,-1.4790064320032053,0.8107849681165928,2.351726879578498,1.742683738838998,-0.24331121961099333,1.983047379368445,-1.0258274197830954
201809,6.336821552787369,-2.0507013736421635,-4.1706819817416,-2.1936653314073,-3.7388200581986246,-0.5187852141972645,-6.3054972171799974,1.529147232805381,-1.7044121631449027,-1.93871267644342,-5.96777331897174,-0.825593841082931,-2.771792335703139,-1.9462619508634589,-1.9360032006007597,-4.743047417097175,-4.039488398299432,-2.6015929228795347,0.9531511527259081,-1.516706493486531,1.8473429598347086,0.021383235108037673,-0.10186523597414723,-0.48310146740354504,-2.164660323155941
201810,-8.871721409944367,-15.915019207994074,-15.678770935760172,-14.064083432786823,-16.13947036570635,-8.317223192041155,-11.545300104896288,-12.86429702097428,-15.41420757656023,-14.858879903418218,-14.687377569788552,-11.822535641186668,-12.122085563133444,-13.274902633072006,-13.718803132448526,-10.664605174280643,-13.60045913642869,-12.821489769545739,-12.858401342364042,-12.827451232339145,-9.58069006568465,-11.070353685744982,-7.1097269813997395,-13.109501602032216,-14.632054866842987
201811,9.442371368814525,6.162564087526151,7.538659233338337,7.074229495117006,9.236614566025793,17.326249369730363,11.096683848261666,8.202749589732475,8.037383460497836,7.499330422828415,10.473504617607865,6.726532214092706,7.01964636355469,9.129251027011746,6.53475045467533,13.268706245699674,14.019808905555381,3.241347378140494,10.055776934218137,6.618754477188231,-0.4099710118409786,-0.9560683910713241,2.62212468122249,-0.6425509639103448,2.6592683421852232
201812,7.325348922872341,-2.589999387703345,1.0984864954136158,-1.7827181562505263,-2.9147787145810957,16.74634447891147,0.4359202642768963,-0.9678104756407901,-1.0010954123560056,-1.7552795752391843,4.167960763411945,-1.4983329858137868,-1.4892950741593836,-0.23736365322492659,-2.185231623989971,0.15163559674856944,-0.3766576514447542,-1.0583386661422474,-2.2673131094729997,-2.210768805051378,-0.7024854899157718,-0.1411505525312696,-2.175829097899299,-2.8167434197530588,-3.4077697070609223
201901,-0.894589608481159,2.2986785963827487,1.4457800735422872,1.769143120873985,0.47506397205923456,4.385075215270669,2.228849243733253,2.893431311800794,0.8079158452269894,2.306364564582059,4.439288967779295,4.398998892267031,3.8100595016661623,2.6213799013539747,-0.4533763876285541,6.659941500503378,5.952810088508122,3.0384060479887407,3.0471798534596912,2.7817775943053475,1.8051003942038046,3.314747012859365,4.24161247856672,0.7415285400954752,1.6201365346651995
201902,6.592906280237336,5.06293838898374,3.8322741176035096,4.7381471766679075,3.3182579996292167,2.897271231885439,3.853032003479752,6.613294568654734,3.1504848007390915,4.583660255231196,7.804763216906819,4.884260838497398,6.13039760566138,3.8336773296452886,3.5032025406162783,5.43945448921324,3.9238074904599105,5.564513255614347,4.111980986411026,3.1312450875744027,7.21982150018901,2.6952301141972743,2.912499121090449,2.8185190518802,1.893485136332118
201903,9.780561906748721,2.356426042183947,1.9103652850923056,1.3969292502873922,-0.8659479540881877,11.976637136178976,2.1905012293119044,3.8680944997565265,2.7299315467201413,0.0035906117131312624,4.7634988310913435,4.125369822572864,1.2124778264000131,1.257783598709749,-0.7336696992033721,5.468238732293463,4.287166804865445,0.4285323189792054,3.0745292617631614,0.7134245576127853,3.660159387968806,3.2143084497402397,1.4735244709717237,1.4728541382067686,1.9249032623161697
201904,2.7161370956249113,-1.4998190232412056,1.3273566387280116,-1.7018947165149951,-0.7789089076952908,-2.333968173521539,0.8206378706907597,-0.20440422889505405,1.4455916223652923,-1.1590665028475364,0.8015440493502015,2.1514883250109604,2.040768340519599,3.113375916967155,1.511619082436935,-0.6843525656253373,2.1696082524015674,2.365165290600998,-0.5035472298601098,0.1826650387208629,3.8461042228364506,1.7699740962848032,3.181547096457508,6.775678545144653,2.276166901505073
201905,0.2926884175217048,-2.0765371467112015,-5.67502408619801,-2.0968276759819613,-4.839527361574345,-0.8118855998329312,-2.1841000526308685,-1.0381704512087693,-2.475910210695497,-1.7225525816689158,-2.963207414413379,-3.153685898684936,-1.487470430320686,-1.7122417711392983,-3.1762933314131065,-0.37123867690632323,-1.6540010848712927,-2.3883968237928355,-1.7963448857000912,-2.8524840277323396,-4.724793648965891,0.40422643457662,-0.7042130250837673,-7.302989735498669,-5.495041696199525
201906,0.08979831508907435,1.1348974479411305,2.630568599822537,0.7444640099398856,-0.37345745418637755,1.7089061683086713,1.19306953552948,3.329351231942613,0.6113642473782123,-0.2902296939581109,5.244978533997881,1.8660144114346684,0.24833547198961076,2.164528014436982,1.0808705217775239,4.267768172444621,2.7294579752408783,3.3329584703604542,1.3157646541807992,0.49251302770231725,4.013147170007194,1.6124099535276375,3.292333455551699,4.594756683685364,2.7618674060520005
201907,5.26637595750629,2.879121513304135,2.95524190577702,3.2297221911871747,1.298046724257162,4.8758914879757755,5.803453313589554,2.609082810144877,2.2300675064584357,1.3476597670882728,4.720078497026612,4.1445881628177235,7.0813675871690345,3.939030092021592,3.8022247202722554,6.480261439523966,6.0067298530558695,4.583871266423562,1.5404851312836592,2.1426714070759667,4.487223056304373,3.320280779151286,2.9696848678021177,2.602719932691864,-0.9479141160869556
201908,1.6902331296891744,-1.520412878728568,-0.574043222495895,-2.9605380456349204,-2.892567735622524,1.1588024408815938,1.5247143824169016,-1.343785859623199,0.6351709932311876,-0.10194400838254897,6.417984491632631,-0.4950131933215508,0.5940312245056523,0.06012263815274402,-3.7394597108192555,0.46258906467897015,1.2747055866863983,0.13287273290613616,-1.7254418390173831,-2.2565226115540793,-0.7060981900737148,2.7069553947819154,-2.8419784494662723,-2.549064306636415,-2.5075944565570834
201909,9.226678084563515,-0.5487176908962597,0.7358938405538507,0.5484810337723599,0.29302212357311097,3.142922826193223,1.9449057039862896,1.3126604591836735,0.6972592403281352,0.1311801259065269,-1.0083708762145054,0.5191022537096568,0.03469914595482235,0.8349093202095654,-0.24766343657064233,0.5315234121194304,-0.4387075225234365,0.47863831204786633,0.3918139215287767,1.3951933924948912,3.8038615174528903,3.0594293969191027,1.5804076264025568,1.0460045346800761,-0.5905170092878979
201910,0.4978113191489361,1.2012074702298536,0.5439122330953008,0.629199609790706,0.6056205349497499,4.495708919001684,1.8673336156233988,1.2621330720225457,1.3835522016042698,1.1916770413260012,4.8674653860615305,2.0697110712747806,1.538670534899941,2.163555492585246,0.8261996235485635,5.969343940317463,4.807871835864106,1.7674253736291814,4.890584291054854,2.2578706165813918,6.860477235062541,5.783435676559001,2.801685291414699,4.751991255199765,2.3789214931734946
201911,-0.1335120833333333,-0.568154805147943,-0.6731915335221907,-0.7292439216744157,-1.5390935954968161,-1.139724415591893,1.0629835740149882,-0.40927254214262837,1.19008590978649,-1.628299917176599,-1.5358146673565272,1.0494690320449287,0.7967775895810204,-0.40324653169467906,-0.8394109132822646,0.27452346092989777,0.3128075742215786,0.38624876798921665,2.0237442742787257,-0.9137048593978371,1.417336835181467,-0.1664547637840934,0.6689459731908208,4.638498902053152,3.1162365627151765
201912,1.564300786017168,10.272519132132132,2.792420861976779,1.5290373521429297,2.37396329023219,-0.15172555914565072,2.49338123755316,3.5952540756471256,3.5463780389988475,4.521253972671304,10.16774644450538,1.9348191817075295,3.9083422184453886,2.112097741447783,2.0373587461734144,4.292445744732854,2.5020050027424494,3.2243251372451196,2.375121160074323,2.043948926453566,8.067883828819724,3.6190521616564246,1.215909662672606,2.0623788430681835,3.030341686535141
202001,17.837415540761757,-0.7865886234547276,-5.266689267491548,-6.277679800243868,-5.828594196024272,-5.850501278685171,-5.048950936449496,-3.3430707719955173,-4.5103451390053095,-7.32563769509539,-4.6172996942034565,-5.655566668574481,-5.9798201147273256,-5.358958799154259,-6.622067823800387,-3.1723345239398544,-2.9135204225806386,-4.20768739658341,-6.194247880858449,-5.127933379498893,-3.5108095285041263,-5.277618449001328,-1.6580254290165441,-5.339690207355635,-4.04795424691905
202002,2.652035662049384,-1.6916987379196338,-0.9666549780293056,-2.688997487762741,-2.9541533745801667,-1.1405874443510478,3.7398016285443623,-3.7939145856931256,-2.2465671616794762,-2.0190777845217105,-0.8465662303052129,-1.313113847027841,-2.06871487791738,-3.230534452515262,-3.4074689912451706,-1.8229420803209426,-0.2505749435845549,-1.3083676524347592,-5.188981057155426,-3.0133141247831383,-1.7468535923896438,-2.2217730239197597,0.9483097223770965,-1.6969322195105618,-2.4865390358386614
202003,-17.53767677313883,-14.759535936961338,-19.353792346023514,-20.411511514015185,-23.447916607617362,-17.942503006637168,-13.506659167271263,-15.65341815308346,-15.971253915238602,-21.83632797694936,-15.536974264468313,-15.514039410949694,-14.80055837705048,-16.190644250063134,-18.679837621614315,-11.513587636362464,-15.006197824788371,-15.582898562641388,-16.092210615358564,-20.64540828617725,-11.1126117782122,-12.583492365803059,-15.66559082462641,-14.038017977504694,-19.429945869785737
202004,24.76961270111184,17.268210346998192,19.049793609757145,19.196267067212283,19.065427343739795,21.931181012606167,17.936354405841684,18.035588119622883,18.499265379405774,17.479175385614916,27.98889859515701,17.27352968438829,15.541633105533487,16.886832050577738,17.446251404783453,24.03714045003899,19.62156374169371,16.56089553027324,17.515284471592217,15.778091157840155,12.44504341253576,18.38724950415084,11.239360427722724,10.950383939920112,14.231865852542127
202005,7.846438731265907,7.960828771573605,3.5601490092737125,2.409511363289478,1.0200464839761945,17.849503422564215,6.705523222664897,3.3375720247758136,3.3364324619679127,-1.155773656566405,7.397880247717015,3.1344296196641395,1.7705951473387258,2.1986804421670287,-1.0799146984806987,10.517151293330185,2.2424887664449815,1.9678369817202346,-2.2719631152411965,-2.1669452530216913,-0.19070694871891414,2.3524312852389873,-2.685059961541921,-0.8806848742890505,0.6081978192637824
202006,6.362075601583917,8.140283549811663,8.150393619341937,6.777230886050914,5.099803769276103,6.096354754651646,5.635152168473211,5.488198801937947,3.5193172049843464,5.083825465999534,8.401737591458836,9.417533016040675,10.570273770966207,2.657374799322215,4.485961233357251,9.11120945426976,1.9448106482462122,6.3293998730555625,5.911729472368332,5.9568903407535085,9.231586666705859,6.7524964222559705,3.8205973765295824,6.398111695586767,6.826260958136524
202007,9.600336611675127,-2.8525725159138102,3.183719062990441,1.1683165493798549,1.7750620376729125,4.615438980345861,3.3651960687365343,1.9452177134824877,1.3456565123240558,-0.812474326560177,3.6801940914642914,7.227020869937091,1.9217795210854003,1.1627897205766444,1.7770657224849,5.766961873797542,3.4945745061546396,6.207056598466869,0.008344999615741642,0.014162303464432155,23.52872421891978,5.926723585903446,3.904462444462021,-0.8991475621975424,0.24095867240835175
202008,11.788082758620689,5.571800041846391,8.595544159588014,3.5383663507449814,5.868373547319336,9.833741610424063,4.52260083152316,4.426835321840007,6.258670444428891,5.2514180775117065,5.175045283985829,4.937181502694466,7.4563475259068905,5.363911784698406,7.172289380551838,10.158454861655708,5.5511865394708755,4.066375387138503,7.986553294991555,8.853069788381331,-1.013764345157815,1.0469155893764248,-0.799067453246634,1.6109853180491087,2.9335054104149068
202009,17.9342516721688,6.614532442881375,-3.4168472631163707,-1.311008394715135,2.9291774789834526,-1.4960381474738282,-1.3996402709195248,-3.500178503650313,-1.314344667571235,-0.7527541890124745,2.6876433367702983,-3.516527357929885,-1.7845766144184603,-2.1750136382239447,-2.824709794952431,-3.4931262959241587,-3.7360108343094187,-2.293175853238767,-0.7786776095268575,-1.2550516005946883,0.9379637612522517,1.5546145847622752,-1.4079534154322952,-1.0264180459403707,-2.229921251601542
202010,2.0524210397295013,-2.5628221122599704,2.365166871386783,-0.573384197681513,0.5487143503337287,4.893949096542323,2.6435514800658977,0.6252928614302864,1.4251240760278665,0.7878415384727334,1.0521417153769688,0.5692912023568156,1.0764905416678383,2.1324579696972155,1.9144618239408577,1.9962533816252963,3.0184558061147615,2.5395749535613508,3.9300173101759293,2.079844638291647,0.40080569725399195,0.35756937123742416,1.4935122899634812,-0.4918336408274663,0.018188669232214585
202011,14.591546038180878,2.393318155609936,11.540122480610918,6.6459903080184555,8.071363684364917,7.348586535446786,8.769603619968635,9.91227597410775,12.39910877521749,10.706695253428903,8.964252020272323,8.911315673995547,9.285795416133048,9.102366390366482,9.814455133418218,9.323882132263485,8.437096304410375,12.513831156290633,12.118427698454797,7.4643468040884615,10.73711210424381,12.496834257253502,11.380861920233704,6.2901130070882605,6.709266795039289
202012,2.5688381636911664,1.2387666688424008,2.305161753688556,4.287899651323359,5.876002802566254,2.173702969638964,2.2561436506929207,6.0478461928934015,10.317597334347116,0.9572776494717216,10.92540863327699,3.19810194106459,2.218193027009392,1.4609843328400762,6.272649047471994,5.874984307361471,5.346871391047024,2.654710480595372,4.282440405969661,6.10017903738533,9.94103010291109,10.559828454316653,7.553249864978318,5.730959754117657,6.153271924719185
202101,-6.339474690053134,-6.283937823114719,-5.78438970966029,-6.61869742893569,-11.52280481568465,-2.943835406705101,-3.9455153461692145,-6.580581622609836,-6.982938348940045,-9.805268147570201,-1.503800378254841,-3.8855460161302258,-5.692102605747069,-7.389644711807498,-9.505431020683588,0.21554052256544032,-2.7685691355898907,-4.6050440156526795,-7.150546308567292,-10.574172859693293,8.792830788082997,-2.488992398403216,3.1364422168492556,-3.145966017216925,-5.224638208685395
202102,9.635536192207201,8.395899565244987,7.73062066931959,6.75284993758261,6.480961801307529,5.884844815389299,10.040989387927723,9.640939208294062,8.52232854203775,7.234124895579096,11.394531906057182,7.2492794614764735,7.601101320809378,6.062821407366453,8.167016403633816,13.10557344251221,6.494281132563316,8.759728564284181,9.956911034976132,8.809775821505166,4.109313992616423,9.864223041628982,9.249579787665256,4.460328331091985,8.234063491933133
202103,19.577332747610683,11.740618062128904,7.0308912689894765,5.756612815991182,2.900468476744316,20.28751970089555,7.876812979631767,8.115031349245461,12.015823544559208,4.124510606455923,12.70171349908,8.940779459232461,4.998098527473019,6.375068065684829,5.805258342951775,9.89943067456907,4.614317582360046,1.863661195428505,6.02691862439624,6.053857145288876,1.135081301825081,4.5517142926536325,6.5455345515230325,8.154630100155693,11.645806473245212
202104,12.45067348706498,7.110154121425294,9.379566747546047,12.796286745273632,12.232813724772935,5.002715307124835,2.7905577495638885,8.036221755798955,19.572954055242576,8.37378791781193,4.44118370854447,7.641993700760586,11.796251975907007,15.091194223124715,13.179681472066994,7.4118825482270525,12.035296713470201,14.743863679565914,13.862702300056654,10.662831796032476,8.205012674641326,9.677782803421342,19.670885493932136,5.64317602689086,8.029034684876411
202105,-8.72661869225693,-8.768106130224297,-11.998886847008084,-9.23474966181444,-10.86102018996289,1.439823408981578,-7.657106904687386,-8.354540749634278,-9.046643628558073,-11.135170356626537,-5.385412896197374,-6.604446091317601,-5.022090918561431,-7.934382140878135,-12.132152937489904,-5.863185464449067,-4.41746966902257,-7.669314872414128,-9.076134928013268,-11.357552165593784,0.021791276991761782,-4.55779708032667,-5.455250824693559,-1.8301709489386382,-1.101879019598413
202106,8.927680823699424,9.767008056421368,5.7991340181814035,2.4205897691023934,2.588804427926886,6.994826091788382,6.941332615427994,7.442384680110474,3.3677362798827777,5.199607672131948,13.996455237123424,13.681728626300032,4.911754921793812,4.261964821805102,2.4563539013581255,15.55395396458685,12.145211962490423,9.9002871766316,4.772547089788633,3.8390266350810496,10.41568440432727,5.987731072037224,1.759230935505641,0.01927957615944305,-0.12048976153320318
202107,11.412513092880225,4.214227114962751,3.9555968472422145,-0.5158553259486801,-1.7243761272025944,5.94232225878032,4.767939756096289,-0.6063869579265235,-1.2306702305903237,-1.2275717425255988,5.628340175940967,0.45852179730090725,-1.653813075316378,-1.5533232524560006,0.36450607382765016,4.586593821484598,0.27378128024251613,-3.530275076472667,-1.5624885797231607,0.3514573768117874,-2.054512231017406,-1.0395934623374465,-0.7904929154777759,-0.5097687667825875,2.0429233136661713
202108,3.5223678030993613,-2.908004867916093,-1.4050669450341458,-5.228609486038131,-3.286018885638896,-2.9019545753114384,-3.4695929181301746,-3.648879792888777,-4.462580900339607,-2.3556701858195224,-2.624525350024511,-0.6051114034902002,-1.9647174066070399,-3.3819880700893212,-3.2979546520322356,-2.6628047997466053,-0.8962378480678079,0.5121131388475229,-1.0081897865838436,-0.16159847255833845,4.152824698974475,1.4418322084394117,-0.008604477593771651,3.116813482277871,2.6342293605191185
202109,5.62477669809621,-1.1551351929510436,-1.6477189075249903,-0.5467135837567177,1.5600631076930187,-4.212199819109877,1.2305620593004045,-3.946762197922362,-1.7306228116650302,-0.12312654245857127,-3.2010592069321446,-2.0863435719801315,2.0662629100158147,-0.9435650123970537,-1.3274779525650502,-1.6507456291401281,0.32191276220710763,0.5221803037216983,-0.5941967644506247,-0.22887092912719073,-3.987091607727983,-0.9040041376232849,-2.472605847331026,-0.9612803163342426,-0.41672914204282324
202110,5.136405711730845,1.172903902589396,2.7198245498531612,0.2298622072417139,-0.5261404235737411,5.36898067123501,2.7999243435475836,-1.1224527651540692,1.8745834641501171,0.7538053230875924,3.0663713217983455,3.3292530139895797,0.8090152962720543,-2.6276825240518553,-0.9180678057553957,5.290513404474903,1.7596131851484034,-2.366589626173269,-2.559249809634503,0.3459770501420772,1.6552728920565971,-1.0574767866701327,-1.942790330411772,0.5285690122291467,0.6834058767211
202111,5.081260281021176,4.591300085802339,4.106469558066362,2.0385150457690036,1.7989404161477789,6.657937591456284,8.481667466561976,2.5527867062512852,0.5369916335986289,1.162189440700278,5.018224505247047,4.059447902112763,1.0932444207443772,2.272964761988484,1.375394084503996,7.679924969024962,4.774161909130958,1.3982362778537962,0.6536449787164408,1.5659350276009139,4.354065479443871,3.5318342872154527,1.647352757115653,0.0941598426402309,1.139319596763542
202112,4.737002192954818,1.310543623597911,4.850512567029148,4.947181592929397,6.425619366465451,9.929675111567791,7.513283441561475,2.899611449417038,4.256345662872603,2.9660283973141772,7.041710566296267,5.760799659503328,1.8050959011218957,5.255135714771611,4.282820490640853,8.731125310841291,2.07263352556633,3.571569143123889,3.0616101501503596,2.8509976715649596,5.802379891344936,5.484421939500478,4.466235158727409,4.075768797032591,4.609889046950396
202201,-7.296504091281904,-4.557720850267725,-6.896444968370623,-7.7412179806107515,-7.619101691397324,-7.908703919949023,-5.889132309926138,-7.772401821999553,-8.002849029079515,-5.093717610881716,-8.519935645834593,-6.019523209922594,-4.9024376035550485,-6.292398587184816,-6.826978874093462,-8.287409289829577,-5.369898058254898,-6.2574521050448295,-3.8008002620764936,-5.316909990818709,-1.014031421699869,-6.396110135830359,-1.0192292065628321,-0.5551929637776943,-2.210496127686258
202202,-1.5891092279283325,0.0781867775690905,3.4685935279095217,1.0174400676032533,0.9414046510730649,1.5424305201999728,2.3578120686668327,4.461592013966481,1.552931213789543,2.156466718700896,5.061641487891245,2.565347613442115,3.2894938771349373,2.1656445381176943,1.8949378301621174,2.6794731634953757,1.5650739363625825,3.2028849367674748,3.736855088274376,1.5435180388055314,-1.4527911231055965,4.730035085002002,2.409511025190128,0.5781904287788708,0.9108214398589692
202203,12.060446792967808,3.592014890439977,2.6244481729371194,0.2713117562950113,-0.8944345189832212,3.794748649070911,1.84730897129406,1.4302555159818737,0.08626323968634246,1.2868303974082962,1.8741284058986605,1.6163826799060579,3.4622544293038136,1.7113907522501717,-0.9392146219984756,4.416528960166577,2.724885733558136,3.2932286091833873,1.3216417979059467,0.6338128101639108,-1.415118418573351,0.2886457740509682,5.573292316613269,3.899047705383967,2.2455300613197733
202204,-3.1887591433700955,-4.713749223399622,-1.6573160722672446,-4.601670181029305,-4.664158175798919,-1.105458141121375,-3.75548351004241,-2.6199449959658074,-7.96145732830552,-3.9078870628173346,-4.532325163257996,-5.753473922848152,-6.05619022744171,-5.238781478701976,-3.9799204883079597,-6.1815302967850805,-4.606593638718952,-4.533897713273813,-4.457843450059154,-4.8814295549716356,-7.511055284519628,-3.2175407764487622,-3.032267407723991,-3.4001874516376467,-5.380685366287373
202205,3.3621453635243386,0.5864780579255467,1.9348258106870961,-0.7003844873201264,1.1495454535034766,4.172797371472748,1.7748855425758887,2.497645734852434,0.4939163008820353,-0.42073352174789014,3.538091229135701,1.8557426822949104,-1.3065690008548874,0.697933115133746,-1.5105068779963489,5.9434970773672084,1.7279406809200197,-1.2116230430524122,0.7716534927469588,-2.711972819175769,3.9104729054687173,0.7050964057058826,-0.4512031080300427,0.38582840833569243,-5.539264263939199
202206,-4.170453478898485,-4.999330601381774,-7.417333263148513,-5.611994197024823,-5.758723087773365,-6.551315046477622,-2.4298341659392824,-7.727813172664644,-8.012733829296,-4.225753433332194,-1.2452140186344722,-5.135240220284317,-8.148975175887902,-7.160772992797135,-8.379129965771565,-7.3885264694574415,-6.731466422886643,-7.061051584015936,-4.8402659708847,-5.927601526335718,-10.579445103152645,-11.9230769194564,-6.826312409628367,-9.62054023181772,-6.881861010309573
202207,13.390296167892098,7.593704734474434,2.264849376351406,1.164495051512215,0.09114428361891545,7.117738181293736,5.342807818906109,3.498367835293514,1.952932474066863,0.9353067719792308,2.606011506707501,5.015716837658419,2.2204550002392653,2.5349523099724753,0.5935382039066969,2.3561364054046243,2.671143172209188,1.8541949721960074,1.7716634087747385,-0.14079918592774066,5.3218332263495745,3.601370754393622,1.8870515279768787,3.0462132466627323,-2.0771858393934077
202208,28.764192332476853,2.968804187374214,8.76286225139876,6.911014002306353,5.714237255551494,16.19605545925378,7.958151712274737,5.763013912531017,6.068554274984828,3.41848261011781,10.137008183542804,6.814062282651657,5.090220014805111,5.305708228104315,6.7881632807182575,7.696098686336605,3.9953324407907473,4.593508617827793,4.871570960668528,4.093796123807245,0.4768363212627468,-0.14159417115896636,4.901469875453413,-0.2801737745220735,3.716051851599585
202209,-12.93221018288667,-8.457861726126355,-10.219525791568868,-11.001592999104938,-8.345218935580105,-5.589470754378594,-10.967531566673857,-9.49611382325083,-9.86937665643645,-8.845835793353086,-9.386528538558107,-10.372630732344497,-7.383182070364811,-9.11123099256371,-8.409841071753661,-6.274040382026944,-8.525336751235713,-8.580511773773496,-8.129704474487628,-9.62539781233394,-12.679345113761672,-8.735601993159609,-6.628669085718778,-7.532774662465368,-10.714137307141774
202210,-2.35278343605946,-4.0441310826516474,-5.151436481713428,-5.36967478924347,-4.39376707622381,-0.4157420211422114,-3.908019763386065,-4.194040987940808,-3.0889313636784017,-4.500449004285981,-4.509781055854241,-4.528067435217495,-4.3843471009110715,-2.767522484432543,-4.070686139722958,-4.177344151217463,-2.9911649338529673,-1.1441578547560987,-5.71144368337137,-3.4801213637531556,-4.455756071966045,-2.4942720854210556,-2.6419225782281095,-0.2061783791677027,-1.0434795928546128
202211,18.240059278576922,12.595246805414313,10.1600970004985,7.828357263972431,6.6286748449091375,18.380562930878252,12.09647631310998,10.385454943546948,10.912037183472865,6.978299145920292,9.39141189687433,9.721206787850202,7.596470059047837,8.805998034421112,9.543302856171888,16.924921960054387,11.695970879558754,11.121299053850842,8.093226605124196,11.247228914431524,22.52435608053132,8.720832430490585,12.383017900470056,8.323758003195485,8.793473153284767
202212,-3.3052223933592444,-3.1204239181807614,0.04861074681948729,-3.282094985615344,-1.0963099628608124,-1.1548582555342433,0.33688987648010904,-2.4807392529998102,-1.9969168118294474,-0.6005072706823914,0.8249483042503855,-1.8949451337651975,-0.5548740809584173,-0.8823799072994073,-2.170885394236479,-0.3869416718356085,-0.5400675064517613,-2.79464325610203,-3.1070009063179236,-5.131871322530285,-6.245160622850334,-4.055083601995601,-4.321223912769216,-1.487501061817629,-2.7908687958355367
202301,5.364416051073606,2.807375083336386,3.6206452801002786,1.9943319632403254,2.7192889486260445,7.093873970270301,3.4838156460796705,2.150941180222584,2.546409126706064,1.3688534000683814,5.860701431817208,5.515775093262982,4.793506577576143,1.2487983587767917,3.3033199392605814,8.684407962613184,6.203143450494481,5.505188416310228,3.337670661804617,4.042828196780042,12.696710270099082,5.989921829280913,5.411633816323339,3.044486017131805,0.8861645322499948
202302,16.595518802389666,6.681380995703815,5.5070018785074755,4.920053781158009,2.1248770361095253,15.383417292106708,8.470347566504193,5.781713692456331,5.506503356492403,3.831756475832238,10.78959482466646,5.075103852778713,4.479741680000573,3.5544582098691073,5.030310926731045,6.502510121123556,3.1202804896169622,2.406534169907076,3.193256671699434,4.600272452187055,0.4961000789829586,2.3856019224280844,2.0155064975088126,1.94134193705501,4.283766857450332
202303,9.44912266705188,7.05320716690174,1.4751529696397812,1.3406203994033012,-1.0168883261410557,9.448775710520573,7.821265977590643,2.3280783054346217,0.8795132379832445,-0.8492447448265744,3.926568196565579,3.6755353944800366,4.28362404368237,3.912442060488413,1.0922407963928766,5.673254357027388,2.4522148131575316,2.8439701937896005,0.8150807395728826,-0.7938469220683139,5.218596867237295,2.169003891744905,0.2622056640181125,0.8146130399705799,-2.0799658219607458
202304,15.42326985524939,0.8378010452749926,0.8574016221588178,0.021352825592005575,0.461056248203207,10.822745875010492,3.9689845894520315,2.155110803826215,0.8249101168087911,0.4146668469672384,2.668577568625881,0.7705082426789372,-0.4206661648143,1.7809027209936694,0.7936125270329891,2.8926997061779867,1.4659488394909168,2.166867275062363,-0.26368338455812274,1.480946864181059,-3.7194398206495083,-0.8705650126465772,-0.2987069876535512,1.5799611755263625,-0.49667256938537696
202305,15.35081622501162,4.218518036176998,1.9740262857952646,2.0199655917052786,1.4231220222178353,1.4031818533365188,3.0953924523076344,0.8193250492674151,0.4535886444673812,1.7877618499704087,7.523462727176611,2.1310531106951576,3.1181350302420747,1.8497114985534662,0.22526046945182315,7.240984737296448,4.8319218325788365,5.310477524297348,2.4511481171645486,1.684159433262729,10.651759609726962,8.170605333002769,3.4991431487189666,2.612544399272248,-0.7629165278959522
202306,7.513209609520266,10.23802893160424,1.2918337673441997,2.2484612929105645,2.056181758999785,15.475255579520596,2.245454376886589,5.510171964425896,2.7794509884340908,3.523488598983986,3.008178485285837,3.239786012190135,1.7803034893845768,5.310407534879785,1.6296672684984965,8.244184163444421,5.2095298094916505,1.669913300412937,3.424193641733397,3.618067974486736,5.18064736069195,4.598681821774448,0.48929052120707406,2.3136174090306816,2.273872395206915
202307,-3.7371722735908803,2.797627981329754,-2.242497728200891,-1.3011636217314215,-2.198449405711942,-2.7448519638238986,1.115710941278066,3.787665709792536,-0.26352510305362015,-1.5966362632947295,-0.14807983505154612,-0.1411233929333509,2.0250229246945124,0.9011813077598307,-0.09694635278789467,5.703836758372915,4.839690088265944,2.0395163491647277,0.7771075598049743,0.492311152430669,5.3698058943826386,1.3314748604748994,1.040528158542335,3.2676356159304576,3.5671205255198224
202308,14.557164738130721,-0.8500105930419711,-0.15687967824448046,-1.4265507406523896,-3.6044487013212794,0.7363207237000142,-3.556920868143077,-6.560575927353008,-1.8254607504382576,-3.4694041116484975,-4.875857593664632,-2.645363152279444,-1.344254199576995,-0.528453739111084,-2.3141908702488374,-1.7298653591863882,-0.4911407412077949,2.001803997997178,2.0712550897519555,-2.987259739534734,-1.9639642023963686,-1.8948734916177803,-2.223568202983969,-2.764339453875136,-3.8478078002561804
202309,5.05183452481471,-0.8369281389636212,0.7630768913242008,-0.8933052149754055,0.2173448327440848,-2.8635914669101794,1.759108967519897,1.2973236609138876,1.3550869899442757,-0.5747385892894706,0.3842063869195509,2.025251376710748,0.8561667630471582,-0.16337280592816786,0.12206397837771721,2.7081155325842783,1.1992420196246956,0.23476529840092328,-1.074087895590379,-1.0534024380378886,-2.677367932588096,0.08248617567459639,1.6447218076399426,-1.052129756661595,0.06390021091695687
202310,-2.9099762109352016,-5.554652216116059,-1.611277455856752,-2.23555884441159,-2.517852353449071,-1.189402332417195,-1.284320426044224,1.8667069920146757,-3.3116576046255504,-0.9834073416244439,-3.733948711936432,-3.690380700635712,-0.740892510312935,-4.031849801006365,-2.697290301842088,-4.408732716529969,-2.542425954862858,-3.2324883750893645,-2.321727940142465,-2.95336448778233,-0.5035806397154209,-3.1526010471111268,-1.7173749769259397,-2.3400822957518623,-4.494595887182621
202311,4.821761807626758,6.011044061437039,9.187814668991884,8.033007369664627,4.574634218983789,15.579430645877096,8.15891588730053,8.723349753665282,7.431844849538677,6.232263960209049,15.246555130362308,9.361081900176433,8.148106518156126,8.019323770436774,7.56611681468609,14.352065345697012,11.118687763518086,7.405221196838864,7.489866215255565,5.865344659388235,10.540287246653087,7.505409068865133,8.430866134502688,8.570465701011063,5.376051897195127
202312,-2.566611481193987,0.5934212800418825,1.7053032789583036,1.4138988281576967,1.010007941696494,-1.8319372317504097,1.4568615953583133,0.7851663486798001,2.1614484117922523,2.317674886563804,0.10051035204578784,1.127598028687336,-1.4241153530025352,1.6465797918500653,2.4095918784858883,-0.5099487319749985,-0.14119298711846107,0.7150769063672054,1.0712831158687368,1.9496329875836187,2.2983836343560613,3.594205138697059,2.144609112465368,1.2002888071107043,4.833719348594435
