,datadate,ticker,after-tax interest coverage,interest coverage ratio,cash flow/ total debt,operating margin before dep.,operating margin after dep.,return on equity,return on capital employed,LTD/ total assets,total debt/ total assets,book/ market,interest/ average LTD,interest/ average total debt,cash balance/ total liabilities,total debt/ EBITDA,short-term debt/ total debt,LTD/ total liabilities,free cash flow/ operating cash flow,total liabilities/ total tangible assets,LTD/ book equity,total debt/ capital,total debt/ equity,asset turnover,receivables turnover,payables turnover,sales/invested capital,sales/stockholders equity,accruals/average assets,price/ book,shillers cyclically adjusted P/E ratio,enterprise value multiple,"price/ operating earnings (Basic, Excl. EI)","price/ operating earnings (Diluted, Excl. EI)","P/E (Diluted, Excl. EI)","P/E (Diluted, Incl. EI)",price/ sales,price/ cash flow,dividend payout ratio,net profit magin,gross profit margin,pre-tax profit margin,return on assets,after-tax return on average common equity,after-tax return on invested capital,after-tax return on average stockholders' equity,gross profit/ total assets,common equity/invested capital,LTD/ invested capital,total debt/ invested capital,capitalization ratio,cash flow margin,splticrm,rating,prev_rating,rating_diff,after-tax interest coverage_change,interest coverage ratio_change,cash flow/ total debt_change,operating margin before dep._change,operating margin after dep._change,return on equity_change,return on capital employed_change,LTD/ total assets_change,total debt/ total assets_change,book/ market_change,interest/ average LTD_change,interest/ average total debt_change,cash balance/ total liabilities_change,total debt/ EBITDA_change,short-term debt/ total debt_change,LTD/ total liabilities_change,free cash flow/ operating cash flow_change,total liabilities/ total tangible assets_change,LTD/ book equity_change,total debt/ capital_change,total debt/ equity_change,asset turnover_change,receivables turnover_change,payables turnover_change,sales/invested capital_change,sales/stockholders equity_change,accruals/average assets_change,price/ book_change,shillers cyclically adjusted P/E ratio_change,enterprise value multiple_change,"price/ operating earnings (Basic, Excl. EI)_change","price/ operating earnings (Diluted, Excl. EI)_change","P/E (Diluted, Excl. EI)_change","P/E (Diluted, Incl. EI)_change",price/ sales_change,price/ cash flow_change,dividend payout ratio_change,net profit magin_change,gross profit margin_change,pre-tax profit margin_change,return on assets_change,after-tax return on average common equity_change,after-tax return on invested capital_change,after-tax return on average stockholders' equity_change,gross profit/ total assets_change,common equity/invested capital_change,LTD/ invested capital_change,total debt/ invested capital_change,capitalization ratio_change,cash flow margin_change,rating_change,prev_rating_change,rating_diff_change
0,2017/1/31,ABT,5.94,17.428,0.149,0.238,0.169,0.047,0.118,0.219,0.477,0.334,0.034,0.023,0.249,1.773,0.319,0.312,0.633,3.302,0.283,0.321,0.916,0.517,6.031,7.312,0.769,0.993,-0.046,3.46,35.311,14.313,24.145,24.285,63.288,45.901,3.472,25.128,1.531,0.048,0.616,0.067,0.122,0.047,0.045,0.047,0.319,0.774,0.221,0.325,0.222,0.116,BBB,14,25,-11,-0.401,0.027,-0.406,-0.215,-0.187,-0.557,-0.224,-0.201,-0.196,0.38,-0.209,-0.258,-0.016,-0.012,0.195,-0.077,-0.224,-0.279,-0.428,-0.246,-0.374,0.026,0.428,0.216,-0.073,-0.202,-0.535,-0.176,0.553,0.234,0.202,0.194,0.623,1.144,0.04,1.138,0.326,-0.448,-0.095,-0.402,-0.203,-0.557,-0.224,-0.557,-0.07,0.16,-0.33,-0.279,-0.329,-0.543,-0.44,-0.219,0.571
1,2013/12/31,AEE,2.225,2.904,0.112,0.316,0.194,0.047,0.084,0.288,0.7,1.19,0.067,0.061,0.011,3.488,0.098,0.371,0.18,0.984,0.589,0.507,2.337,0.261,10.879,8.347,0.466,0.872,-0.052,0.872,18.866,8.051,18.449,18.544,18.544,-9.694,1.52,5.34,0.822,0.082,0.316,0.134,0.082,0.069,0.053,0.068,0.083,0.524,0.464,0.515,0.464,0.015,BBB+,16,14,2,-2.895,-0.02,0,0.026,0,-1.5,-0.097,-0.1,0.014,-0.064,0,-0.047,-0.214,0.051,0.922,-0.157,-0.151,0.051,-0.157,-0.043,0.048,-0.13,0.342,0.166,-0.086,-0.137,-0.556,-0.027,-0.595,0.162,0.264,0.271,-3.123,0.11,0.222,0.062,0.139,-1.573,0.026,-1.554,-0.109,-1.515,-2.828,-1.519,-0.135,0.061,-0.063,-0.012,-0.063,-1.789,0.143,0.167,0
2,2017/2/28,AEP,1.66,3.741,0.098,0.332,0.212,0.021,0.089,0.351,0.726,0.951,0.052,0.043,0.012,4.097,0.209,0.383,-0.086,1.009,0.599,0.579,2.647,0.262,9.21,6.806,0.467,0.942,-0.062,1.119,24.393,9.791,15.186,15.186,53.576,54.008,2.01,7.287,1.828,0.037,0.332,0.033,0.087,0.035,0.032,0.035,0.086,0.496,0.503,0.636,0.503,0.166,A-,19,16,3,-0.439,0.031,-0.109,0.018,0.065,-0.638,0.072,0.045,0.023,0.065,0.04,0.024,0,0.022,0.375,-0.047,-0.044,0.062,0.014,0.049,0.082,0.019,-0.051,-0.201,0.045,0.062,0.476,0.092,0.2,-0.014,-0.144,-0.144,1.929,2.423,0.018,0.001,1.883,-0.657,0.018,-0.788,0.024,-0.639,-0.418,-0.639,0.024,-0.016,0.014,0.089,0.014,-0.317,0.188,0.143,0.5
3,2015/9/30,AFL,9.45,14.629,0.065,0.21,0.21,0.138,0.194,0.044,0.852,0.635,0.059,0.059,0.043,1.088,0.081,0.051,1,238.511,0.277,0.407,5.736,0.18,9.543,2.483,0.936,1.211,-0.032,1.471,9.516,6.655,4.665,4.695,4.877,4.877,1.15,3.839,0.249,0.122,0.21,0.185,0.037,0.146,0.122,0.146,0.038,0.773,0.227,0.227,0.227,0.132,A-,19,22,-3,-0.135,-0.091,-0.343,0.01,0.01,-0.296,-0.221,0.073,-0.03,0.159,-0.048,-0.048,0,0.148,0.209,0.109,0,0.12,-0.123,-0.077,-0.203,-0.072,-0.168,-0.111,-0.219,-0.24,-0.273,-0.184,-0.229,-0.034,-0.032,-0.032,0.011,0.011,-0.05,0.131,0.169,-0.047,0.01,-0.051,-0.098,-0.288,-0.261,-0.288,-0.05,0.028,-0.085,-0.096,-0.085,-0.015,-0.136,0.158,-2
4,2014/2/28,AGN,17.522,25.161,0.413,0.347,0.307,0.206,0.241,0.204,0.388,0.196,0.043,0.041,0.889,0.985,0.026,0.511,0.899,4.446,0.325,0.274,0.635,0.638,7.648,2.556,0.735,0.975,-0.043,5.865,48.298,16.101,27.371,27.79,30.238,38.957,6.016,22.358,0.047,0.201,0.896,0.275,0.221,0.206,0.183,0.206,0.534,0.754,0.245,0.251,0.245,0.243,BBB-,12,14,-2,0.586,0.617,0,0.141,0.238,0.241,0.249,-0.005,0.072,-0.213,-0.14,-0.163,0.347,-0.078,1.364,-0.089,-0.02,0.324,0.019,0.015,0.114,0.006,-0.059,-0.035,-0.024,-0.022,-0.271,0.545,-0.019,0.184,0.157,0.161,0.203,0.55,0.49,0.393,-0.42,0.256,0.033,0.256,0.111,0.234,0.336,0.234,-0.027,-0.003,0.012,0.029,0.012,0.095,-0.143,0.167,-2
5,2011/12/31,AKS,-0.471,0.676,-0.037,0.034,0.004,-0.088,0.02,0.182,0.858,0.872,0.063,0.05,0.025,3.805,0.199,0.17,-1.054,1.831,1.02,0.703,6.001,1.424,10.745,8.62,4.95,9.957,0.057,1.449,23.154,10.83,-118,-118,-15.296,-15.296,0.143,-2.926,2.081,-0.009,0.067,-0.016,0.049,-0.088,-0.018,-0.088,0.096,0.497,0.507,0.633,0.505,0.022,BB-,8,9,-1,-0.292,-1.432,-3.176,0.03,-1.235,0.086,-1.444,0.282,0.081,1.313,-0.125,-0.306,-0.816,-0.156,198,-0.045,-0.17,0.066,0.483,0.295,0.557,0.565,0.23,-0.058,0.804,1.151,-2.9,-0.307,-0.174,-0.505,3.65,3.65,-0.379,-0.379,-0.684,-1.093,-0.918,-0.5,-0.162,-0.333,0.633,0.086,-0.143,0.086,0.247,-0.162,0.243,0.551,0.238,-0.353,-0.111,0.125,-2
6,2012/6/30,AKS,-2.196,-3.755,-0.044,-0.003,-0.032,-0.307,-0.143,0.211,0.891,0.436,0.076,0.057,0.012,-47.638,0.25,0.178,-0.936,1.913,1.428,0.765,8.027,1.398,10.448,8.912,5.218,12.597,-0.009,1.782,34.651,-99.433,-3.837,-3.837,-3.669,-3.669,0.101,-4.876,1.906,-0.028,0.031,-0.044,-0.004,-0.307,-0.099,-0.307,0.043,0.414,0.592,0.789,0.588,0.004,B+,7,8,-1,3.662,-6.555,0.189,-1.088,-9,2.489,-8.15,0.159,0.038,-0.5,0.206,0.14,-0.52,-13.52,0.256,0.047,-0.112,0.045,0.4,0.088,0.338,-0.018,-0.028,0.034,0.054,0.265,-1.158,0.23,0.497,-10.181,-0.967,-0.967,-0.76,-0.76,-0.294,0.666,-0.084,2.111,-0.537,1.75,-1.082,2.489,4.5,2.489,-0.552,-0.167,0.168,0.246,0.164,-0.818,-0.125,-0.111,0
7,2012/11/30,AKS,-12.353,-3.395,-0.044,-0.01,-0.042,-2.152,-0.193,0.275,1.002,0.426,0.076,0.064,0.01,-19.021,0.164,0.229,-0.838,2.026,2.59,1.007,-342.04,1.42,10.365,9.288,6.234,16.649,-0.181,1.369,-5.51,-30.959,-1.995,-1.995,-0.447,-0.447,0.088,-2.497,1.76,-0.165,0.025,-0.055,-0.014,-3.911,-0.856,-3.911,0.036,-0.013,1.01,1.208,1.013,-0.127,B,6,7,-1,4.625,-0.096,0,2.333,0.312,6.01,0.35,0.303,0.125,-0.023,0,0.123,-0.167,-0.601,-0.344,0.287,-0.105,0.059,0.814,0.316,-43.611,0.016,-0.008,0.042,0.195,0.322,19.111,-0.232,-1.159,-0.689,-0.48,-0.48,-0.878,-0.878,-0.129,-0.488,-0.077,4.893,-0.194,0.25,2.5,11.739,7.646,11.739,-0.163,-1.031,0.706,0.531,0.723,-32.75,-0.143,-0.125,0
8,2015/10/31,AKS,-1.184,1.293,-0.065,0.061,0.031,-5.08,0.114,0.528,1.03,0.227,0.068,0.068,0.015,5.698,0,0.512,-0.191,2.197,26.057,1.21,-8.539,1.509,11.278,8.661,3.036,39.975,-0.102,24.836,-1.581,8.008,-12.042,-12.042,-1.403,-1.403,0.073,5.575,0.738,-0.052,0.098,-0.039,0.095,0.83,-0.058,0.83,0.148,-0.243,1.061,1.061,1.297,-0.009,B-,5,6,-1,-0.904,-1.381,0.477,-7.1,-1.738,1.361,-1.591,0.92,0.028,-0.467,-0.105,0.062,0.5,-1.3,-1,1.236,-0.772,0.084,9.061,0.202,-0.975,0.063,0.088,-0.068,-0.513,1.401,-0.436,17.142,-0.713,-1.259,5.036,5.036,2.139,2.139,-0.17,-3.233,-0.581,-0.685,2.92,-0.291,-7.786,-1.212,-0.932,-1.212,3.111,17.692,0.05,-0.122,0.28,-0.929,-0.167,-0.143,0
9,2012/4/30,AMD,3.75,2.75,0.114,0.113,0.075,0.38,0.141,0.407,0.679,0.422,0.097,0.081,0.525,2.721,0.243,0.454,0.346,4.634,0.96,0.616,2.116,1.324,6.961,5.756,2.107,4.131,0.023,3.237,-5.786,7.807,15.66,15.66,10.985,11.152,0.784,13.475,0,0.075,0.485,0.075,0.149,0.38,0.211,0.38,0.643,0.51,0.49,0.647,0.49,0.124,BB-,8,7,1,0.02,-7.627,0.781,-0.169,-3.679,-1.566,-5.548,-0.305,-0.233,2.297,0.078,-0.036,0.531,-0.54,2.682,-0.265,-12.931,1.068,-0.819,-0.372,-0.969,0.811,-0.293,0.38,0.909,-0.927,0.211,-0.489,0.238,-0.4,-2.819,-3.216,0.716,0.742,-0.1,1.367,-1,-0.583,-0.151,-0.548,0.693,-1.053,-0.207,-1.05,0.542,24.5,-0.407,-0.268,-0.498,-0.624,0.143,0.4,-0.5
10,2014/4/30,APH,11.002,14.205,0.234,0.225,0.196,0.24,0.198,0.346,0.533,0.203,0.042,0.033,0.363,2.052,0.329,0.435,0.794,6.175,0.501,0.484,1.15,0.811,4.828,5.898,1.07,1.614,-0.023,5.239,29.611,15.628,23.838,24.324,24.324,24.324,3.246,19.478,0.152,0.138,0.344,0.183,0.183,0.24,0.173,0.24,0.257,0.663,0.332,0.495,0.334,0.168,BBB+,16,14,2,-0.117,-0.134,-0.415,0.009,0.016,-0.048,-0.214,0.511,0.184,-0.188,-0.16,-0.327,0.152,0.898,19.562,-0.132,0.013,0.296,0.207,0.287,0.389,-0.146,-0.14,-0.094,-0.127,-0.077,-3.091,0.22,0.061,0.379,3.77,3.793,3.756,3.756,0.184,-0.121,5.609,0.022,-0.028,0.017,-0.187,-0.048,-0.104,-0.048,-0.237,-0.054,0.141,0.678,0.14,0.006,0.143,0.167,0
11,2016/3/31,ATI,-2.327,-1.571,0.037,-0.002,-0.048,-0.156,-0.046,0.26,0.618,1.757,0.076,0.075,0.042,-168.06,0.003,0.42,-0.1,1.214,0.691,0.474,1.707,0.603,7.41,7.015,1.008,1.786,-0.083,0.822,-83.74,-307.42,-9.209,-9.209,-4.618,-4.618,0.477,13.511,5.773,-0.102,0.062,-0.129,-0.001,-0.161,-0.059,-0.161,0.04,0.565,0.404,0.406,0.417,-0.047,B+,7,8,-1,-3.067,-2.29,1.643,-1.027,-2.548,-32.2,-2.484,0.111,0.079,1.125,0.07,0.071,-0.382,-35.559,-0.75,0.042,1.941,-0.043,0.284,0.09,0.215,-0.077,0.091,-0.022,0.015,0.115,2.192,0.398,-4.358,-19.783,-1.088,-1.088,-1.038,-1.041,0.269,0.556,-0.019,-35,-0.551,-19.429,-1.021,-33.2,-3.034,-33.2,-0.556,-0.089,0.151,0.144,0.152,-1.959,-0.125,-0.2,-0.5
12,2016/5/31,ATI,-3.283,-2.808,0.037,-0.039,-0.096,-0.192,-0.082,0.256,0.605,1.157,0.076,0.074,0.052,-11.662,0.03,0.411,-2.306,1.237,0.628,0.461,1.607,0.556,6.933,7.461,0.864,1.478,-0.089,0.656,1633.86,-26.576,-5.074,-5.074,-2.715,-2.715,0.402,23.28,5.728,-0.146,0.032,-0.188,-0.021,-0.202,-0.087,-0.202,0.018,0.584,0.386,0.398,0.398,-0.086,B,6,7,-1,0.411,0.787,0,18.5,1,0.231,0.783,-0.015,-0.021,-0.341,0,-0.013,0.238,-0.931,9,-0.021,22.06,0.019,-0.091,-0.027,-0.059,-0.078,-0.064,0.064,-0.143,-0.172,0.072,-0.202,-20.511,-0.914,-0.449,-0.449,-0.412,-0.412,-0.157,0.723,-0.008,0.431,-0.484,0.457,20,0.255,0.475,0.255,-0.55,0.034,-0.045,-0.02,-0.046,0.83,-0.143,-0.125,0
13,2014/3/31,BAX,9.942,14.52,0.184,0.267,0.214,0.257,0.214,0.354,0.672,0.23,0.033,0.03,0.157,2.248,0.113,0.467,0.523,2.219,0.934,0.548,2.054,0.66,5.719,7.86,0.919,1.803,-0.051,4.574,19.536,11.512,16.066,16.243,20.104,20.104,2.608,12.446,0.521,0.132,0.564,0.165,0.176,0.261,0.176,0.261,0.333,0.509,0.489,0.552,0.49,0.184,A-,19,22,-3,-0.545,-0.477,-0.2,-0.004,-0.018,-0.249,-0.177,0.242,0.053,0.065,0.435,0.5,-0.29,0.559,-0.009,0.179,-0.192,0.035,0.312,-0.025,0.142,-0.104,-0.051,3.043,-0.234,-0.133,0.275,-0.11,0.053,0.195,0.005,0.009,0.24,0.24,-0.001,0.038,0.633,-0.195,-0.004,-0.183,-0.133,-0.237,-0.158,-0.237,-0.201,-0.118,0.193,0.192,0.178,-0.132,-0.136,-0.12,0
14,2012/11/30,BBY,-6.888,17.537,0.283,0.065,0.046,-0.203,0.33,0.138,0.727,0.577,0.112,0.068,0.142,0.671,0.237,0.145,0.767,3.353,0.448,0.669,3.108,2.996,21.874,7.215,8.38,13.539,-0.257,1.256,3.948,3.234,36.417,36.417,-4.536,-3.902,0.087,1.34,0.238,-0.021,0.267,0.02,0.194,-0.204,0.057,-0.204,0.845,0.619,0.278,0.365,0.31,0.025,BB,9,10,-1,0,0,0,0,0,0,0,0,0,0.187,0,0,0,0,0,0,0,0,0,0,0,0,0,0,0,0,0,-0.235,-0.26,0,-0.261,-0.261,-0.261,-0.261,-0.269,-0.268,0.087,0,0,0,0,0,0,0,0,0,0,0,0,0,-0.1,-0.167,-0.5
15,2015/8/31,BBY,10.356,16.678,0.189,0.052,0.036,0.176,0.232,0.11,0.679,0.398,0.058,0.054,0.368,0.77,0.079,0.149,0.645,4.181,0.316,0.596,2.116,2.725,37.053,5.629,6.452,8.494,-0.055,2.662,18.816,6.338,14.352,14.465,16.114,14.465,0.322,8.015,0.557,0.02,0.241,0.032,0.142,0.176,0.145,0.176,0.657,0.76,0.24,0.26,0.24,0.037,BB+,10,9,1,-2.503,-0.049,-0.332,-0.2,-0.217,-1.867,-0.297,-0.203,-0.066,-0.31,-0.482,-0.206,1.592,0.148,-0.667,0.028,-0.159,0.247,-0.295,-0.109,-0.319,-0.09,0.694,-0.22,-0.23,-0.373,-0.786,1.119,3.766,0.96,-0.606,-0.603,-4.552,-4.707,2.701,4.981,1.34,-1.952,-0.097,0.6,-0.268,-1.863,1.544,-1.863,-0.222,0.228,-0.137,-0.288,-0.226,0.48,0.111,-0.1,-2
16,2016/7/31,BBY,13.45,19.213,0.145,0.056,0.039,0.215,0.245,0.115,0.672,0.426,0.062,0.05,0.371,0.725,0.189,0.139,0.636,4.013,0.285,0.591,2.052,2.858,36.284,5.974,6.786,8.722,-0.059,2.45,18.711,5.585,12.308,12.399,11.546,11.507,0.275,5.975,0.478,0.025,0.248,0.04,0.157,0.215,0.183,0.215,0.708,0.778,0.222,0.274,0.222,0.042,BBB-,12,10,2,0.299,0.152,-0.233,0.077,0.083,0.222,0.056,0.045,-0.01,0.07,0.069,-0.074,0.008,-0.058,1.392,-0.067,-0.014,-0.04,-0.098,-0.008,-0.03,0.049,-0.021,0.061,0.052,0.027,0.073,-0.08,-0.006,-0.119,-0.142,-0.143,-0.283,-0.204,-0.146,-0.255,-0.142,0.25,0.029,0.25,0.106,0.222,0.262,0.222,0.078,0.024,-0.075,0.054,-0.075,0.135,0.2,0.111,1
17,2012/11/30,BDX,7.565,9.297,0.244,0.259,0.204,0.244,0.198,0.367,0.636,0.272,0.054,0.049,0.302,2.084,0.097,0.521,0.723,2.187,0.894,0.522,1.747,0.707,6.221,10.141,0.976,1.864,-0.06,3.588,12.815,9.82,14.12,14.385,14.466,13.716,1.959,8.579,0.332,0.144,0.568,0.191,0.184,0.248,0.173,0.248,0.386,0.524,0.476,0.528,0.476,0.21,A,22,25,-3,-0.335,-0.363,-0.203,-0.082,-0.101,-0.004,-0.182,0.406,0.184,-0.123,-0.115,-0.109,0.082,0.69,0.128,0.173,0.033,0.253,0.76,0.356,0.506,-0.094,-0.033,-0.063,-0.089,0.149,0.333,0.106,-0.089,0.173,0.102,0.098,0.096,0.045,-0.033,-0.071,0.161,-0.111,-0.016,-0.128,-0.164,0.008,-0.131,0.008,-0.109,-0.206,0.4,0.419,0.4,-0.071,-0.12,-0.107,0
18,2014/12/31,BDX,8.096,9.904,0.236,0.254,0.196,0.227,0.183,0.319,0.594,0.237,0.044,0.042,0.371,1.848,0.051,0.509,0.661,2.051,0.727,0.464,1.463,0.687,6.96,10.188,0.958,1.671,-0.046,5.192,23.753,12.015,21.778,22.266,23.232,23.232,3.186,15.413,0.355,0.14,0.568,0.18,0.175,0.235,0.15,0.235,0.386,0.573,0.427,0.45,0.427,0.207,BBB+,16,22,-6,0.07,0.065,-0.033,-0.019,-0.039,-0.07,-0.076,-0.131,-0.066,-0.129,-0.185,-0.143,0.228,-0.113,-0.474,-0.023,-0.086,-0.062,-0.187,-0.111,-0.163,-0.028,0.119,0.005,-0.018,-0.104,-0.233,0.447,0.854,0.224,0.542,0.548,0.606,0.694,0.626,0.797,0.069,-0.028,0,-0.058,-0.049,-0.052,-0.133,-0.052,0,0.094,-0.103,-0.148,-0.103,-0.014,-0.273,-0.12,1
19,2014/5/31,BTU,0.177,-0.766,0.071,0.07,-0.045,-0.071,-0.03,0.415,0.705,0.903,0.068,0.067,0.05,12.495,0.005,0.586,0.448,0.908,1.376,0.634,2.411,0.477,11.271,4.657,0.674,1.631,-0.057,1.095,11.838,22.032,-235.34,-235.34,-193.92,-117.1,0.636,8.686,0.121,-0.048,0.105,-0.12,0.032,-0.075,0.008,-0.075,0.05,0.413,0.583,0.586,0.586,0.065,BB-,8,9,-1,-1.183,-1.475,-0.489,-0.632,-1.529,-0.466,-1.545,0.059,0.041,-0.237,0.046,0.047,-0.107,1.896,-0.643,0.024,0.176,0.008,0.231,0.06,0.143,-0.004,0.05,0.059,0,0.093,-0.533,0.103,0.512,1.658,-0.298,-0.298,1.21,0.53,0.034,1.191,0,-0.534,-0.533,0.237,-0.636,-0.483,-1.25,-0.483,-0.537,-0.086,0.07,0.06,0.071,-33.5,-0.111,-0.1,0
20,2015/7/31,BTU,-1.104,0.28,0.032,0.126,0.017,-0.243,0.012,0.455,0.76,1.896,0.069,0.069,0.048,7.229,0.007,0.594,0.318,0.961,1.856,0.698,3.187,0.5,13.881,4.203,0.724,2.097,-0.086,0.149,3.043,10.572,-6.406,-6.406,-5.505,-5.294,0.055,1.168,0.121,-0.131,0.158,-0.091,0.062,-0.246,-0.047,-0.246,0.079,0.345,0.653,0.658,0.654,-0.024,B,6,8,-2,-7.237,-1.366,-0.549,0.8,-1.378,2.423,-1.4,0.096,0.078,1.1,0.015,0.03,-0.04,-0.421,0.4,0.014,-0.29,0.058,0.349,0.101,0.322,0.048,0.232,-0.097,0.074,0.286,0.509,-0.864,-0.743,-0.52,-0.973,-0.973,-0.972,-0.955,-0.914,-0.866,0,1.729,0.505,-0.242,0.938,2.28,-6.875,2.28,0.58,-0.165,0.12,0.123,0.116,-1.369,-0.25,-0.111,1
21,2016/1/31,BTU,-3.034,-1.323,0.032,0.014,-0.099,-0.671,-0.067,0.501,0.836,3.675,0.072,0.072,0.043,73.057,0.007,0.596,0.422,1.042,2.902,0.786,5.088,0.48,14.133,4.422,0.724,2.921,-0.142,0.109,-0.62,86.104,-0.811,-0.811,-0.668,-0.59,0.045,-20.117,0.121,-0.302,0.045,-0.286,0.007,-0.689,-0.153,-0.689,0.022,0.248,0.752,0.757,0.752,-0.189,CCC+,3,6,-3,1.748,-5.725,0,-0.889,-6.824,1.761,-6.583,0.101,0.1,0.938,0.043,0.043,-0.104,9.106,0,0.003,0.327,0.084,0.564,0.126,0.596,-0.04,0.018,0.052,0,0.393,0.651,-0.268,-1.204,7.145,-0.873,-0.873,-0.879,-0.889,-0.182,-18.223,0,1.305,-0.715,2.143,-0.887,1.801,2.255,1.801,-0.722,-0.281,0.152,0.15,0.15,6.875,-0.5,-0.25,0.5
22,2016/3/31,BTU,-2.916,-2.176,-0.001,-0.07,-0.18,-0.958,-0.127,0.573,0.917,6.94,0.146,0.076,0.026,-16.029,0.939,0.038,0.422,1.091,0.391,0.879,11.018,0.463,13.817,14.41,4.303,6.118,-0.149,0.156,-0.092,-16.39,-0.028,-0.028,-0.023,-0.021,0.062,-2.987,0.121,-0.325,-0.039,-0.355,-0.033,-1,-0.154,-1,-0.02,0.703,0.295,4.844,0.296,-0.217,D,0,3,-3,-0.039,0.645,-1.031,-6,0.818,0.428,0.896,0.144,0.097,0.888,1.028,0.056,-0.395,-1.219,133.143,-0.936,0,0.047,-0.865,0.118,1.165,-0.035,-0.022,2.259,4.943,1.094,0.049,0.431,-0.852,-1.19,-0.965,-0.965,-0.966,-0.964,0.378,-0.852,0,0.076,-1.867,0.241,-5.714,0.451,0.007,0.451,-1.909,1.835,-0.608,5.399,-0.606,0.148,-1,-0.5,0
23,2016/11/30,CAG,1.475,3.046,0.126,0.129,0.099,0.037,0.082,0.431,0.732,0.182,0.054,0.046,0.055,5.448,0.135,0.51,0.701,3.778,1.424,0.659,2.794,0.614,9.927,5.409,0.958,2.344,-0.094,4.32,32.029,22.893,37.825,37.825,126.517,24.46,1.888,10.952,3.433,0.015,0.319,0.035,0.075,0.037,0.044,0.037,0.196,0.409,0.582,0.673,0.587,0.105,BBB,14,12,2,-0.63,-0.406,-0.171,0.217,0.253,-0.711,-0.41,0.69,0.236,-0.593,-0.26,-0.343,0,1.647,2.462,0.232,0.031,0.476,1.414,0.39,0.893,-0.473,-0.304,-0.347,-0.463,-0.192,1.541,0.646,0.782,1.463,0.91,0.91,5.433,0.244,1.143,-0.028,4.449,-0.674,0.241,-0.478,-0.4,-0.72,-0.593,-0.72,-0.344,-0.335,0.552,0.721,0.549,0.4,0.167,-0.143,-2
24,2015/10/31,CHK,-8.542,-11.395,0.206,-0.285,-0.447,-0.401,-0.333,0.321,0.581,0.986,0.062,0.059,0.111,-2.315,0.062,0.527,-1.263,0.692,0.792,0.511,1.516,0.485,8.939,8.168,0.669,1.266,-0.25,0.65,13.418,-5.187,-139.39,-138.04,-130.59,-130.59,0.271,1.739,0.184,-0.374,-0.27,-0.492,-0.127,-0.535,-0.179,-0.419,-0.131,0.411,0.422,0.442,0.444,-0.207,BB-,8,10,-2,-5.107,-4.893,0.056,-1.934,-3.884,-6.985,-3.947,0.039,0.025,-0.021,-0.205,-0.234,1.775,-2.037,6.75,-0.026,2.214,0.08,0.014,0.02,0.024,0.071,0.13,0,0.091,0.068,1.717,-0.419,-1.067,-1.931,-1.256,-1.276,-1.279,-1.291,-0.729,-0.547,-0.734,-7.561,-1.823,-5.642,-1.92,-8.535,-3.712,-7.162,-1.885,-0.019,0.019,0.057,-0.002,-1.958,-0.2,0.25,-2
25,2015/12/31,CHK,-16.263,-20.854,0.206,-0.772,-0.945,-0.852,-0.667,0.37,0.621,0.369,0.064,0.059,0.141,-0.988,0.066,0.557,-1.628,0.765,1.082,0.563,1.796,0.485,9.115,8.168,0.67,1.403,-0.415,1.668,-10.293,-1.989,-51.195,-50.905,-49.288,-49.288,0.197,1.589,0.184,-0.782,-0.755,-1.01,-0.325,-1.119,-0.378,-0.859,-0.366,0.342,0.477,0.511,0.5,-0.604,B,6,8,-2,0.904,0.83,0,1.709,1.114,1.125,1.003,0.153,0.069,-0.626,0.032,0,0.27,-0.573,0.065,0.057,0.289,0.105,0.366,0.102,0.185,0,0.02,0,0.001,0.108,0.66,1.566,-1.767,-0.617,-0.633,-0.631,-0.623,-0.623,-0.273,-0.086,0,1.091,1.796,1.053,1.559,1.092,1.112,1.05,1.794,-0.168,0.13,0.156,0.126,1.918,-0.25,-0.2,0
26,2016/1/31,CHK,-16.263,-20.854,0.206,-0.772,-0.945,-0.852,-0.667,0.37,0.621,0.369,0.064,0.059,0.141,-0.988,0.066,0.557,-1.628,0.765,1.082,0.563,1.796,0.485,9.115,8.168,0.67,1.403,-0.415,1.257,-7.754,-1.989,-38.567,-38.348,-37.13,-37.13,0.149,1.197,0.184,-0.782,-0.755,-1.01,-0.325,-1.119,-0.378,-0.859,-0.366,0.342,0.477,0.511,0.5,-0.604,CCC+,3,6,-3,0,0,0,0,0,0,0,0,0,0,0,0,0,0,0,0,0,0,0,0,0,0,0,0,0,0,0,-0.246,-0.247,0,-0.247,-0.247,-0.247,-0.247,-0.244,-0.247,0,0,0,0,0,0,0,0,0,0,0,0,0,0,-0.5,-0.25,0.5
27,2016/2/29,CHK,-18.818,-24.74,0.082,-1.262,-1.436,-1.05,-1.04,0.62,0.862,0.372,0.069,0.066,0.055,-0.668,0.035,0.694,-2.056,1.046,1.387,0.851,6.997,0.439,7.586,8.168,0.999,5.97,-0.548,1.258,-0.784,-1.044,-0.117,-0.117,-0.116,-0.116,0.136,1.407,0.177,-1.151,-1.243,-1.496,-0.554,-2.3,-0.414,-1.542,-0.914,-0.072,0.812,0.842,0.829,-0.972,CCC,2,3,-1,0.157,0.186,-0.602,0.635,0.52,0.232,0.559,0.676,0.388,0.008,0.078,0.119,-0.61,-0.324,-0.47,0.246,0.263,0.367,0.282,0.512,2.896,-0.095,-0.168,0,0.491,3.255,0.32,0.001,-0.899,-0.475,-0.997,-0.997,-0.997,-0.997,-0.087,0.175,-0.038,0.472,0.646,0.481,0.705,1.055,0.095,0.795,1.497,-1.211,0.702,0.648,0.658,0.609,-0.333,-0.5,-0.667
28,2016/8/31,CHK,-14.176,-17.176,0.082,-0.988,-1.141,-2.128,-0.898,0.629,0.87,0.389,0.064,0.06,0.044,-1.119,0.062,0.677,-12.474,1.045,5.546,0.861,7.63,0.569,8.945,8.168,0.791,4.988,-0.513,1.263,-2.146,-1.809,-85.178,-85.178,-86.689,-86.689,0.514,28.852,0.132,-1.009,-0.965,-1.172,-0.459,-8.822,-0.577,-2.321,-0.549,-0.093,0.82,0.874,0.838,-0.836,CC,1,2,-1,-0.247,-0.306,0,-0.217,-0.205,1.027,-0.137,0.015,0.009,0.046,-0.072,-0.091,-0.2,0.675,0.771,-0.024,5.067,-0.001,2.999,0.012,0.09,0.296,0.179,0,-0.208,-0.164,-0.064,0.004,1.737,0.733,727.017,727.017,746.319,746.319,2.779,19.506,-0.254,-0.123,-0.224,-0.217,-0.171,2.836,0.394,0.505,-0.399,0.292,0.01,0.038,0.011,-0.14,-0.5,-0.333,0
29,2016/9/30,CHK,-14.176,-17.176,0.082,-0.988,-1.141,-2.128,-0.898,0.629,0.87,0.391,0.064,0.06,0.044,-1.119,0.062,0.677,-12.474,1.045,5.546,0.861,7.63,0.569,8.945,8.168,0.791,4.988,-0.513,1.264,-2.119,-1.809,-84.105,-84.105,-85.597,-85.597,0.507,28.488,0.125,-1.009,-0.965,-1.172,-0.459,-8.822,-0.577,-2.321,-0.549,-0.093,0.82,0.874,0.838,-0.836,CCC+,3,1,2,0,0,0,0,0,0,0,0,0,0.005,0,0,0,0,0,0,0,0,0,0,0,0,0,0,0,0,0,0.001,-0.013,0,-0.013,-0.013,-0.013,-0.013,-0.014,-0.013,-0.053,0,0,0,0,0,0,0,0,0,0,0,0,0,2,-0.5,-3
30,2017/1/31,CHK,-9.691,-10.482,0.082,-0.574,-0.719,-3.474,-0.644,0.69,0.944,0.403,0.061,0.058,0.015,-2.076,0.059,0.687,-8.245,1.102,5.391,0.953,24.914,0.579,8.693,8.168,0.822,15.274,-0.404,1.268,-2.132,-3.415,-135.36,-135.36,-141.14,-141.14,0.673,24.994,0.096,-0.733,-0.547,-0.811,-0.289,5.695,-0.461,-3.238,-0.317,-0.24,0.921,0.979,0.945,-0.562,B-,5,3,2,-0.316,-0.39,0,-0.419,-0.37,0.633,-0.283,0.097,0.085,0.031,-0.047,-0.033,-0.659,0.855,-0.048,0.015,-0.339,0.055,-0.028,0.107,2.265,0.018,-0.028,0,0.039,2.062,-0.212,0.003,0.006,0.888,0.609,0.609,0.649,0.649,0.327,-0.123,-0.232,-0.274,-0.433,-0.308,-0.37,-1.646,-0.201,0.395,-0.423,1.581,0.123,0.12,0.128,-0.328,0.667,2,0
31,2014/5/31,CI,8.211,12.304,0.016,0.12,0.102,0.195,0.218,0.096,0.811,0.469,0.054,0.052,0.101,1.333,0.038,0.114,0.752,31.712,0.493,0.563,4.321,0.602,2.427,3.631,2.134,3.207,-0.001,2.285,17.989,6.999,12.299,12.557,12.974,12.974,0.738,11.976,0.006,0.06,0.12,0.09,0.072,0.195,0.148,0.195,0.072,0.665,0.328,0.341,0.33,0.078,A,22,19,3,0.4,-0.003,-0.704,-0.062,-0.064,0.373,-0.052,-0.01,-0.015,-0.135,0,0.02,0.074,-0.009,-0.24,0.018,1.35,-0.2,-0.061,-0.049,-0.076,0.064,0.036,0.158,0.016,-0.003,-1.077,0.067,-0.005,0.357,0.191,0.197,-0.189,-0.189,0.09,-0.65,-0.25,0.395,-0.062,0.385,-0.014,0.373,0.333,0.373,0,0.018,-0.044,-0.055,-0.041,0.258,0.158,0.357,-0.4
32,2015/1/31,CLF,0.464,1.485,0.184,0.161,0.066,-0.015,0.029,0.311,0.539,1.616,0.053,0.05,0.055,5.522,0.059,0.543,0.375,0.655,0.503,0.452,1.315,0.35,18.724,9.92,0.464,0.852,-0.057,0.181,2.153,11.129,-35.667,-35.667,-6.83,-0.165,0.254,1.744,0.253,-0.024,0.213,-0.005,0.047,-0.027,0.004,-0.016,0.074,0.457,0.389,0.413,0.416,-1.648,B,6,8,-2,-0.831,-0.593,0,-0.337,-0.535,-1.312,-0.603,0.178,0.121,-0.412,0.039,0.02,0.038,0.699,0.475,0.03,1.193,0.145,-0.051,0.159,0.231,0.048,-0.022,0.002,0.072,0.148,1.28,-0.335,-0.413,0.624,-7.702,-7.575,-1.973,-1.004,-0.345,-0.358,-0.733,-1.353,-0.273,-1.064,-0.42,-1.562,-0.895,-1.314,-0.245,-0.107,0.186,0.208,0.156,-12.444,-0.25,-0.333,-0.5
33,2016/1/31,CLF,4.096,0.419,0.073,0.092,0.035,0.148,0.087,1.107,1.653,1.267,0.074,0.073,0.067,12.551,0.013,0.661,0.443,3.868,1.111,2.39,-2.439,0.958,9.817,12.618,2.18,4.973,0.153,2.01,0.535,18.666,0.603,0.719,0.44,-0.135,0.096,1.264,0.202,0.26,0.133,0.121,0.071,-0.3,0.542,-0.504,0.128,-2.16,2.485,2.517,2.633,-0.395,CC,1,6,-5,7.828,-0.718,-0.603,-0.429,-0.47,-10.867,2,2.559,2.067,-0.216,0.396,0.46,0.218,1.273,-0.78,0.217,0.181,4.905,1.209,4.288,-2.855,1.737,-0.476,0.272,3.698,4.837,-3.684,10.105,-0.752,0.677,-1.017,-1.02,-1.064,-0.182,-0.622,-0.275,-0.202,-11.833,-0.376,-25.2,0.511,10.111,134.5,30.5,0.73,-5.726,5.388,5.094,5.329,-0.76,-0.833,-0.25,1.5
34,2016/4/30,CLF,1.591,0.567,0.01,0.129,0.064,0.242,0.247,1.299,1.848,1.179,0.079,0.077,0.072,10.651,0.006,0.698,-1.132,3.727,1.421,3.205,-1.992,0.762,6.161,8.284,2.14,5.016,0.037,2.467,-0.802,14.391,-4.835,-4.835,8.365,-1.027,0.475,25.297,0,0.067,0.183,0.155,0.098,-0.04,0.271,-0.079,0.173,-2.874,2.919,2.938,3.559,0.137,CCC+,3,1,2,-0.612,0.353,-0.863,0.402,0.829,0.635,1.839,0.173,0.118,-0.069,0.068,0.055,0.075,-0.151,-0.538,0.056,-3.555,-0.036,0.279,0.341,-0.183,-0.205,-0.372,-0.343,-0.018,0.009,-0.758,0.227,-2.499,-0.229,-9.018,-7.725,18.011,6.607,3.948,19.013,-1,-0.742,0.376,0.281,0.38,-0.867,-0.5,-0.843,0.352,0.331,0.175,0.167,0.352,-1.347,2,-0.833,-1.4
35,2011/9/30,CMI,23.969,27.415,0.186,0.131,0.111,0.339,0.342,0.076,0.522,0.259,0.092,0.081,0.234,0.381,0.117,0.128,0.631,2.725,0.15,0.328,1.17,1.518,6.534,8.258,2.788,3.399,0.016,3.082,20.901,9.964,11.065,11.11,10.717,10.717,0.99,12.018,0.137,0.093,0.265,0.14,0.209,0.339,0.308,0.339,0.403,0.82,0.123,0.139,0.13,0.12,A,22,16,6,0.34,0.378,-0.215,0.236,0.442,0.614,0.652,-0.073,-0.04,-0.148,0.314,0.286,0.054,-0.35,0.093,-0.045,-0.2,0.062,-0.123,0.035,-0.081,0.148,0.056,-0.042,0.116,0.098,-1.286,-0.335,-0.257,0.067,-0.549,-0.547,-0.546,-0.546,-0.361,-0.17,-0.255,0.431,0.043,0.386,0.451,0.614,0.563,0.614,0.199,0.016,-0.109,-0.103,-0.11,0.188,0.375,0.143,2
36,2014/8/31,CMI,21.671,24.553,0.305,0.126,0.103,0.218,0.215,0.117,0.474,0.276,0.046,0.044,0.363,0.756,0.037,0.237,0.647,2.218,0.223,0.318,0.944,1.222,6.222,7.723,1.913,2.436,-0.018,3.427,20.188,12.368,17.849,17.893,17.112,17.112,1.473,14.583,0.293,0.087,0.273,0.123,0.161,0.219,0.193,0.219,0.334,0.785,0.176,0.183,0.183,0.115,A+,25,22,3,-0.096,-0.104,0.64,-0.038,-0.072,-0.357,-0.371,0.539,-0.092,0.066,-0.5,-0.457,0.551,0.984,-0.684,0.852,0.025,-0.186,0.487,-0.03,-0.193,-0.195,-0.048,-0.065,-0.314,-0.283,-2.125,0.112,-0.034,0.241,0.613,0.611,0.597,0.597,0.488,0.213,1.139,-0.065,0.03,-0.121,-0.23,-0.354,-0.373,-0.354,-0.171,-0.043,0.431,0.317,0.408,-0.042,0.136,0.375,-0.5
37,2014/12/31,CMS,2.19,2.84,0.102,0.254,0.161,0.094,0.1,0.466,0.797,0.669,0.053,0.049,0.034,4.568,0.076,0.54,-0.225,1.131,1.448,0.711,3.915,0.401,8.657,8.647,0.632,1.97,-0.044,1.759,24.854,8.942,19.093,19.413,19.744,19.744,1.341,7.586,0.586,0.067,0.254,0.104,0.104,0.137,0.07,0.135,0.102,0.318,0.679,0.735,0.679,0.161,BBB+,16,14,2,0.121,0.044,0.146,-0.038,-0.047,0.044,-0.02,0.062,-0.017,0.014,-0.117,-0.075,2.778,0.014,-0.126,0.093,-21.455,-0.06,-0.103,-0.003,-0.088,0.066,0.28,0.035,0.011,0.011,-0.154,0.007,0.111,0.065,0.093,0.084,-0.018,0.003,0.139,0.267,-0.128,0.136,-0.038,0.051,0.051,0.132,-0.054,0.134,0.052,0.006,0,-0.012,0,0.045,0.143,0.167,0
38,2013/5/31,CNP,1.738,2.273,0.1,0.303,0.166,0.05,0.09,0.431,0.809,0.836,0.067,0.058,0.067,4.136,0.139,0.459,0.381,1.366,0.995,0.702,4.225,0.344,10.449,12.079,0.611,1.797,-0.069,1.157,20.179,8.013,17.17,17.299,24.146,24.146,1.281,5.045,0.835,0.054,0.303,0.099,0.104,0.097,0.058,0.097,0.104,0.34,0.66,0.766,0.66,0.195,A-,19,16,3,-0.245,0.023,0.22,0.152,0.051,-0.6,-0.151,-0.059,-0.021,-0.129,-0.029,-0.108,1.094,-0.007,1.482,-0.124,0.621,-0.017,-0.23,-0.045,-0.11,-0.177,-0.018,-0.063,-0.114,-0.252,0.278,0.095,0.036,0.047,0.079,0.069,1.196,2.858,0.27,0.102,0.937,-0.413,0.152,-0.293,-0.071,-0.598,-0.376,-0.598,-0.055,0.185,-0.074,0.015,-0.074,-0.03,0.188,0.143,0.5
39,2015/12/31,CNX,-0.616,-3.133,0.146,-0.014,-0.231,-0.061,-0.074,0.309,0.558,2.14,0.072,0.057,0.011,-91.94,0.204,0.441,-1.473,0.638,0.542,0.444,1.274,0.241,5.337,6.012,0.351,0.55,-0.071,0.377,7.117,-231.02,-4.647,-4.62,-5.524,-5.448,0.656,3.686,0.341,-0.119,-0.014,-0.206,-0.003,-0.064,-0.014,-0.064,-0.003,0.637,0.358,0.45,0.36,0.106,BB-,8,9,-1,-1.046,-1.176,-0.12,-1.052,-2.367,-1.184,-1.252,1.533,-0.244,9.808,-0.258,0.295,-0.083,-119.175,-0.63,4.959,-55.556,-0.315,1.287,0.099,-0.601,-0.599,-0.607,-0.399,-0.811,-0.784,0.315,-0.928,-0.66,-29.074,-1.339,-1.332,-1.382,-1.377,-0.683,-0.629,1.545,-2,-1.047,-2.184,-1.019,-1.193,-1.044,-1.193,-1.017,-0.127,1.069,0.169,0.885,-0.523,-0.111,-0.1,0
40,2016/5/31,CNX,-1.362,-4.246,0.083,-0.106,-0.363,-0.092,-0.097,0.337,0.563,1.793,0.071,0.053,0.024,-15.408,0.263,0.441,-0.989,0.645,0.575,0.461,1.319,0.207,5.854,7.824,0.302,0.485,-0.078,0.759,20.242,-27.537,-6.071,-6.071,-7.719,-6.347,1.554,8.679,0.286,-0.202,-0.106,-0.256,-0.021,-0.094,-0.033,-0.094,-0.022,0.623,0.362,0.491,0.368,0.075,B,6,8,-2,1.211,0.355,-0.432,6.571,0.571,0.508,0.311,0.091,0.009,-0.162,-0.014,-0.07,1.182,-0.832,0.289,0,-0.329,0.011,0.061,0.038,0.035,-0.141,0.097,0.301,-0.14,-0.118,0.099,1.013,1.844,-0.881,0.306,0.314,0.397,0.165,1.369,1.355,-0.161,0.697,6.571,0.243,6,0.469,1.357,0.469,6.333,-0.022,0.011,0.091,0.022,-0.292,-0.25,-0.111,1
41,2017/2/28,CNX,-1.824,-2.492,0.09,0.063,-0.256,-0.127,-0.064,0.302,0.571,0.908,0.07,0.06,0.012,23.58,0.004,0.527,0.517,0.644,0.727,0.443,1.38,0.187,5.047,6.731,0.28,0.494,-0.101,0.941,-63.362,59.133,-6.542,-6.542,-6.542,-4.208,1.904,7.612,0.164,-0.29,0.063,-0.28,0.012,-0.128,-0.045,-0.128,0.013,0.567,0.412,0.414,0.421,0.033,B+,7,6,1,0.339,-0.413,0.084,-1.594,-0.295,0.38,-0.34,-0.104,0.014,-0.494,-0.014,0.132,-0.5,-2.53,-0.985,0.195,-1.523,-0.002,0.264,-0.039,0.046,-0.097,-0.138,-0.14,-0.073,0.019,0.295,0.24,-4.13,-3.147,0.078,0.078,-0.152,-0.337,0.225,-0.123,-0.427,0.436,-1.594,0.094,-1.571,0.362,0.364,0.362,-1.591,-0.09,0.138,-0.157,0.144,-0.56,0.167,-0.25,-1.5
42,2012/7/31,CPB,7.44,10.897,0.198,0.198,0.164,0.494,0.305,0.434,0.825,0.16,0.052,0.04,0.066,1.917,0.243,0.399,0.722,2.692,1.396,0.748,4.715,1.142,11.871,7.747,2.266,6.532,-0.056,6.115,13.737,8.775,13.351,13.459,14.272,14.272,1.359,9.325,0.505,0.097,0.425,0.139,0.225,0.663,0.222,0.663,0.485,0.347,0.652,0.861,0.653,0.13,BBB+,16,19,-3,-0.014,-0.011,0,-0.057,-0.068,-0.19,-0.113,-0.033,-0.018,0.159,-0.071,-0.048,-0.214,0.007,0.141,-0.052,-0.052,-0.018,-0.163,-0.03,-0.11,-0.028,-0.176,-0.004,0.034,-0.079,0.098,-0.164,0,0.041,0.032,0.032,0.039,0.039,-0.015,0,0.059,-0.067,-0.025,-0.079,-0.089,-0.17,-0.247,-0.17,-0.012,0.123,-0.054,-0.016,-0.054,-0.065,-0.158,-0.136,0
43,2013/10/31,CSX,4.3,6.102,0.137,0.387,0.295,0.11,0.189,0.309,0.696,0.76,0.065,0.06,0.049,2.065,0.072,0.412,0.319,0.81,0.502,0.532,2.297,0.387,11.65,6.765,0.655,1.275,-0.045,1.471,16.656,7.014,4.853,4.908,4.747,4.747,2.241,8.168,0.31,0.16,0.387,0.253,0.151,0.208,0.095,0.208,0.15,0.514,0.486,0.523,0.486,0.253,BBB+,16,14,2,0.13,0.096,-0.18,0.016,0.01,0.1,0.044,0.003,0.007,0.155,-0.071,-0.104,-0.29,-0.035,0.014,-0.005,-0.272,-0.009,-0.02,0.008,0.026,0.003,0.089,0.031,0.031,0.042,-0.262,-0.2,-0.24,-0.129,-0.742,-0.741,-0.755,-0.755,-0.176,-0.083,0.303,0.088,0.016,0.059,0.027,0.169,0.044,0.169,0.042,-0.01,0.01,0.012,0.01,0.072,0.143,0.167,0
44,2015/6/30,CTAS,7.722,10.496,0.268,0.189,0.153,0.178,0.194,0.289,0.515,0.239,0.05,0.05,0.251,1.536,0,0.561,0.675,2.731,0.538,0.399,1.063,0.994,8.882,16.644,1.284,2.051,-0.036,4.144,30.98,11.319,25.633,25.948,23.239,22.497,2.114,15.752,0.466,0.098,0.465,0.158,0.187,0.197,0.134,0.197,0.462,0.626,0.374,0.374,0.374,0.133,A-,19,16,3,0.357,0.264,-0.315,0.252,0.378,1.023,0.54,0.438,0.377,-0.63,-0.194,-0.194,0.029,0.087,-1,0.045,0.386,0.705,0.781,0.517,0.781,0.056,-0.035,-0.316,0.128,0.366,0.286,1.419,0.93,0.344,0.202,0.216,0.096,0.061,0.734,0.186,-0.261,0.581,0.006,0.596,0.317,1.096,0.614,1.096,0.062,-0.173,0.539,0.539,0.539,0.157,0.188,-0.158,-2
45,2013/9/30,DELL,6.335,9.112,0.089,0.063,0.04,0.128,0.122,0.175,0.769,0.484,0.054,0.031,0.331,2.265,0.418,0.133,0.87,16.362,0.437,0.646,3.332,1.233,5.909,3.873,3.702,5.345,-0.068,2.243,10.06,8.235,14.475,14.475,18.093,18.093,0.427,5.467,0.419,0.024,0.225,0.028,0.078,0.13,0.102,0.13,0.277,0.693,0.306,0.526,0.307,0.046,BB-,8,14,-6,-0.353,-0.268,0,-0.203,-0.322,-0.451,-0.311,-0.084,-0.008,-0.006,0.174,0.069,-0.046,0.123,-0.012,-0.063,0.031,-0.056,-0.064,-0.02,-0.034,-0.003,0.019,0.034,0.037,0.003,2.4,0.073,0.065,0.156,0.615,0.604,0.829,0.829,0.036,-0.235,2.581,-0.429,-0.043,-0.44,-0.204,-0.463,-0.4,-0.463,-0.018,0.034,-0.07,-0.077,-0.067,-0.258,-0.429,-0.263,0.2
46,2015/8/31,DHI,5.036,6.057,-0.13,0.105,0.1,0.131,0.114,0.36,0.491,0.561,0.05,0.044,0.133,3.549,0.111,0.652,0.688,21.245,0.629,0.445,0.965,0.963,57.934,17.924,1.161,1.892,0.056,1.979,23.768,12.246,16.328,16.505,16.505,16.505,1.099,108.886,0.135,0.067,0.218,0.102,0.104,0.131,0.099,0.131,0.21,0.614,0.386,0.435,0.386,0.073,BB+,10,9,1,-0.388,1.086,0.585,0.221,0.22,-0.588,0.481,0.014,-0.037,0.174,-0.194,-0.214,-0.54,-0.393,0.247,0.028,6.644,-0.51,-0.047,0.002,-0.074,0.364,1.644,-0.171,0.338,0.312,-0.815,0.08,-2.037,-0.41,-0.171,-0.193,1.358,1.358,-0.166,-17.765,0.709,-0.673,0.009,0.259,0.552,-0.588,-0.562,-0.588,0.373,0.02,-0.03,-0.002,-0.03,-0.662,0.111,0.125,0
47,2016/8/31,DHI,6.227,7.784,0.133,0.113,0.108,0.141,0.129,0.323,0.45,0.556,0.053,0.044,0.238,2.771,0.167,0.597,0.87,25.635,0.489,0.402,0.819,1.032,78.665,18.09,1.261,1.878,0.022,1.833,19.582,11.477,13.939,14.123,14.249,14.249,1.028,19.879,0.133,0.073,0.221,0.109,0.118,0.141,0.11,0.141,0.228,0.672,0.328,0.394,0.328,0.078,BBB-,12,10,2,0.236,0.285,-2.023,0.076,0.08,0.076,0.132,-0.103,-0.084,-0.009,0.06,0,0.789,-0.219,0.505,-0.084,0.265,0.207,-0.223,-0.097,-0.151,0.072,0.358,0.009,0.086,-0.007,-0.607,-0.074,-0.176,-0.063,-0.146,-0.144,-0.137,-0.137,-0.065,-0.817,-0.015,0.09,0.014,0.069,0.135,0.076,0.111,0.076,0.086,0.094,-0.15,-0.094,-0.15,0.068,0.2,0.111,1
48,2014/12/31,DO,3.983,5.278,0.284,0.386,0.237,0.074,0.098,0.294,0.449,1.061,0.059,0.052,0.409,2.22,0.103,0.586,-0.393,0.632,0.429,0.357,0.816,0.343,5.834,16.198,0.421,0.623,-0.063,1.01,6.016,8.178,16.172,16.243,13.301,13.301,1.772,5.651,1.281,0.134,0.413,0.191,0.135,0.083,0.071,0.083,0.142,0.676,0.324,0.361,0.324,0.282,A-,19,22,-3,-0.478,-0.438,-0.424,-0.092,-0.194,-0.383,-0.31,0.434,0.234,0.768,-0.078,-0.161,-0.198,0.856,1.452,0.083,-2.965,0.215,0.543,0.406,0.429,-0.151,-0.061,-0.121,-0.132,-0.019,-0.16,-0.337,-0.229,-0.056,0.333,0.338,0.028,0.028,-0.341,-0.172,0.599,-0.356,-0.09,-0.279,-0.22,-0.376,-0.33,-0.376,-0.224,-0.115,0.373,0.467,0.373,-0.166,-0.136,0.158,-2
49,2015/4/30,DO,4.003,5.251,0.278,0.403,0.24,0.076,0.098,0.28,0.445,0.99,0.061,0.054,0.07,1.981,0.111,0.559,-1.047,0.514,0.4,0.349,0.802,0.343,6.032,13.789,0.437,0.632,-0.074,0.921,6.422,6.424,14.004,14.004,11.911,11.911,1.631,4.624,1.245,0.137,0.432,0.183,0.138,0.085,0.07,0.085,0.151,0.691,0.309,0.348,0.309,0.3,BBB+,16,19,-3,0.005,-0.005,-0.021,0.044,0.013,0.027,0,-0.048,-0.009,-0.067,0.034,0.038,-0.829,-0.108,0.078,-0.046,1.664,-0.187,-0.068,-0.022,-0.017,0,0.034,-0.149,0.038,0.014,0.175,-0.088,0.067,-0.214,-0.134,-0.138,-0.105,-0.105,-0.08,-0.182,-0.028,0.022,0.046,-0.042,0.022,0.024,-0.014,0.024,0.063,0.022,-0.046,-0.036,-0.046,0.064,-0.158,-0.136,0
50,2016/7/31,DO,1.631,5.415,0.241,0.463,0.26,0.015,0.089,0.314,0.432,1.485,0.055,0.047,0.041,2.229,0.15,0.618,0.154,0.488,0.436,0.363,0.761,0.304,5.042,16.127,0.365,0.536,-0.1,0.704,6.081,5.034,43.692,43.692,45.44,45.44,1.373,3.814,3.762,0.03,0.491,-0.005,0.138,0.016,0.027,0.016,0.149,0.68,0.32,0.376,0.32,0.233,BBB,14,16,-2,-0.593,0.031,-0.133,0.149,0.083,-0.803,-0.092,0.121,-0.029,0.5,-0.098,-0.13,-0.414,0.125,0.351,0.106,-1.147,-0.051,0.09,0.04,-0.051,-0.114,-0.164,0.17,-0.165,-0.152,0.351,-0.236,-0.053,-0.216,2.12,2.12,2.815,2.815,-0.158,-0.175,2.022,-0.781,0.137,-1.027,0,-0.812,-0.614,-0.812,-0.013,-0.016,0.036,0.08,0.036,-0.223,-0.125,-0.158,-0.333
51,2016/11/30,DO,-5.68,3.393,0.241,0.444,0.211,-0.169,0.059,0.323,0.424,1.572,0.055,0.05,0.039,2.788,0.091,0.692,0.12,0.472,0.486,0.365,0.737,0.261,5.16,18.465,0.3,0.454,-0.214,0.652,7.147,6.5,-3.778,-3.778,-3.376,-3.376,1.404,3.252,2.855,-0.416,0.48,-0.515,0.11,-0.18,-0.099,-0.18,0.125,0.662,0.338,0.372,0.338,-0.184,BB+,10,14,-4,-4.483,-0.373,0,-0.041,-0.188,-12.267,-0.337,0.029,-0.019,0.059,0,0.064,-0.049,0.251,-0.393,0.12,-0.221,-0.033,0.115,0.006,-0.032,-0.141,0.023,0.145,-0.178,-0.153,1.14,-0.074,0.175,0.291,-1.086,-1.086,-1.074,-1.074,0.023,-0.147,-0.241,-14.867,-0.022,102,-0.203,-12.25,-4.667,-12.25,-0.161,-0.026,0.056,-0.011,0.056,-1.79,-0.286,-0.125,1
52,2017/1/31,DO,-5.68,3.393,0.241,0.444,0.211,-0.169,0.059,0.323,0.424,1.572,0.055,0.05,0.039,2.788,0.091,0.692,0.12,0.472,0.486,0.365,0.737,0.261,5.16,18.465,0.3,0.454,-0.214,0.592,6.482,6.5,-3.427,-3.427,-3.062,-3.062,1.274,2.95,2.402,-0.416,0.48,-0.515,0.11,-0.18,-0.099,-0.18,0.125,0.662,0.338,0.372,0.338,-0.184,BB-,8,10,-2,0,0,0,0,0,0,0,0,0,0,0,0,0,0,0,0,0,0,0,0,0,0,0,0,0,0,0,-0.092,-0.093,0,-0.093,-0.093,-0.093,-0.093,-0.093,-0.093,-0.159,0,0,0,0,0,0,0,0,0,0,0,0,0,-0.2,-0.286,-0.5
53,2016/4/30,DRI,5.217,7.469,0.129,0.128,0.085,0.132,0.162,0.216,0.601,0.264,0.082,0.068,0.176,1.302,0.171,0.299,0.656,1.248,0.398,0.388,1.505,1.294,109.755,27.626,2.236,3.241,-0.065,3.688,26.049,10.26,19.393,19.762,23.851,23.58,1.123,11.341,0.813,0.048,0.223,0.057,0.155,0.15,0.11,0.15,0.288,0.69,0.31,0.374,0.31,0.092,BBB,14,12,2,0.965,1.512,-0.338,0.153,0.328,0.389,0.906,-0.463,-0.158,-0.343,0.608,0.447,8.778,-0.684,0.943,-0.417,1.955,0.1,-0.634,-0.365,-0.398,0.479,0.356,0.923,0.667,0.059,-0.369,0.329,0.534,-0.244,-0.338,-0.34,-0.241,0.29,0.014,0.539,-0.338,0.333,0.042,0.39,0.535,0.339,0.447,0.339,0.54,0.575,-0.448,-0.393,-0.448,-0.298,0.167,-0.143,-2
54,2015/4/30,DUK,2.451,3.337,0.083,0.365,0.236,0.045,0.068,0.352,0.661,0.927,0.045,0.041,0.026,4.876,0.125,0.466,0.183,1.139,0.68,0.523,1.953,0.203,8.296,6.613,0.306,0.585,-0.035,1.004,27.847,11.647,17.71,17.71,22.419,29.162,2.295,8.339,0.913,0.103,0.365,0.173,0.074,0.06,0.045,0.06,0.072,0.523,0.476,0.545,0.477,0.25,A-,19,16,3,-0.099,-0.084,-0.108,0.064,0.088,-0.082,-0.081,0.073,0.054,-0.157,-0.043,-0.047,-0.447,0.207,0.359,-0.019,-1.859,0.254,0.143,0.081,0.156,-0.143,-0.296,-0.209,-0.133,-0.083,0.029,-0.35,-0.202,0.223,-0.621,-0.621,-0.63,-0.518,-0.303,-0.374,0.017,0,0.064,0.185,-0.098,-0.077,-0.082,-0.077,-0.111,-0.054,0.072,0.115,0.072,0.016,0.188,-0.158,-2
55,2016/3/31,ECL,4.95,8.107,0.171,0.215,0.152,0.118,0.151,0.347,0.626,0.242,0.056,0.039,0.008,2.223,0.341,0.365,0.592,3.612,0.52,0.521,1.688,0.711,5.256,5.617,1.205,1.96,-0.052,3.998,37.737,13.864,25.117,25.519,33.59,33.59,2.418,16.375,0.396,0.074,0.536,0.097,0.153,0.141,0.093,0.141,0.389,0.615,0.379,0.575,0.381,0.139,A-,19,16,3,-0.454,-0.42,-0.507,0.126,0.134,-0.48,-0.449,0.744,0.108,0.08,-0.385,-0.35,-0.875,1.656,-0.009,0.58,-0.042,0.45,0.787,0.357,0.298,-0.427,-0.136,-0.278,-0.451,-0.314,-0.224,-0.416,-0.031,0.328,0.078,0.077,0.243,0.243,-0.091,-0.196,0.265,-0.039,-0.032,-0.142,-0.376,-0.397,-0.526,-0.397,-0.434,-0.199,0.648,0.638,0.649,0.03,0.188,-0.273,-1.5
56,2016/3/31,F,3.271,3.111,0.082,0.121,0.068,0.27,0.066,0.591,0.872,0.521,0.038,0.026,0.165,7.342,0.324,0.458,0.555,3.426,3.083,0.842,6.849,0.69,1.536,5.961,1.261,5.222,-0.041,1.812,6.056,10.439,6.959,6.995,7.337,7.337,0.353,3.265,0.323,0.049,0.2,0.069,0.083,0.276,0.101,0.276,0.133,0.241,0.758,1.12,0.758,0.103,BBB,14,12,2,0.229,0.324,0.577,0.21,0.115,-0.204,-0.07,0.073,-0.035,0.598,-0.296,-0.257,-0.127,-0.009,-0.092,0.168,0.687,-0.154,-0.158,-0.037,-0.291,-0.068,-0.11,-0.039,-0.234,-0.34,1.412,-0.449,-0.582,-0.048,-0.332,-0.345,-0.343,-0.343,-0.234,-0.532,0.682,0.14,0.143,0.211,0.092,-0.211,-0.122,-0.211,0.031,0.159,-0.038,-0.085,-0.042,0.241,0.167,0.2,0
57,2015/2/28,FCX,-0.51,1.267,0.158,0.241,0.051,-0.049,0.028,0.323,0.605,1.017,0.045,0.044,0.013,3.676,0.025,0.52,-0.281,0.782,0.749,0.54,1.945,0.351,8.366,6.588,0.514,1.172,-0.114,0.911,8.464,8.526,56.921,56.921,-17.167,-17.167,1.049,3.994,0.636,-0.061,0.274,-0.02,0.084,-0.067,0.002,-0.067,0.1,0.438,0.443,0.455,0.503,0.155,BBB-,12,14,-2,-1.047,-0.936,-0.626,-0.559,-0.896,-1.132,-0.956,0.934,0.2,2.178,-0.605,-0.581,-0.952,7.569,-0.675,0.705,-1.373,-0.094,1.548,0.504,0.634,-0.506,-0.209,0.414,-0.531,-0.302,0.676,-0.694,-1.002,0.93,4.648,4.589,-2.666,-2.666,-0.575,-0.457,1.777,-1.253,-0.523,-1.043,-0.792,-1.143,-0.994,-1.153,-0.756,-0.328,0.869,0.77,0.884,-0.572,-0.143,0.167,-2
58,2016/2/29,FCX,-13.228,-15.527,0.095,-0.608,-0.841,-0.665,-0.408,0.439,0.725,1.436,0.045,0.044,0.007,-2.118,0.032,0.586,-0.973,0.976,1.632,0.745,4.314,0.301,6.561,9.88,0.487,2.028,-0.293,0.788,-14.538,-3.071,-0.672,-0.672,-0.675,-0.675,0.602,2.966,1.308,-0.771,-0.564,-0.883,-0.183,-0.937,-0.237,-0.937,-0.192,0.24,0.607,0.627,0.716,-0.528,BB,9,12,-3,24.937,-13.255,-0.399,-3.523,-17.49,12.571,-15.571,0.359,0.198,0.412,0,0,-0.462,-1.576,0.28,0.127,2.463,0.248,1.179,0.38,1.218,-0.142,-0.216,0.5,-0.053,0.73,1.57,-0.135,-2.718,-1.36,-1.012,-1.012,-0.961,-0.961,-0.426,-0.257,1.057,11.639,-3.058,43.15,-3.179,12.985,-119.5,12.985,-2.92,-0.452,0.37,0.378,0.423,-4.406,-0.25,-0.143,0.5
59,2016/9/30,FCX,-13.424,-13.715,0.095,-0.647,-0.872,-0.912,-0.395,0.449,0.742,0.529,0.044,0.042,0.009,-2.331,0.043,0.579,-0.522,1.033,1.795,0.778,5.075,0.298,6.71,6.984,0.433,2.036,-0.328,1.859,-14.029,-3.77,-1.105,-1.105,-1.025,-1.01,1.071,4.733,1.701,-0.917,-0.602,-0.933,-0.18,-1.363,-0.302,-1.363,-0.179,0.213,0.625,0.653,0.746,-0.665,BB-,8,9,-1,0.015,-0.117,0,0.064,0.037,0.371,-0.032,0.023,0.023,-0.632,-0.022,-0.045,0.286,0.101,0.344,-0.012,-0.464,0.058,0.1,0.044,0.176,-0.01,0.023,-0.293,-0.111,0.004,0.119,1.359,-0.035,0.228,0.644,0.644,0.519,0.496,0.779,0.596,0.3,0.189,0.067,0.057,-0.016,0.455,0.274,0.455,-0.068,-0.112,0.03,0.041,0.042,0.259,-0.111,-0.25,-0.667
60,2014/1/31,FIS,3.841,5.967,0.155,0.3,0.197,0.075,0.105,0.335,0.511,0.551,0.044,0.043,0.091,2.585,0.028,0.637,0.883,16.812,0.606,0.438,1.068,0.432,5.188,6.488,0.53,0.903,-0.032,1.982,39.465,9.249,23.257,23.692,26.684,26.825,2.464,14.693,0.446,0.094,0.429,0.147,0.131,0.085,0.065,0.085,0.185,0.587,0.399,0.411,0.405,0.204,BBB,14,12,2,0.202,0.263,-0.049,-0.01,0.026,0.087,0.082,-0.026,-0.002,-0.325,-0.137,-0.122,0.282,-0.052,-0.176,-0.02,0.006,-0.006,-0.018,-0.009,-0.004,0.036,-0.034,-0.086,0.043,0.033,-0.238,0.358,0.111,0.158,0.184,0.187,0.244,0.07,0.306,0.472,0.3,0.056,-0.002,0.089,0.04,0.09,0.032,0.09,0.034,0.009,-0.015,-0.021,-0.015,-0.042,0.167,0.2,0
61,2015/2/28,FLS,9.601,12.671,0.189,0.179,0.157,0.257,0.248,0.232,0.609,0.255,0.054,0.051,0.149,1.325,0.046,0.364,0.768,4.361,0.537,0.478,1.567,0.975,4.36,4.888,1.603,2.525,-0.01,4.082,18.439,10.547,16.657,16.792,16.524,16.524,1.716,14.659,0.171,0.106,0.374,0.15,0.174,0.273,0.188,0.273,0.367,0.635,0.362,0.379,0.363,0.13,BBB,14,12,2,-0.242,-0.238,1.032,0.155,0.189,0.382,0.143,1.09,0.238,-0.324,-0.325,-0.292,0.393,0.858,-0.574,0.811,0.153,0.143,1.754,0.562,0.61,-0.029,-0.018,-0.19,-0.031,0.272,-1.526,0.569,0.137,0.265,2.19,2.183,2.149,2.149,0.283,-0.191,0.024,0.14,0.051,0.172,0.108,0.46,0.119,0.46,0.028,-0.238,1.221,1.071,1.213,0.111,0.167,0.2,0
62,2015/2/28,FMC,6.678,9.598,0.099,0.195,0.166,0.25,0.204,0.314,0.707,0.208,0.061,0.04,0.029,2.136,0.313,0.305,0.399,2.886,0.729,0.58,2.467,0.764,2.354,5.484,1.486,2.638,0.004,5.344,22.243,11.812,18.816,18.985,21.422,27.69,2.094,22.622,0.203,0.098,0.37,0.12,0.149,0.26,0.172,0.26,0.28,0.563,0.424,0.618,0.43,0.134,BBB+,16,19,-3,-0.423,-0.417,-0.365,-0.148,-0.144,-0.247,-0.358,0.396,0.091,0.112,0.245,-0.13,-0.256,0.9,4.796,-0.07,-0.237,0.17,0.152,0.176,0.277,-0.126,-0.299,-0.018,-0.041,0.012,1,-0.053,-0.196,0.159,0.018,0.02,0.116,0.33,-0.114,0.17,0.862,-0.216,-0.077,-0.318,-0.287,-0.217,-0.259,-0.217,-0.202,-0.052,0.128,0.553,0.108,-0.207,-0.158,0.188,-2
63,2015/12/31,FMC,1.671,3.493,0.099,0.117,0.082,0.028,0.073,0.34,0.694,0.518,0.048,0.037,0.052,5.378,0.222,0.382,0.399,3.807,0.818,0.581,2.315,0.54,1.882,4.764,0.946,1.802,0.032,2.226,15.854,22.899,31.556,31.556,100.333,6.805,1.601,-37.752,1.717,0.016,0.385,-0.004,0.067,0.03,0.043,0.03,0.208,0.525,0.464,0.596,0.469,0.065,BBB,14,16,-2,-0.75,-0.636,0,-0.4,-0.506,-0.888,-0.642,0.083,-0.018,1.49,-0.213,-0.075,0.793,1.518,-0.291,0.252,0,0.319,0.122,0.002,-0.062,-0.293,-0.201,-0.131,-0.363,-0.317,7,-0.583,-0.287,0.939,0.677,0.662,3.684,-0.754,-0.235,-2.669,7.458,-0.837,0.041,-1.033,-0.55,-0.885,-0.75,-0.885,-0.257,-0.067,0.094,-0.036,0.091,-0.515,-0.125,-0.158,-0.333
64,2015/10/31,GLW,21.174,12.611,0.56,0.315,0.19,0.15,0.08,0.119,0.278,0.769,0.043,0.04,0.685,1.183,0.049,0.408,0.633,0.648,0.176,0.172,0.387,0.321,6.229,5.026,0.384,0.446,-0.016,1.178,9.122,10.831,8.692,9.3,8.986,8.986,2.304,6.516,0.268,0.304,0.538,0.403,0.101,0.145,0.122,0.134,0.173,0.769,0.136,0.143,0.136,0.429,BBB+,16,19,-3,0.868,0.46,0.369,0.036,0.073,0.899,0.404,0.133,0.108,-0.253,-0.218,-0.259,-0.133,-0.048,1.45,-0.007,0.13,-0.087,0.275,0.154,0.152,0.155,0.017,-0.074,0.174,0.196,-0.556,-0.007,-0.046,0.145,-0.42,-0.384,-0.425,-0.425,-0.284,-0.307,-0.188,0.434,-0.007,0.544,0.202,0.835,0.627,0.696,0.146,-0.123,0.124,0.153,0.124,0.208,-0.158,0.188,-2
65,2014/9/30,GM,9.436,10.784,0.103,0.064,0.027,0.096,0.062,0.213,0.759,0.67,0.017,0.011,0.231,3.623,0.385,0.172,0.207,4.33,0.614,0.606,3.188,0.911,6.327,5.113,2.447,3.827,-0.056,1.318,1.892,9.615,11.988,13.624,14.529,14.529,0.327,4.028,1.937,0.021,0.141,0.024,0.06,0.057,0.061,0.081,0.128,0.572,0.351,0.571,0.355,0.059,BBB-,12,10,2,-0.216,0.526,0.537,-0.273,-0.372,-0.757,-0.657,1.731,0.026,-0.006,-0.857,-0.862,-0.238,3.169,0.188,1.423,0.286,-0.189,1.201,0.242,0.094,-0.11,-0.274,-0.035,-0.252,-0.052,-2.931,0.334,-0.558,1.149,3.105,3.335,4.176,4.176,0.58,-0.234,4.044,-0.691,-0.171,-0.647,-0.355,-0.831,-0.777,-0.726,-0.264,-0.042,1.077,1.284,1.064,-0.473,0.2,0.25,0
66,2017/1/31,GM,27.12,18.861,0.078,0.128,0.067,0.345,0.093,0.349,0.793,0.938,0.01,0.007,0.15,3.8,0.304,0.307,-0.904,2.765,1.188,0.7,3.875,0.721,5.131,4.537,1.603,3.521,-0.006,1.238,8.301,6.316,9.664,10.658,11.805,11.805,0.372,3.681,0.171,0.092,0.197,0.086,0.095,0.345,0.162,0.345,0.142,0.455,0.541,0.777,0.543,0.153,BBB,14,12,2,1.874,0.749,-0.243,1,1.481,2.594,0.5,0.638,0.045,0.4,-0.412,-0.364,-0.351,0.049,-0.21,0.785,-5.367,-0.361,0.935,0.155,0.215,-0.209,-0.189,-0.113,-0.345,-0.08,-0.893,-0.061,3.387,-0.343,-0.194,-0.218,-0.187,-0.187,0.138,-0.086,-0.912,3.381,0.397,2.583,0.583,5.053,1.656,3.259,0.109,-0.205,0.541,0.361,0.53,1.593,0.167,0.2,0
67,2015/12/31,GS,2.577,3.625,-0.01,0.464,0.438,0.1,0.032,0.524,0.9,0.987,0.026,0.01,0.297,24.893,0.605,0.23,0.77,72.801,2.371,0.899,9.08,0.045,0.13,-0.045,0.148,0.458,0.003,1.005,10.551,30.195,9.643,9.849,11.842,11.842,1.956,14.974,0.295,0.19,0.464,0.278,0.021,0.094,0.047,0.089,0.021,0.285,0.675,1.709,0.676,0.217,BBB+,16,19,-3,0.448,0.664,0.429,0.004,0.055,0.19,0.28,-0.148,-0.022,-0.288,-0.35,-0.231,-0.086,-0.214,-0.108,0.07,-0.006,-0.141,-0.115,-0.022,-0.227,0.071,-0.145,-1.281,-0.02,-0.146,-0.786,0.426,0.98,-0.162,-0.266,-0.299,-0.198,-0.198,0.623,-3.174,-0.779,0.275,0.004,0.299,0.05,0.741,-0.078,0.141,0.105,0.071,-0.055,-0.228,-0.057,0.074,-0.158,-0.136,0
68,2015/7/31,GWW,90.791,159.946,0.476,0.163,0.142,0.24,0.371,0.101,0.366,0.199,0.022,0.017,0.145,0.327,0.255,0.206,0.556,1.504,0.121,0.244,0.59,1.895,8.377,10.56,2.67,3.058,-0.029,4.816,21.941,10.663,18.311,18.519,19.975,19.975,1.506,15.908,0.381,0.079,0.454,0.133,0.309,0.241,0.214,0.241,0.86,0.873,0.106,0.142,0.108,0.102,AA-,28,32,-4,0.349,0.363,0,0,0,-0.016,-0.021,0.11,-0.037,0.047,-0.214,-0.292,0.295,0.097,0.536,0.025,-0.067,-0.012,-0.024,-0.012,-0.061,0.005,-0.044,0.041,-0.012,-0.015,-0.033,-0.056,-0.087,-0.018,-0.08,-0.082,-0.079,-0.079,-0.097,-0.082,0.047,-0.012,-0.004,-0.007,0.003,-0.028,-0.005,-0.028,0.004,0.003,-0.036,0.084,-0.036,0,-0.125,-0.111,0
69,2016/7/31,HAL,-4.321,4.031,0.135,0.167,0.089,-0.157,0.068,0.391,0.546,0.425,0.044,0.036,0.346,3.714,0.116,0.583,0.109,1.7,0.704,0.479,1.207,0.631,3.826,8.041,0.817,1.394,-0.134,2.882,18.41,12.494,-23.858,-23.858,-15.373,-15.373,1.805,19.509,2.493,-0.117,0.176,-0.161,0.108,-0.157,-0.079,-0.157,0.111,0.586,0.413,0.506,0.413,-0.039,BBB+,16,19,-3,0,0,0,0,0,0,0,0,0,0,0,0,0,0,0,0,0,0,0,0,0,0,0,0,0,0,0,0.035,0.035,0,0.035,0.035,0.035,0.035,0.035,0.035,0.022,0,0,0,0,0,0,0,0,0,0,0,0,0,-0.158,-0.136,0
70,2013/10/31,HD,8.536,13.13,0.299,0.132,0.111,0.282,0.303,0.279,0.602,0.139,0.061,0.056,0.126,1.145,0.085,0.424,0.817,1.063,0.629,0.518,1.51,1.845,50.014,8.072,2.823,4.631,-0.058,7.076,32.465,11.141,22.577,22.775,23.044,23.044,1.43,15.013,0.402,0.064,0.346,0.102,0.244,0.287,0.2,0.287,0.639,0.61,0.39,0.427,0.39,0.086,A,22,19,3,0.095,0.12,0.384,0.168,0.233,0.5,0.416,0.134,0.087,-0.588,0.13,0.077,0.853,-0.131,0.635,0.007,0.025,0.148,0.219,0.121,0.215,0.12,-0.061,0.022,0.163,0.253,0.16,1.161,0.884,0.307,0.289,0.295,0.31,0.31,0.627,0.418,-0.082,0.231,0.006,0.229,0.312,0.511,0.361,0.511,0.129,-0.072,0.137,0.18,0.137,0.117,0.158,0.188,0
71,2016/2/29,HES,-6.793,-6.111,0.144,0.288,-0.355,-0.134,-0.087,0.194,0.403,1.494,0.062,0.061,0.197,3.469,0.013,0.474,-1.181,0.523,0.316,0.268,0.712,0.182,4.106,5.736,0.246,0.342,-0.137,0.663,11.066,10.726,-7.942,-7.942,-4.109,-4.045,2.071,6.938,0.198,-0.453,0.477,-0.642,0.053,-0.145,-0.085,-0.145,0.093,0.719,0.243,0.246,0.252,0.259,BBB-,12,14,-2,-2.482,-1.804,-0.246,0.789,-4.989,-2.489,-1.521,0.293,-0.263,0.915,-0.295,-0.282,1.662,3.081,-0.5,0.775,-16.747,-0.457,0.137,-0.34,-0.416,-0.834,-0.484,0.063,-0.865,-0.86,1.076,-0.396,0.015,1.377,-1.593,-1.591,-1.315,-1.31,2.759,0.28,1,-11.786,1.013,-9.447,-0.704,-2.368,-1.924,-2.368,-0.642,-0.039,-0.004,-0.016,0.024,0.977,-0.143,0.167,-2
72,2013/9/30,HOG,4.207,5.97,0.121,0.254,0.225,0.265,0.162,0.57,0.719,0.231,0.051,0.04,0.238,3.708,0.222,0.617,0.783,8.696,1.58,0.682,2.56,0.605,2.706,10.013,0.835,2.155,-0.021,5.079,32.326,11.326,20.265,20.394,20.723,20.723,2.476,15.871,0.234,0.121,0.454,0.186,0.155,0.265,0.137,0.265,0.275,0.388,0.612,0.787,0.612,0.166,A-,19,16,3,0.617,0.562,-0.199,0.045,0.087,0.359,0.218,-0.037,-0.035,-0.291,-0.215,-0.2,0.102,-0.164,-0.022,0.003,0.008,-0.021,-0.119,-0.038,-0.122,0.1,0.066,-0.059,0.083,0.001,-0.543,0.286,0.774,-0.017,0.091,0.089,-0.104,-0.114,0.257,0.38,-0.004,0.391,0.007,0.512,0.174,0.359,0.269,0.359,0.109,0.084,-0.047,-0.052,-0.047,0.064,0.188,0.143,0.5
73,2017/2/28,HUM,4.249,12.688,0.132,0.052,0.044,0.058,0.164,0.161,0.579,0.351,0.05,0.046,0.78,1.429,0.073,0.258,0.728,9.775,0.355,0.515,1.377,2.193,22.316,6.095,3.794,5.141,-0.053,2.952,28.729,12.069,29.259,29.587,51.904,51.904,0.574,16.294,0.288,0.011,0.183,0.028,0.114,0.058,0.057,0.058,0.395,0.738,0.262,0.283,0.262,0.02,BBB+,16,19,-3,-0.383,0.098,1.2,0.083,0.1,-0.463,0.079,0.006,-0.022,-0.091,0.02,0,0.209,-0.077,0.304,0.016,0.26,-0.113,-0.038,-0.05,-0.052,0.024,-0.082,0.12,-0.011,-0.022,7.833,0.159,0.351,0.009,0.056,0.059,1.106,1.106,0.162,-0.245,0.811,-0.45,0.022,-0.3,0.096,-0.463,-0.38,-0.463,0.031,0.011,-0.03,-0.01,-0.03,-0.286,-0.158,0.188,-2
74,2011/5/31,IPG,3.018,4.081,0.08,0.107,0.085,0.136,0.144,0.15,0.78,0.371,0.093,0.076,0.221,2.567,0.186,0.156,0.818,21.416,0.693,0.715,4.019,0.544,1.267,1.442,1.59,2.8,-0.024,2.561,42.591,10.177,19.242,24.347,24.347,24.347,0.877,10.209,0.189,0.042,0.107,0.07,0.059,0.131,0.109,0.119,0.058,0.515,0.357,0.438,0.386,0.067,BB+,10,9,1,0.671,0.675,0.404,0.202,0.371,0.943,0.455,-0.128,0.018,-0.204,0.069,-0.026,-0.031,-0.297,0.755,-0.224,-0.072,0.208,-0.274,0.02,0.087,0.028,-0.065,-0.064,0.166,0.098,-0.351,0.19,-0.671,-0.115,-0.401,-0.417,-0.533,-0.533,0.295,0.356,-0.671,1.1,0.202,0.707,0.229,1.426,0.493,1.204,0.234,0.238,-0.101,-0.016,-0.094,0.288,0.111,0.286,-0.5
75,2015/4/30,IPG,6.62,9.289,0.065,0.126,0.105,0.22,0.204,0.136,0.811,0.246,0.062,0.05,0.161,1.823,0.063,0.157,0.778,18.859,0.767,0.797,4.885,0.588,1.266,0.978,1.869,3.561,-0.015,4.066,21.676,11.138,21.051,21.265,18.607,18.607,1.142,12.854,0.333,0.063,0.126,0.096,0.074,0.22,0.175,0.22,0.075,0.525,0.403,0.43,0.434,0.089,BBB-,12,10,2,1.194,1.276,-0.188,0.178,0.235,0.618,0.417,-0.093,0.04,-0.337,-0.333,-0.342,-0.271,-0.29,-0.661,0.006,-0.049,-0.119,0.107,0.115,0.215,0.081,-0.001,-0.322,0.175,0.272,-0.375,0.588,-0.491,0.094,0.094,-0.127,-0.236,-0.236,0.302,0.259,0.762,0.5,0.178,0.371,0.254,0.679,0.606,0.849,0.293,0.019,0.129,-0.018,0.124,0.328,0.2,0.111,1
76,2016/5/31,ITT,132.846,151.614,0.097,0.189,0.154,0.244,0.239,0.072,0.628,0.428,0.448,0.124,0.224,0.556,0.57,0.001,0.668,5.321,0.002,0.25,1.694,0.687,4.325,5.422,1.847,1.853,0.021,2.251,25.337,7.341,10.117,10.233,10.293,9.223,1.277,13.69,0.174,0.124,0.357,0.15,0.132,0.244,0,0.244,0.245,0.996,0.002,0.194,0.002,0.162,BBB,14,12,2,33.613,31.668,-0.378,0.969,1.265,2.812,2.064,-0.379,-0.009,-0.061,5.054,0.851,0.723,-0.754,5.628,-0.994,-0.018,-0.205,-0.993,-0.317,-0.021,0.289,0.3,0.389,0.635,0.273,-1.323,0.326,0.844,-0.586,-0.817,-0.814,-0.83,-0.618,0.022,0.748,-0.734,1.952,0.092,2.571,1.491,2.812,-1,2.812,0.408,0.284,-0.991,-0.208,-0.991,0.209,0.167,-0.25,-1.5
77,2015/7/31,JNS,6.435,9.645,0.182,0.33,0.303,0.085,0.149,0.172,0.419,0.637,0.073,0.067,0.665,1.43,0.09,0.373,0.945,37.749,0.211,0.236,0.739,0.364,7.78,77.912,0.493,0.641,-0.01,1.491,23.002,10.116,18.2,18.614,18.614,18.614,3.101,15.636,0.369,0.171,0.33,0.278,0.12,0.111,0.082,0.111,0.12,0.769,0.212,0.233,0.216,0.206,BBB,14,12,2,1.092,1.128,0.456,0.003,0.048,-0.086,-0.057,-0.449,-0.242,-0.146,-0.11,-0.152,1.254,-0.414,2.103,-0.319,-0.019,0.248,-0.606,-0.457,-0.452,-0.064,0.058,-0.1,-0.048,-0.325,-0.767,-0.056,-1.366,0.077,0.156,0.168,0.038,0.038,0.295,0.586,5.589,0.295,0.003,0.343,-0.077,-0.14,-0.109,-0.14,-0.062,0.408,-0.475,-0.44,-0.492,0.079,0.167,0.2,0
78,2016/2/29,JWN,6.273,9.555,0.179,0.125,0.086,0.277,0.219,0.33,0.76,0.116,0.043,0.042,0.101,1.718,0.029,0.421,0.55,2,1.334,0.674,3.171,1.541,11.366,5.555,2.752,6.425,-0.191,6.324,12.659,9.499,14.621,14.962,14.705,14.705,0.623,3.636,1.745,0.047,0.412,0.078,0.188,0.277,0.146,0.277,0.634,0.428,0.572,0.589,0.572,0.086,BBB+,16,19,-3,0.172,0.187,-0.284,-0.126,-0.204,-0.185,-0.072,-0.152,0.008,-0.477,-0.104,-0.087,-0.466,-0.159,-0.147,-0.156,-0.127,-0.146,-0.127,-0.007,0.036,0.153,1.462,-0.06,0.282,0.184,1.894,0.199,-0.282,0.177,-0.183,-0.18,-0.194,-0.194,-0.405,-0.627,5.101,-0.203,-0.033,-0.179,-0.046,-0.185,-0.11,-0.185,0.114,0.081,-0.053,-0.059,-0.053,-0.075,-0.158,0.188,-2
79,2014/4/30,KO,21.886,27.075,0.186,0.278,0.238,0.223,0.164,0.412,0.629,0.216,0.024,0.012,0.358,2.844,0.483,0.338,0.758,3.783,0.487,0.54,1.707,0.532,9.729,8.471,0.891,1.412,-0.022,4.559,20.005,16.794,19.705,20.094,21.468,21.468,3.826,17.006,0.579,0.183,0.648,0.245,0.148,0.26,0.171,0.26,0.337,0.631,0.364,0.705,0.366,0.226,AA,32,28,4,-0.008,0.015,-0.056,0.015,0.021,-0.03,-0.079,0.123,0.043,0.019,-0.143,-0.143,0.129,0.219,-0.044,0.123,0.088,0.136,0.208,-0.002,0.112,-0.075,0.037,2.868,-0.103,-0.035,0.375,-0.005,-0.077,0.125,1.073,1.061,1.14,1.14,0.065,-0.003,0.524,-0.005,0.006,0.012,-0.075,-0.011,-0.034,-0.011,-0.089,-0.071,0.159,0.112,0.158,0,0.143,0.12,0.333
80,2016/2/29,KO,14.689,19.069,0.164,0.274,0.231,0.222,0.144,0.491,0.714,0.163,0.023,0.012,0.309,3.639,0.357,0.442,0.758,5.117,0.939,0.648,2.517,0.486,10.537,6.296,0.818,1.733,-0.035,6.174,22.983,18.929,21.893,22.005,25.826,25.826,4.216,17.737,0.781,0.166,0.648,0.217,0.133,0.263,0.143,0.263,0.319,0.472,0.524,0.816,0.526,0.211,AA-,28,32,-4,-0.329,-0.296,-0.118,-0.014,-0.029,-0.004,-0.122,0.192,0.135,-0.245,-0.042,0,-0.137,0.28,-0.261,0.308,0,0.353,0.928,0.2,0.475,-0.086,0.083,-0.257,-0.082,0.227,0.591,0.354,0.149,0.127,0.111,0.095,0.203,0.203,0.102,0.043,0.349,-0.093,0,-0.114,-0.101,0.012,-0.164,0.012,-0.053,-0.252,0.44,0.157,0.437,-0.066,-0.125,0.143,-2
81,2017/1/31,KSS,2.92,4.135,0.182,0.118,0.068,0.107,0.127,0.343,0.612,0.702,0.069,0.067,0.073,2.092,0.027,0.546,0.689,1.009,0.821,0.539,1.574,1.389,725.692,7.615,1.923,3.575,-0.126,1.3,8.082,5.752,11.68,11.68,12.218,12.218,0.373,2.995,0.593,0.032,0.359,0.05,0.162,0.112,0.089,0.112,0.499,0.538,0.462,0.475,0.462,0.082,BBB-,12,14,-2,-0.176,-0.173,-0.188,-0.145,-0.244,-0.219,-0.201,0.024,0.032,0.242,-0.042,-0.043,-0.17,0.121,0.038,-0.007,0.141,0.031,0.092,0.031,0.082,0.065,-0.487,0.028,0.082,0.117,0.853,-0.343,-0.318,-0.075,-0.191,-0.197,-0.16,-0.16,-0.423,-0.545,0.666,-0.304,-0.016,-0.306,-0.095,-0.233,-0.191,-0.233,0.048,-0.031,0.038,0.042,0.038,-0.118,-0.143,-0.125,0
82,2014/8/31,LEN,2.849,2.814,-0.122,0.119,0.114,0.127,0.084,0.465,0.599,0.526,0.056,0.051,0.131,6.707,0.088,0.709,0.912,37.784,1.175,0.577,1.658,0.584,12.18,22.441,0.707,1.616,0.126,1.542,39.07,16.401,16.19,18.308,17.649,17.649,1.015,-7.377,0.064,0.075,0.237,0.119,0.072,0.127,0.085,0.127,0.138,0.437,0.514,0.564,0.54,0.081,BB,9,8,1,-0.298,0.939,0.821,0.293,0.462,-0.428,1.049,-0.043,-0.024,0.119,-0.018,0.109,-0.373,-0.495,-0.556,0.117,-0.044,0.863,-0.004,-0.048,-0.11,0.387,1.52,0.161,0.384,0.344,0.115,-0.209,-1.772,-0.495,-0.622,-0.612,0.321,0.321,-0.376,-0.531,0.422,-0.545,0.03,1.204,0.846,-0.428,-0.315,-0.428,0.516,0.028,0.024,-0.1,-0.004,-0.515,0.125,0.143,0
83,2014/10/31,LUV,9.059,13.844,0.206,0.152,0.103,0.109,0.188,0.142,0.635,0.572,0.059,0.048,0.277,1.019,0.189,0.181,0.488,0.94,0.223,0.33,1.739,0.912,40.649,17.432,1.901,2.499,-0.105,2.222,56.831,6.274,20.897,21.153,22.245,22.245,1.289,7.371,0.114,0.06,0.272,0.096,0.142,0.154,0.098,0.154,0.248,0.761,0.239,0.295,0.239,0.109,BBB,14,12,2,1.462,1.189,0.219,0.126,0.212,0.946,0.635,-0.355,0.044,-0.405,0.054,-0.04,-0.281,-0.492,0.562,-0.431,-0.397,0.054,-0.374,-0.191,0.123,0.125,-0.157,0.444,0.372,0.208,-0.054,1.155,1.229,-0.161,0.113,0.126,0.147,0.147,0.73,0.694,2.931,0.667,0.079,0.627,0.257,0.974,0.782,0.974,0.216,0.136,-0.276,-0.213,-0.276,0.267,0.167,-0.143,-2
84,2011/5/31,M,2.635,3.691,0.1,0.122,0.076,0.135,0.145,0.36,0.732,0.691,0.067,0.064,0.1,2.425,0.061,0.462,0.775,1.713,1.029,0.63,2.731,1.193,66.675,7.927,2,4.521,-0.031,1.815,-35.978,5.626,13.559,13.752,14.586,14.586,0.492,8.166,0.099,0.034,0.407,0.053,0.146,0.166,0.096,0.166,0.493,0.442,0.558,0.594,0.558,0.08,BBB-,12,10,2,0.63,0.455,-0.048,0.08,0.246,1.213,0.394,-0.118,-0.06,-0.197,0.015,0.032,-0.02,-0.262,1.179,-0.092,-0.028,-0.019,-0.298,-0.088,-0.227,0.104,0.131,0.058,0.12,-0.095,-0.516,0.117,-0.092,-0.033,-0.267,-0.263,-0.455,-0.455,0.233,0.524,-0.587,1.267,0.005,1.409,0.197,1.213,0.524,1.213,0.103,0.238,-0.132,-0.101,-0.132,0.212,0.2,0.111,1
85,2012/4/30,M,3.76,5.229,0.13,0.131,0.09,0.181,0.179,0.351,0.731,0.507,0.067,0.06,0.183,2.24,0.142,0.412,0.735,1.919,0.941,0.628,2.724,1.236,69.487,7.589,2.098,4.451,-0.039,2.427,-59.561,6.268,14.243,14.444,14.048,14.048,0.65,8.201,0.184,0.048,0.404,0.075,0.162,0.219,0.124,0.219,0.483,0.471,0.529,0.616,0.529,0.089,BBB,14,12,2,0.427,0.417,0.3,0.074,0.184,0.341,0.234,-0.025,-0.001,-0.266,0,-0.062,0.83,-0.076,1.328,-0.108,-0.052,0.12,-0.086,-0.003,-0.003,0.036,0.042,-0.043,0.049,-0.015,0.258,0.337,0.655,0.114,0.05,0.05,-0.037,-0.037,0.321,0.004,0.859,0.412,-0.007,0.415,0.11,0.319,0.292,0.319,-0.02,0.066,-0.052,0.037,-0.052,0.112,0.167,0.2,0
86,2013/12/31,M,4.53,6.844,0.151,0.134,0.097,0.198,0.213,0.329,0.725,0.393,0.06,0.057,0.101,1.863,0.046,0.433,0.719,1.912,0.945,0.659,2.641,1.323,87.134,4.054,2.247,4.817,-0.037,2.951,-151.65,6.372,13.87,14.127,14.958,14.958,0.701,8.981,0.246,0.05,0.401,0.078,0.177,0.24,0.131,0.24,0.531,0.466,0.534,0.559,0.534,0.087,BBB+,16,14,2,0.205,0.309,0.162,0.023,0.078,0.094,0.19,-0.063,-0.008,-0.225,-0.104,-0.05,-0.448,-0.168,-0.676,0.051,-0.022,-0.004,0.004,0.049,-0.03,0.07,0.254,-0.466,0.071,0.082,-0.051,0.216,1.546,0.017,-0.026,-0.022,0.065,0.065,0.078,0.095,0.337,0.042,-0.007,0.04,0.093,0.096,0.056,0.096,0.099,-0.011,0.009,-0.093,0.009,-0.022,0.143,0.167,0
87,2016/3/31,M,3.821,5.366,0.122,0.114,0.075,0.176,0.166,0.371,0.793,0.457,0.053,0.051,0.07,2.464,0.084,0.429,0.608,2.143,1.221,0.701,3.841,1.288,55.151,6.776,2.407,6.372,-0.043,2.4,10.296,6.508,13.525,13.693,13.693,13.693,0.508,6.928,0.425,0.04,0.391,0.062,0.147,0.223,0.106,0.223,0.514,0.378,0.622,0.679,0.622,0.079,BBB,14,16,-2,-0.157,-0.216,-0.192,-0.149,-0.227,-0.111,-0.221,0.128,0.094,0.163,-0.117,-0.105,-0.307,0.323,0.826,-0.009,-0.154,0.121,0.292,0.064,0.454,-0.026,-0.367,0.671,0.071,0.323,0.162,-0.187,-1.068,0.021,-0.025,-0.031,-0.085,-0.085,-0.275,-0.229,0.728,-0.2,-0.025,-0.205,-0.169,-0.071,-0.191,-0.071,-0.032,-0.189,0.165,0.215,0.165,-0.092,-0.125,0.143,-2
88,2017/2/28,M,2.845,3.646,0.122,0.092,0.052,0.125,0.115,0.372,0.801,0.478,0.055,0.049,0.051,3.144,0.104,0.416,0.684,2.226,1.224,0.748,4.034,1.279,59.458,3.456,2.404,6.437,-0.064,1.893,7.749,8.001,15.1,15.169,15.169,15.169,0.387,5.016,0.663,0.026,0.391,0.041,0.117,0.168,0.085,0.168,0.5,0.373,0.626,0.699,0.626,0.067,BBB-,12,14,-2,-0.255,-0.321,0,-0.193,-0.307,-0.29,-0.307,0.003,0.01,0.046,0.038,-0.039,-0.271,0.276,0.238,-0.03,0.125,0.039,0.002,0.067,0.05,-0.007,0.078,-0.49,-0.001,0.01,0.488,-0.211,-0.247,0.229,0.116,0.108,0.108,0.108,-0.238,-0.276,0.56,-0.35,0,-0.339,-0.204,-0.247,-0.198,-0.247,-0.027,-0.013,0.006,0.029,0.006,-0.152,-0.143,-0.125,0
89,2011/4/30,MAT,11.563,14.142,0.189,0.184,0.157,0.261,0.258,0.221,0.515,0.301,0.079,0.066,0.459,1.114,0.208,0.341,0.741,5.754,0.356,0.379,1.061,1.148,6.179,7.555,1.636,2.228,0.031,3.477,16.668,9.354,14.522,14.681,14.366,14.366,1.586,17.591,0.43,0.117,0.53,0.145,0.211,0.265,0.229,0.265,0.573,0.735,0.265,0.335,0.265,0.145,BBB+,16,14,2,0.383,0.279,-0.55,0.04,0.075,0.17,0.024,0.408,0.093,-0.154,-0.202,-0.241,-0.14,0.421,2.014,0.096,-0.151,0.291,0.309,0.251,0.193,-0.001,-0.077,0.199,-0.027,0.038,-1.352,0.067,0,0.124,-0.066,-0.063,-0.095,-0.095,0.026,0.98,-0.171,0.206,0.004,0.189,0.039,0.167,0.112,0.167,-0.045,-0.061,0.221,0.438,0.221,0.124,0.143,0.167,0
90,2015/1/31,MAT,10.261,11.966,0.219,0.188,0.151,0.231,0.192,0.291,0.518,0.295,0.042,0.041,0.204,1.622,0.01,0.556,0.72,4.866,0.593,0.42,1.076,0.957,5.351,7.689,1.243,1.987,-0.024,2.965,12.22,13.189,12.454,12.512,12.871,12.871,1.481,10.39,0.714,0.117,0.545,0.135,0.181,0.233,0.165,0.233,0.521,0.626,0.374,0.378,0.374,0.154,BBB,14,16,-2,-0.113,-0.154,0.159,0.022,-0.038,-0.115,-0.256,0.317,0.006,-0.02,-0.468,-0.379,-0.556,0.456,-0.952,0.63,-0.028,-0.154,0.666,0.108,0.014,-0.166,-0.134,0.018,-0.24,-0.108,-1.774,-0.147,-0.267,0.41,-0.142,-0.148,-0.104,-0.104,-0.066,-0.409,0.66,0,0.028,-0.069,-0.142,-0.121,-0.279,-0.121,-0.091,-0.148,0.411,0.128,0.411,0.062,-0.125,0.143,-2
91,2015/11/30,MCD,8.234,12.003,0.314,0.347,0.286,0.322,0.265,0.485,0.679,0.11,0.038,0.038,0.111,1.829,0,0.714,0.702,0.962,1.311,0.613,2.115,0.764,22.198,17.858,0.947,2.378,-0.066,10.545,20.145,12.033,22.97,23.063,24.71,24.71,4.088,15.731,0.732,0.172,0.442,0.251,0.259,0.365,0.173,0.365,0.337,0.398,0.602,0.602,0.602,0.234,BBB+,16,19,-3,-0.022,-0.082,0,-0.006,-0.007,0.201,0.019,0.136,0.104,-0.214,-0.05,-0.026,-0.098,0.138,-1,0.048,0.113,0.102,0.35,0.137,0.326,0.003,0.003,0.009,0,0.203,0.082,0.504,0.152,0.031,0.243,0.243,0.149,0.149,0.187,0.116,-0.011,0.055,0.005,-0.02,0.004,0.229,0.075,0.229,0.006,-0.169,0.155,0.134,0.155,0.045,-0.158,-0.136,0
92,2014/3/31,MCK,6.392,11.549,0.09,0.022,0.021,0.168,0.222,0.137,0.786,0.216,0.052,0.049,0.096,1.69,0.072,0.161,0.894,20.931,0.588,0.737,3.68,3.646,12.672,7.488,10.71,17.063,-0.04,5.062,32.744,11.863,23.48,23.958,32.28,35.815,0.312,15.167,0.157,0.01,0.061,0.016,0.083,0.17,0.126,0.17,0.222,0.628,0.372,0.401,0.372,0.015,BBB+,16,19,-3,-0.148,0.109,0.268,0,0.167,-0.111,0.033,0.442,0.048,-0.491,-0.35,-0.329,-0.338,0.6,-0.172,0.388,-0.031,-0.129,0.685,0.062,0.228,-0.115,-0.079,-0.087,-0.123,0.036,-0.091,1.036,0.411,0.762,0.615,0.63,1.146,1.381,0.902,1.006,0.427,-0.091,0.089,0,-0.098,-0.101,-0.222,-0.101,-0.031,-0.154,0.442,0.417,0.442,0,-0.158,0.188,-2
93,2013/11/30,MMC,8.7,12.188,0.137,0.2,0.171,0.198,0.22,0.179,0.578,0.295,0.064,0.059,0.187,1.187,0.075,0.286,0.687,11.565,0.395,0.409,1.383,0.752,3.775,5.439,1.28,1.8,0.01,3.698,34.103,9.967,19.133,19.447,20.191,20.106,2.144,22.702,0.399,0.108,0.2,0.157,0.154,0.198,0.161,0.198,0.151,0.711,0.281,0.304,0.284,0.14,A-,19,14,5,0.337,0.279,-0.235,0.099,0.11,0.193,0.122,-0.073,-0.017,-0.176,-0.099,-0.092,-0.005,-0.13,-0.157,-0.04,-0.142,0.035,-0.081,-0.062,-0.043,-0.031,-0.044,0.052,-0.032,-0.055,-1.385,0.253,-0.052,0.09,0.175,0.172,0.127,0.134,0.365,0.767,-0.146,0.213,0.099,0.208,0.092,0.193,0.158,0.193,0.071,0.024,-0.06,-0.073,-0.056,0.176,0.357,0.167,1.5
94,2016/3/31,MO,7.486,10.353,0.196,0.456,0.444,0.594,0.499,0.397,0.911,0.075,0.061,0.059,0.08,1.504,0,0.436,0.961,14.947,1.512,0.822,10.286,0.563,152.048,18.449,1.191,6.547,-0.017,14.361,27.365,14.791,22.869,22.869,23.468,23.468,6.507,21.116,0.815,0.278,0.6,0.428,0.256,1.778,0.265,1.778,0.348,0.182,0.816,0.816,0.818,0.29,A-,19,16,3,0.411,0.346,0.38,-0.03,-0.031,0.362,0.099,-0.046,0.034,-0.476,-0.238,-0.203,-0.223,-0.139,-1,-0.044,-0.009,-0.013,0.186,0.048,0.38,0.119,0.326,0.11,0.224,0.527,-4.4,1.113,0.41,0.349,0.576,0.576,0.417,0.417,0.541,0.238,0.001,0.082,-0.005,0.089,0.08,0.428,0.056,0.428,0.141,-0.198,0.058,0.02,0.058,0.078,0.188,0.143,0.5
95,2015/12/31,MS,2.208,3.707,0.002,0.326,0.289,0.054,0.027,0.418,0.909,1.11,0.023,0.009,0.249,27.515,0.615,0.177,0.123,121.119,1.985,0.907,10.124,0.047,0.138,0.039,0.185,0.519,0.022,0.909,19.281,33.746,12.984,13.422,19.758,19.881,1.608,-4.227,0.553,0.094,0.326,0.108,0.015,0.048,0.033,0.049,0.015,0.322,0.638,1.658,0.642,0.136,BBB+,16,19,-3,0.248,0.814,-0.964,-0.119,-0.152,-0.481,0.038,-0.261,-0.009,-0.521,-0.395,-0.4,-0.227,-0.21,-0.002,-0.253,-0.869,0.027,-0.4,-0.017,-0.2,-0.06,-0.266,-1.348,0.108,-0.248,-1.917,0.922,1.313,-0.125,0.44,0.47,1.552,1.5,1.307,-4.676,-0.487,-0.266,-0.119,-0.429,-0.167,-0.2,-0.365,-0.462,-0.211,0.47,-0.12,-0.121,-0.144,-0.166,-0.158,-0.136,0
96,2015/12/31,NDAQ,4.268,7.839,0.109,0.293,0.254,0.057,0.108,0.194,0.531,0.703,0.048,0.048,0.454,2.304,0.002,0.364,0.816,21.826,0.372,0.317,1.133,0.287,10.369,8.617,0.433,0.612,-0.032,1.555,24.87,10.619,6.337,6.485,9.103,9.103,2.764,12.711,0.363,0.106,0.293,0.147,0.082,0.063,0.055,0.063,0.084,0.708,0.292,0.292,0.292,0.145,BBB,14,12,2,-0.142,0.091,0.211,0.017,0.028,-0.162,0.113,0.005,0.025,-0.261,-0.04,0,0.034,-0.082,-0.958,0.028,0.019,-0.096,0.088,0.026,0.053,0.075,0.203,0.024,0.08,0.105,1.286,0.305,0.121,0.144,0.114,0.111,0.537,0.537,0.171,0.011,0.788,-0.226,0.017,-0.31,0.065,-0.171,-0.127,-0.171,0.091,-0.022,0.058,0.007,0.058,-0.181,0.167,-0.143,-2
97,2013/12/31,NOV,21.953,29.642,0.056,0.197,0.161,0.099,0.133,0.115,0.372,0.72,0.028,0.028,0.218,0.998,0,0.31,0.744,3.904,0.166,0.197,0.596,0.585,4.377,11.5,0.787,0.937,-0.014,1.414,17.606,8.935,15.294,15.383,15.353,14.566,1.746,12.709,0.15,0.114,0.293,0.159,0.121,0.109,0.09,0.109,0.171,0.84,0.155,0.155,0.156,0.157,A+,25,22,3,-0.568,-0.602,-0.796,-0.183,-0.207,-0.075,-0.222,4.75,0.22,0.065,-0.765,-0.509,-0.52,5.931,-1,14.5,-0.04,0.226,19.75,1.662,0.348,-0.031,-0.147,-0.12,-0.039,0.126,1.333,-0.147,-0.082,0.076,-0.031,-0.031,-0.048,-0.096,-0.207,-0.157,0.562,-0.162,-0.156,-0.201,-0.166,-0.092,-0.189,-0.092,-0.145,-0.147,16.222,4.345,16.333,-0.092,0.136,0.158,0
98,2016/11/30,NOV,-29.103,-1.57,0.13,0.066,-0.02,-0.177,-0.008,0.142,0.344,1.151,0.031,0.031,0.209,6.344,0.002,0.411,0.759,2.583,0.2,0.198,0.526,0.34,3.685,9.396,0.426,0.52,-0.183,0.883,9.896,29.725,-79.489,-79.489,-4.349,-4.349,1.704,9.93,6.652,-0.389,0.224,-0.422,0.021,-0.192,-0.142,-0.192,0.076,0.819,0.177,0.178,0.178,-0.303,BBB+,16,19,-3,3.501,-1.099,0,-0.59,-1.18,3.658,-1.108,-0.034,-0.104,-0.203,0.033,0.069,0.03,2.843,1,0.073,0.15,-0.214,-0.074,-0.088,-0.161,-0.306,-0.083,-0.105,-0.412,-0.423,1.614,0.373,0.438,3.286,-8.157,-8.157,-0.722,-0.722,1.152,0.132,2.769,6.481,-0.176,9.55,-0.734,3.683,4.462,3.683,-0.493,0.019,-0.083,-0.078,-0.078,302,-0.158,-0.24,-0.5
99,2016/4/30,NYT,2.353,4.007,0.11,0.158,0.119,0.081,0.142,0.178,0.657,0.382,0.14,0.086,0.386,1.733,0.437,0.153,0.846,2.513,0.294,0.389,1.922,0.634,7.522,6.487,1.474,1.91,-0.045,2.483,37.35,10.437,22.491,23.309,33.737,33.737,1.3,11.708,0.418,0.04,0.609,0.061,0.1,0.081,0.095,0.081,0.398,0.772,0.227,0.403,0.227,0.079,BB-,8,7,1,0.162,0.493,0.068,0.068,0.24,-0.534,-0.078,-0.384,-0.2,-0.005,0.239,-0.104,18.3,-0.31,1.993,-0.492,-0.041,0.243,-0.788,-0.391,-0.584,-0.184,-0.098,-0.225,-0.192,-0.563,-0.348,0.222,-2.565,0.69,0.878,0.894,1.239,1.741,1.486,1.849,-0.442,0.081,0.018,0.22,-0.099,-0.534,-0.312,-0.534,-0.144,0.847,-0.609,-0.406,-0.609,-0.122,0.143,0.167,0
100,2015/4/30,ORCL,11.243,14.18,0.348,0.46,0.386,0.232,0.2,0.314,0.504,0.251,0.036,0.035,0.916,1.7,0.029,0.604,0.935,15.439,0.62,0.394,1.029,0.401,8.156,13.554,0.501,0.818,-0.039,4.261,21.266,12.202,17.66,18.1,18.251,18.251,5.277,14.125,0.197,0.279,0.826,0.357,0.19,0.232,0.161,0.232,0.331,0.613,0.381,0.392,0.383,0.356,AA-,28,25,3,-0.177,-0.214,0.033,0.018,0.029,-0.049,-0.209,0.532,0.164,-0.146,-0.308,-0.314,-0.036,0.885,0.526,0.305,-0.028,0.406,0.737,0.438,0.335,-0.201,0.146,-0.003,-0.234,-0.085,-0.235,0.249,-0.072,0.201,0.189,0.201,0.179,0.179,0.334,0.3,0.576,0.061,0.039,0.026,-0.181,-0.053,-0.166,-0.053,-0.17,-0.163,0.46,0.468,0.456,0.038,0.12,0.136,0
101,2012/11/30,PBI,4.088,6.009,0.117,0.228,0.167,2.163,0.17,0.514,0.953,0.054,0.033,0.029,0.096,4.132,0.118,0.476,0.736,11.288,23.825,0.988,113.915,0.546,2.212,1.187,1.091,65.2,-0.032,15.077,5.911,7.828,5.68,5.68,6.251,3.806,0.534,3.686,0.831,0.086,0.624,0.103,0.121,16.879,0.128,16.363,0.341,0.017,0.906,1.028,0.982,0.153,BBB,14,16,-2,-0.046,-0.192,0.17,0.086,0.106,1.228,-0.086,-0.012,-0.011,-0.169,0.269,0.16,0.684,0.079,2.189,-0.085,-0.106,0.18,1.116,-0.014,-1.123,-0.156,-0.142,-0.332,-0.095,-0.84,-0.319,0.161,-0.337,-0.064,-0.359,-0.365,-0.431,-0.674,-0.267,-0.291,0.006,0.284,0.099,-0.064,-0.104,-0.401,0.174,-0.379,-0.073,-9.5,-0.028,0.062,-0.02,0.186,-0.125,-0.273,-0.667
102,2016/11/30,PBI,4.061,6.571,0.091,0.215,0.161,0.807,0.177,0.512,0.93,0.107,0.032,0.027,0.144,4.197,0.139,0.474,0.665,11.34,7.815,0.97,44.348,0.567,2.59,1.257,1.112,27.043,-0.032,7.405,7.762,9.593,8.858,8.913,10.63,10.474,0.771,5.86,0.55,0.075,0.614,0.12,0.123,1.993,0.124,1.986,0.348,0.041,0.864,1.003,0.955,0.134,BBB-,12,14,-2,-0.007,0.094,-0.222,-0.057,-0.036,-0.627,0.041,-0.004,-0.024,0.981,-0.03,-0.069,0.5,0.016,0.178,-0.004,-0.096,0.005,-0.672,-0.018,-0.611,0.038,0.171,0.059,0.019,-0.585,0,-0.509,0.313,0.225,0.56,0.569,0.701,1.752,0.444,0.59,-0.338,-0.128,-0.016,0.165,0.017,-0.882,-0.031,-0.879,0.021,1.412,-0.046,-0.024,-0.027,-0.124,-0.143,-0.125,0
103,2016/8/31,PCG,1.958,2.436,0.081,0.278,0.116,0.03,0.059,0.271,0.736,0.826,0.05,0.046,0.008,3.698,0.066,0.343,-0.473,0.997,0.625,0.545,2.791,0.264,5.241,4.157,0.51,0.999,-0.046,1.187,32.533,9.814,25.701,26.135,40.484,40.484,1.852,8.495,1.175,0.046,0.278,0.033,0.074,0.046,0.038,0.046,0.073,0.503,0.489,0.524,0.489,0.207,BBB+,16,14,2,-0.205,-0.33,-0.129,-0.123,-0.329,-0.5,-0.427,-0.046,-0.013,-0.221,-0.194,-0.132,-0.619,0.301,-0.56,0.059,-14.912,-0.084,-0.035,-0.049,-0.052,-0.165,0.066,0.087,-0.199,-0.197,-0.313,0.289,1.159,0.474,1.114,1.143,1.485,1.485,0.635,1.091,0.676,-0.333,-0.123,-0.663,-0.267,-0.483,-0.377,-0.477,-0.27,0.004,0.002,-0.087,0.002,-0.05,0.143,-0.125,-2
104,2014/3/31,PHM,17.924,3.892,0.216,0.112,0.106,0.766,0.103,0.251,0.468,0.599,0.067,0.064,0.405,3.453,0.048,0.51,0.967,77.005,0.448,0.34,0.879,0.734,33.374,22.099,0.844,1.222,0.225,1.573,108.661,15.702,12.793,12.966,2.856,2.856,1.288,8.301,0.022,0.461,0.209,0.093,0.082,0.766,0.586,0.766,0.136,0.69,0.31,0.325,0.31,0.467,BB+,10,9,1,6.021,1.303,0.293,0.6,0.656,4.247,0.585,-0.379,-0.321,1.066,-0.043,-0.072,0.246,-0.558,-0.172,-0.116,-0.016,-0.284,-0.65,-0.422,-0.604,-0.008,0.024,0.133,-0.192,-0.487,-3.5,-0.513,-13.607,-0.386,-0.42,-0.426,-0.884,-0.884,-0.106,0.034,-0.353,6.814,0.222,0.691,0.608,4.247,4.919,4.247,0.071,0.572,-0.447,-0.43,-0.447,6.185,0.111,0.125,0
105,2012/11/30,PNW,2.686,3.753,0.123,0.378,0.253,0.065,0.111,0.267,0.7,1.067,0.068,0.063,0.004,2.853,0.075,0.352,0.184,0.923,0.561,0.498,2.408,0.247,11.01,7.227,0.453,0.851,-0.058,0.915,19.512,7.287,15.135,15.27,15.27,15.315,1.723,4.976,0.597,0.114,0.378,0.192,0.094,0.098,0.069,0.098,0.093,0.532,0.452,0.488,0.459,0.271,BBB+,16,14,2,0.201,0.323,0.414,0.096,0.177,0.14,0.168,-0.11,0.004,-0.079,-0.128,-0.045,-0.714,-0.139,-0.497,-0.038,-0.267,0.007,-0.033,-0.042,0.018,-0.057,0.088,-0.162,-0.034,-0.043,0,0.018,0.114,0.003,-0.049,-0.044,-0.044,0.079,0.143,0.032,-0.183,0.213,0.096,0.28,0.033,0.14,0.045,0.14,0.033,0.008,-0.011,-0.091,-0.011,0.063,0.143,0.167,0
106,2013/12/31,PNW,3.006,4.238,0.126,0.373,0.25,0.066,0.116,0.253,0.688,1.122,0.067,0.06,0.006,2.662,0.112,0.326,0.274,0.89,0.48,0.473,2.284,0.255,10.563,8.948,0.476,0.846,-0.053,0.862,18.542,7.35,14.264,14.38,14.38,14.538,1.689,5.181,0.569,0.119,0.373,0.198,0.096,0.102,0.068,0.102,0.095,0.562,0.419,0.472,0.427,0.273,A-,19,16,3,0.119,0.129,0.024,-0.013,-0.012,0.015,0.045,-0.052,-0.017,0.052,-0.015,-0.048,0.5,-0.067,0.493,-0.074,0.489,-0.036,-0.144,-0.05,-0.051,0.032,-0.041,0.238,0.051,-0.006,-0.086,-0.058,-0.05,0.009,-0.058,-0.058,-0.058,-0.051,-0.02,0.041,-0.047,0.044,-0.013,0.031,0.021,0.041,-0.014,0.041,0.022,0.056,-0.073,-0.033,-0.07,0.007,0.188,0.143,0.5
107,2011/3/31,PPL,2.891,4.226,0.083,0.316,0.25,0.102,0.122,0.407,0.742,0.865,0.052,0.048,0.046,4.965,0.09,0.499,0.214,1.168,1.105,0.637,2.967,0.31,6.557,7.428,0.413,1.038,-0.039,1.113,14.283,9.695,9.134,9.167,11.5,11.659,1.438,6.028,0.712,0.112,0.316,0.145,0.098,0.139,0.098,0.139,0.082,0.398,0.589,0.647,0.597,0.206,BBB,14,16,-2,0.326,0.342,-0.265,0.295,0.524,0.619,0.271,0.17,0.025,0.014,-0.037,-0.04,-0.617,0.168,0.286,0.116,-0.252,-0.114,0.22,0.081,0.076,-0.077,-0.563,-0.164,-0.263,-0.188,-0.328,-0.121,-0.123,-0.048,-0.412,-0.41,-0.448,-0.423,-0.117,-0.138,-0.337,0.836,0.295,0.648,0.153,0.598,0.633,0.598,0,-0.091,0.091,0.114,0.082,0.191,-0.125,0.143,-2
108,2015/6/30,PPL,2.845,3.491,0.097,0.499,0.383,0.089,0.085,0.451,0.715,0.837,0.044,0.04,0.049,5.554,0.098,0.569,-0.316,1.003,1.069,0.625,2.507,0.163,7.071,3.321,0.235,0.571,-0.032,1.046,15.484,11.395,11.467,11.512,12.279,9.568,2.491,6.26,0.617,0.202,0.499,0.296,0.082,0.118,0.065,0.118,0.081,0.412,0.588,0.652,0.588,0.426,A-,19,14,5,-0.016,-0.174,0.169,0.579,0.532,-0.127,-0.303,0.108,-0.036,-0.032,-0.154,-0.167,0.065,0.119,0.089,0.14,-2.477,-0.141,-0.033,-0.019,-0.155,-0.474,0.078,-0.553,-0.431,-0.45,-0.179,-0.06,0.084,0.175,0.255,0.256,0.068,-0.179,0.732,0.038,-0.133,0.804,0.579,1.041,-0.163,-0.151,-0.337,-0.151,-0.012,0.035,-0.002,0.008,-0.015,1.068,0.357,-0.125,-3.5
109,2016/12/31,R,2.966,3.927,0.16,0.261,0.086,0.081,0.077,0.503,0.815,1.077,0.031,0.027,0.007,3.175,0.15,0.524,-0.346,1.004,1.284,0.747,4.414,0.608,8,8.78,0.994,3.293,-0.115,1.048,16.751,5.073,12.924,13.014,13.684,13.709,0.591,2.561,0.308,0.043,0.382,0.067,0.16,0.145,0.052,0.145,0.232,0.302,0.698,0.822,0.698,0.219,BBB+,16,14,2,0.253,0.572,-0.03,0.299,0.564,0.11,0.069,0.133,-0.011,-0.216,-0.295,-0.308,-0.562,0.142,0.389,0.089,-0.656,-0.087,0.044,0.005,-0.055,-0.233,-0.003,0.06,-0.282,-0.268,0.045,0.295,0.457,0.099,0.182,0.187,0.235,0.237,0.796,0.302,-0.046,0.433,0.165,0.489,-0.018,0.09,-0.103,0.09,-0.108,-0.019,0.009,0.059,0.009,0.237,0.143,-0.125,-2
110,2012/8/31,RRD,0.829,3.027,0.131,0.121,0.072,-0.028,0.142,0.451,0.849,0.5,0.073,0.066,0.056,2.983,0.096,0.48,0.725,3.893,2.637,0.793,5.711,1.249,5.335,7.942,2.234,8.4,-0.098,1.866,-100.9,4.874,17.615,17.805,-126.69,-126.69,0.189,2.512,0.905,-0.004,0.232,-0.013,0.147,-0.03,0.042,-0.03,0.29,0.266,0.73,0.807,0.733,0.045,BB,9,10,-1,-0.564,-0.061,0.191,-0.024,0.014,-1.326,0.092,0.153,0.132,-0.184,0.09,0.015,-0.371,0.088,2.097,-0.05,0.121,0.229,0.856,0.192,0.884,0.087,-0.014,-0.089,0.223,0.81,0.849,0.015,-2.02,-0.128,-0.51,-0.513,-2.9,-2.9,-0.566,-0.62,-0.145,-1.2,-0.029,-1.448,0.021,-1.319,-0.44,-1.319,0.058,-0.325,0.211,0.297,0.212,-0.384,-0.1,-0.286,-0.75
111,2013/11/30,RRD,-1.879,2.754,0.096,0.111,0.068,-2.351,0.183,0.495,0.993,0.007,0.077,0.074,0.055,3.025,0.042,0.478,0.776,4.6,89.58,0.992,187.458,1.469,5.575,7.497,3.05,277.478,-0.215,49.773,-17.404,5.018,33.841,34.259,-13.504,-13.504,0.324,4.052,0.895,-0.071,0.223,-0.072,0.157,-2.351,-0.13,-2.351,0.327,0.011,0.985,1.028,0.989,-0.028,BB-,8,9,-1,-3.267,-0.09,-0.267,-0.083,-0.056,82.964,0.289,0.098,0.17,-0.986,0.055,0.121,-0.018,0.014,-0.562,-0.004,0.07,0.182,32.97,0.251,31.824,0.176,0.045,-0.056,0.365,32.033,1.194,25.674,-0.828,0.03,0.921,0.924,-0.893,-0.893,0.714,0.613,-0.011,16.75,-0.039,4.538,0.068,77.367,-4.095,77.367,0.128,-0.959,0.349,0.274,0.349,-1.622,-0.111,-0.1,0
112,2016/10/31,RRD,1.269,2.017,0.099,0.091,0.055,0.096,0.115,0.494,0.907,0.171,0.079,0.068,0.046,4.347,0.14,0.468,0.576,4.573,4.676,0.878,10.014,1.246,4.519,6.177,2.408,13.751,-0.058,2.046,-18.821,8.327,22.468,22.468,55.469,33.491,0.138,2.526,3.306,0.007,0.214,0.017,0.112,0.096,0.079,0.096,0.266,0.175,0.821,0.955,0.824,0.061,B+,7,8,-1,-1.675,-0.268,0.031,-0.18,-0.191,-1.041,-0.372,-0.002,-0.087,23.429,0.026,-0.081,-0.164,0.437,2.333,-0.021,-0.258,-0.006,-0.948,-0.115,-0.947,-0.152,-0.189,-0.176,-0.21,-0.95,-0.73,-0.959,0.081,0.659,-0.336,-0.344,-5.108,-3.48,-0.574,-0.377,2.694,-1.099,-0.04,-1.236,-0.287,-1.041,-1.608,-1.041,-0.187,14.909,-0.166,-0.071,-0.167,-3.179,-0.125,-0.111,0
113,2012/8/31,SEE,0.987,1.758,0.046,0.124,0.085,-0.002,0.1,0.417,0.712,1.094,0.084,0.083,0.091,4.718,0.009,0.58,0.31,5.801,1.276,0.62,2.467,0.715,5.9,9.183,1.02,2.478,-0.024,0.845,12.325,8.361,14.561,15.511,24.7,285.4,0.392,13.119,0.599,-0.001,0.345,0.001,0.103,-0.002,0.054,-0.002,0.246,0.412,0.589,0.595,0.589,0.04,BB-,8,9,-1,-0.621,-0.503,-0.714,-0.179,-0.286,-1.019,-0.301,0.574,0.29,0.611,-0.229,-0.231,-0.609,1.284,-0.357,0.226,-0.6,0.824,1.196,0.516,1.001,-0.158,-0.112,-0.314,-0.149,0.308,-0.2,-0.183,0.213,0.096,0.578,0.533,1.1,23.267,-0.315,1.042,0.81,-1.019,0.131,-0.986,-0.208,-1.019,-0.486,-1.019,-0.05,-0.348,0.596,0.591,0.601,-0.535,-0.111,-0.1,0
114,2013/12/31,SEE,0.318,1.859,0.05,0.129,0.091,-0.135,0.113,0.493,0.848,0.324,0.085,0.081,0.086,4.655,0.041,0.557,0.825,6.756,2.487,0.784,5.588,0.819,5.682,9.098,1.313,5.398,-0.091,3.865,-40.171,9.257,29.103,31.528,-24.854,-92.027,0.875,10.941,1.025,-0.033,0.358,-0.058,0.104,-0.172,0.019,-0.172,0.294,0.243,0.757,0.789,0.757,0.005,BB,9,8,1,-0.678,0.057,0.087,0.04,0.071,66.5,0.13,0.182,0.191,-0.704,0.012,-0.024,-0.055,-0.013,3.556,-0.04,1.661,0.165,0.949,0.265,1.265,0.145,-0.037,-0.009,0.287,1.178,2.792,3.574,-4.259,0.107,0.999,1.033,-2.006,-1.322,1.232,-0.166,0.711,32,0.038,-59,0.01,85,-0.648,85,0.195,-0.41,0.285,0.326,0.285,-0.875,0.125,-0.111,-2
115,2012/7/31,SVU,-1.651,1.609,0.088,0.046,0.023,-1.231,0.093,0.509,0.954,0.066,0.071,0.067,0.015,4.552,0.057,0.503,0.298,1.911,10.372,0.939,20.609,2.404,40.888,9.557,4.568,51.954,-0.17,8.247,-0.664,5.548,21.085,21.085,-3.238,-3.41,0.044,0.508,3.083,-0.037,0.208,-0.039,0.108,-1.231,-0.101,-1.231,0.499,0.088,0.912,0.967,0.912,-0.006,B,6,7,-1,-0.033,-0.072,-0.193,-0.08,-0.08,1.055,-0.031,0.063,0.108,-0.9,-0.134,-0.118,0,0.174,-0.24,-0.023,-0.469,-0.011,2.248,0.14,2.323,-0.029,-0.122,-0.135,0.074,1.912,-0.056,5.721,-0.824,0.067,-0.504,-0.504,-0.548,-0.524,-0.371,-0.564,8.399,-0.075,-0.076,0.026,-0.085,1.055,0.02,1.055,-0.106,-0.63,0.197,0.175,0.197,-0.6,-0.143,-0.125,0
116,2013/3/31,SVU,-0.688,0.898,0.088,0.035,0.013,-1.854,0.042,0.53,0.999,0.014,0.05,0.048,0.013,8.321,0.046,0.507,0.232,1.927,196.81,0.998,732.831,1.801,29.513,7.453,3.548,1321.29,-0.116,29.843,-1.148,9.429,-374.5,-374.5,-14.579,-15.611,0.064,1.202,1.909,-0.024,0.17,-0.027,0.063,-2.555,-0.033,-2.555,0.307,0.003,0.997,1.045,0.997,0.019,B+,7,6,1,-0.583,-0.442,0,-0.239,-0.435,0.506,-0.548,0.041,0.047,-0.788,-0.296,-0.284,-0.133,0.828,-0.193,0.008,-0.221,0.008,17.975,0.063,34.559,-0.251,-0.278,-0.22,-0.223,24.432,-0.318,2.619,0.729,0.7,-18.761,-18.761,3.502,3.578,0.455,1.366,-0.381,-0.351,-0.183,-0.308,-0.417,1.076,-0.673,1.076,-0.385,-0.966,0.093,0.081,0.093,-4.167,0.167,-0.143,-2
117,2013/2/28,SYY,9.866,15.117,0.189,0.053,0.042,0.217,0.238,0.246,0.604,0.27,0.045,0.04,0.065,1.305,0.105,0.364,0.511,1.889,0.54,0.522,1.526,3.553,13.986,15.482,5.77,8.975,-0.015,3.772,16.786,9.107,17.29,17.384,17.574,17.574,0.434,15.047,0.587,0.025,0.192,0.039,0.192,0.225,0.158,0.225,0.681,0.643,0.357,0.399,0.357,0.036,A,22,25,-3,-0.05,-0.065,0.38,-0.159,-0.192,-0.178,-0.237,0.034,-0.029,0.059,-0.1,-0.184,-0.301,0.252,34,-0.045,0.243,-0.073,-0.051,-0.017,-0.073,-0.023,-0.023,0.004,-0.024,-0.067,-2.875,-0.057,0.02,0.121,0.157,0.163,0.176,0.176,-0.036,-0.059,0.158,-0.167,-0.045,-0.204,-0.165,-0.245,-0.155,-0.245,-0.066,0.047,-0.075,0.031,-0.075,-0.122,-0.12,-0.107,0
118,2015/7/31,SYY,8.679,15.563,0.189,0.048,0.036,0.16,0.187,0.336,0.66,0.243,0.023,0.021,0.261,2.276,0.073,0.473,0.619,2.598,0.901,0.605,1.948,3.096,13.805,13.922,4.748,9.144,-0.042,3.97,20.458,12.004,19.951,20.061,24.87,24.87,0.444,14.323,0.79,0.018,0.186,0.028,0.16,0.164,0.106,0.164,0.577,0.519,0.478,0.516,0.479,0.03,A-,19,22,-3,-0.12,0.03,0,-0.094,-0.143,-0.263,-0.214,0.366,0.093,-0.1,-0.489,-0.475,3.015,0.744,-0.305,0.299,0.211,0.375,0.669,0.159,0.277,-0.129,-0.013,-0.101,-0.177,0.019,1.8,0.052,0.219,0.318,0.154,0.154,0.415,0.415,0.023,-0.048,0.346,-0.28,-0.031,-0.282,-0.167,-0.271,-0.329,-0.271,-0.153,-0.193,0.339,0.293,0.342,-0.167,-0.136,-0.12,0
119,2016/2/29,SYY,6.33,12.704,0.123,0.049,0.037,0.141,0.156,0.359,0.68,0.174,0.034,0.026,0.264,2.349,0.25,0.396,0.686,2.678,0.829,0.63,2.141,3.131,14.232,13.989,5.31,9.862,-0.05,6.147,25.286,11.823,23.349,23.473,33.946,33.946,0.51,15.851,0.917,0.016,0.189,0.023,0.142,0.145,0.088,0.145,0.591,0.538,0.457,0.61,0.459,0.028,BBB+,16,19,-3,-0.271,-0.184,-0.349,0.021,0.028,-0.119,-0.166,0.068,0.03,-0.284,0.478,0.238,0.011,0.032,2.425,-0.163,0.108,0.031,-0.08,0.041,0.099,0.011,0.031,0.005,0.118,0.079,0.19,0.548,0.236,-0.015,0.17,0.17,0.365,0.365,0.149,0.107,0.161,-0.111,0.016,-0.179,-0.113,-0.116,-0.17,-0.116,0.024,0.037,-0.044,0.182,-0.042,-0.067,-0.158,-0.136,0
120,2015/2/28,T,2.618,3.604,0.152,0.239,0.105,0.05,0.083,0.28,0.703,0.711,0.053,0.049,0.051,2.59,0.074,0.369,0.316,1.824,0.613,0.529,2.384,0.464,9.652,4.66,0.813,1.533,-0.088,1.448,16.376,8.088,22.013,22.013,29.042,29.042,1.354,5.724,1.547,0.047,0.539,0.075,0.111,0.07,0.053,0.07,0.244,0.53,0.467,0.504,0.468,0.187,BBB+,16,19,-3,-0.594,-0.378,-0.266,-0.289,-0.41,-0.695,-0.352,0.069,0.16,-0.101,-0.145,-0.093,2,0.533,-0.368,-0.031,-0.27,0.127,0.277,0.178,0.541,0.004,0.103,-0.333,0.1,0.301,0.725,0.115,0.025,0.474,0.648,0.648,2.46,2.588,-0.036,0.131,2.25,-0.72,-0.077,-0.554,-0.284,-0.657,-0.595,-0.657,-0.096,-0.156,0.262,0.203,0.261,-0.435,-0.158,-0.136,0
121,2015/11/30,TAP,4.538,3.274,0.208,0.178,0.104,0.048,0.035,0.237,0.432,0.515,0.047,0.037,0.076,4.78,0.212,0.432,0.597,3.388,0.301,0.36,0.764,0.279,5.882,1.839,0.37,0.493,-0.019,2.081,29.32,26.07,26.753,26.988,41.269,40.902,4.457,24.388,0.714,0.112,0.459,0.132,0.048,0.053,0.049,0.053,0.128,0.75,0.248,0.315,0.248,0.202,BBB-,12,16,-4,-0.333,-0.192,0.231,-0.087,-0.14,-0.385,-0.146,-0.021,-0.034,-0.289,0.205,0.121,0.267,0.035,0.395,-0.057,-0.22,-0.049,-0.104,-0.016,-0.059,0.037,0.076,-0.029,0.042,0.01,-0.296,0.556,0.384,0.442,0.581,0.588,1.188,1.168,0.41,1.117,1.04,-0.353,-0.013,-0.327,-0.077,-0.391,-0.279,-0.391,0.024,0.032,-0.085,-0.013,-0.085,-0.182,-0.25,0.333,-2
122,2011/2/28,TSN,4.375,6.364,0.261,0.076,0.059,0.179,0.225,0.249,0.518,0.892,0.113,0.102,0.169,1.192,0.095,0.434,0.526,1.516,0.448,0.425,1.098,2.747,24.861,25.007,3.888,5.816,-0.031,0.988,74.491,4.125,7.364,7.393,7.698,7.698,0.195,4.564,0.063,0.031,0.109,0.048,0.21,0.19,0.149,0.19,0.298,0.669,0.319,0.352,0.323,0.048,BBB-,12,10,2,2.241,0.472,0.563,0.152,0.229,6.783,0.324,-0.159,-0.065,0.059,0.066,0.02,-0.077,-0.293,0.9,-0.146,-0.176,-0.067,-0.258,-0.098,-0.133,0.031,-0.007,-0.025,0.061,-0.046,-0.754,0.022,-0.575,-0.138,-0.195,-0.188,-0.878,-0.878,0.089,0.313,-0.876,6.75,0.112,1.824,0.207,6.917,1.922,6.917,0.137,0.113,-0.174,-0.135,-0.174,1.286,0.2,0.111,1
123,2013/2/28,TSN,4.627,7.497,0.203,0.055,0.04,0.101,0.161,0.206,0.484,0.955,0.085,0.074,0.159,1.301,0.13,0.37,0.36,1.404,0.322,0.382,0.943,2.853,24.76,23.661,4.105,5.556,-0.034,0.982,19.593,4.905,10.693,10.899,12.954,13.823,0.195,6.208,0.148,0.019,0.083,0.03,0.16,0.109,0.095,0.109,0.236,0.739,0.258,0.296,0.258,0.033,BBB,14,12,2,0.058,0.178,-0.222,-0.276,-0.322,-0.436,-0.284,-0.173,-0.066,0.071,-0.248,-0.275,-0.059,0.091,0.368,-0.147,-0.316,-0.074,-0.281,-0.101,-0.141,0.039,-0.004,-0.054,0.056,-0.045,0.097,-0.006,-0.737,0.189,0.452,0.474,0.683,0.796,0,0.36,1.349,-0.387,-0.239,-0.375,-0.238,-0.426,-0.362,-0.426,-0.208,0.105,-0.191,-0.159,-0.201,-0.312,0.167,0.2,0
124,2016/1/31,TSS,9.914,13.183,0.279,0.294,0.2,0.19,0.17,0.378,0.529,0.247,0.029,0.028,0.176,1.811,0.032,0.692,0.91,6.995,0.708,0.458,1.141,0.709,8.655,27.925,0.848,1.531,-0.07,3.578,29.964,11.089,19.98,20.08,20.49,20.595,2.739,11.717,0.205,0.135,0.431,0.194,0.211,0.213,0.123,0.213,0.306,0.554,0.437,0.451,0.441,0.232,BBB-,12,16,-4,-0.865,-0.876,-0.656,0.073,0.099,0.092,-0.213,1.7,0.869,-0.218,0.261,1.333,-0.699,2.496,-0.933,1.672,-0.032,2.672,5.941,1.53,1.845,-0.283,0.162,-0.264,-0.323,0.094,-0.364,0.095,0.508,0.402,-0.006,-0.001,0.019,0.024,0.114,0.119,-0.215,0.089,0.08,0.054,-0.233,0.197,-0.206,0.197,-0.225,-0.38,3.699,1.548,3.691,0.069,-0.25,0.143,-3
125,2014/11/30,UNH,9.61,15.491,0.144,0.089,0.078,0.161,0.202,0.201,0.599,0.416,0.044,0.038,0.179,1.488,0.136,0.29,0.784,12.133,0.426,0.537,1.551,1.519,15.387,4.63,2.642,3.936,-0.014,2.743,18.744,8.56,17.488,17.739,17.739,17.739,0.739,14.15,0.232,0.043,0.25,0.073,0.137,0.171,0.126,0.171,0.379,0.671,0.302,0.35,0.31,0.054,A+,25,22,3,-0.061,0.015,-0.182,-0.053,-0.049,-0.139,-0.069,0.169,0,-0.151,-0.185,-0.174,-0.466,0.201,0.015,0.165,-0.131,-0.285,0.148,0.07,0.04,0.024,-0.341,-0.037,-0.02,0.065,-0.806,0.408,0.406,0.25,0.584,0.578,0.578,0.578,0.366,1.552,0.669,-0.14,0.008,-0.052,-0.042,-0.086,-0.171,-0.086,0.027,-0.08,0.114,0.118,0.144,-0.115,0.136,0.158,0
126,2012/4/30,UNP,6.755,10.007,0.221,0.375,0.293,0.109,0.21,0.197,0.588,0.609,0.065,0.063,0.046,1.213,0.023,0.328,0.459,0.664,0.281,0.344,1.427,0.444,15.131,16.439,0.717,1.053,-0.059,1.73,22.012,8.139,16.584,16.707,16.732,16.732,2.738,9.117,0.285,0.168,0.375,0.269,0.166,0.181,0.101,0.181,0.163,0.681,0.319,0.327,0.319,0.251,A-,19,16,3,0.308,0.302,0.74,-0.013,0.014,0.198,0.186,-0.128,-0.013,-0.151,-0.015,0,-0.258,-0.223,-0.343,-0.106,0.147,-0.021,-0.143,-0.083,-0.033,0.162,0.028,0.071,0.168,0.112,1.107,0.126,-0.074,0.101,0.907,0.902,0.879,0.879,0.005,-0.234,0.267,0.07,-0.013,0.063,0.137,0.207,0.188,0.207,0.124,0.049,-0.091,-0.102,-0.091,0.012,0.188,0.143,0.5
127,2013/12/31,UNP,9.065,13.658,0.226,0.416,0.334,0.128,0.243,0.197,0.58,0.482,0.059,0.055,0.055,1.062,0.057,0.32,0.476,0.659,0.266,0.338,1.382,0.446,14.936,14.935,0.736,1.062,-0.05,2.242,25.744,8.553,9.221,9.282,9.261,9.261,3.585,11.59,0.295,0.197,0.416,0.315,0.187,0.212,0.113,0.212,0.185,0.693,0.307,0.325,0.307,0.279,A,22,19,3,0.342,0.365,0.023,0.109,0.14,0.174,0.157,0,-0.014,-0.209,-0.092,-0.127,0.196,-0.124,1.478,-0.024,0.037,-0.008,-0.053,-0.017,-0.032,0.005,-0.013,-0.091,0.026,0.009,-0.153,0.296,0.17,0.051,-0.444,-0.444,-0.447,-0.447,0.309,0.271,0.035,0.173,0.109,0.171,0.127,0.171,0.119,0.171,0.135,0.018,-0.038,-0.006,-0.038,0.112,0.158,0.188,0
128,2011/3/31,VMC,0.446,-0.129,0.046,0.14,-0.009,-0.021,-0.004,0.326,0.524,0.844,0.082,0.068,0.011,7.587,0.107,0.555,0.574,1.204,0.504,0.416,1.103,0.303,8.736,16.731,0.4,0.645,-0.036,1.222,34.414,23.506,-81.429,-81.429,-57,-60.8,2.3,29.032,9.113,-0.04,0.267,-0.075,0.042,-0.026,0.012,-0.026,0.082,0.62,0.38,0.425,0.38,0.109,BB,9,12,-3,-0.455,-2.518,-0.545,-0.097,-2.5,2.5,-3,0.009,-0.004,-0.028,0.025,0.079,0.1,0.103,-0.493,0.147,-0.175,0.026,0.14,-0.002,-0.005,0,0.133,0.293,-0.038,0.008,-0.077,0.265,0.838,0.046,-0.911,-0.911,-0.612,-0.719,0.267,0.861,-0.009,2.333,-0.053,0.596,-0.087,2.25,-0.4,2.25,-0.047,-0.048,0.089,-0.041,0.089,-0.204,-0.25,-0.143,0.5
129,2014/7/31,VMC,1.698,0.936,0.083,0.173,0.065,0.03,0.029,0.297,0.52,0.544,0.082,0.081,0.051,4.995,0.01,0.566,0.192,1.339,0.521,0.396,1.081,0.345,7.301,14.168,0.445,0.718,-0.028,1.748,-147.53,20.2,191.303,191.303,60.702,62.505,2.942,22.661,0.298,0.049,0.265,0.062,0.059,0.036,0.047,0.036,0.091,0.62,0.38,0.384,0.38,0.156,BB+,10,9,1,2.807,-8.256,0.804,0.236,-8.222,-2.429,-8.25,-0.089,-0.008,-0.355,0,0.191,3.636,-0.342,-0.907,0.02,-0.666,0.112,0.034,-0.048,-0.02,0.139,-0.164,-0.153,0.113,0.113,-0.222,0.43,-5.287,-0.141,-3.349,-3.349,-2.065,-2.028,0.279,-0.219,-0.967,-2.225,-0.007,-1.827,0.405,-2.385,2.917,-2.385,0.11,0,0,-0.096,0,0.431,0.111,-0.25,-1.333
130,2016/3/31,VMC,2.489,3.648,0.131,0.247,0.167,0.047,0.09,0.239,0.463,0.406,0.082,0.078,0.074,2.342,0,0.515,0.425,1.219,0.386,0.326,0.864,0.418,8.643,14.43,0.532,0.768,-0.033,2.747,212.684,17.301,50.033,50.512,61.378,64.372,4.122,28.024,0.228,0.068,0.331,0.096,0.103,0.054,0.058,0.054,0.136,0.692,0.308,0.308,0.308,0.148,BBB,14,10,4,0.466,2.897,0.578,0.428,1.569,0.567,2.103,-0.195,-0.11,-0.254,0,-0.037,0.451,-0.531,-1,-0.09,1.214,-0.09,-0.259,-0.177,-0.201,0.212,0.184,0.018,0.196,0.07,0.179,0.572,-2.442,-0.144,-0.738,-0.736,0.011,0.03,0.401,0.237,-0.235,0.388,0.249,0.548,0.746,0.5,0.234,0.5,0.495,0.116,-0.189,-0.198,-0.189,-0.051,0.4,0.111,3
131,2013/9/30,VZ,1.54,5.553,0.225,0.276,0.136,0.026,0.183,0.229,0.61,0.415,0.065,0.056,0.041,1.589,0.142,0.322,0.51,1.567,0.741,0.65,4.002,0.522,9.722,3.709,0.891,3.423,-0.14,2.235,38.211,5.712,50.188,50.188,86.435,86.435,1.129,4.004,3.578,0.013,0.614,0.102,0.144,0.044,0.096,0.044,0.321,0.26,0.335,0.391,0.563,0.245,BBB+,16,19,-3,0.944,0.226,0.018,-0.089,-0.093,-3.167,0.158,-0.119,-0.024,-0.36,-0.058,-0.082,0.323,-0.118,0.183,-0.12,-0.004,0.009,-0.126,0.011,0.131,0.094,0.1,0.17,0.128,0.268,-0.079,0.319,0.848,0.266,1.342,1.342,-1.628,-1.628,0.2,0.332,1.461,-2.857,0.018,0.545,0,-3.444,0.5,-3.444,0.115,-0.11,-0.116,-0.093,-0.004,0.079,-0.158,-0.136,0
132,2014/6/30,WMB,1.667,2.123,0.122,0.318,0.196,0.052,0.084,0.43,0.679,0.293,0.057,0.054,0.045,5.348,0.045,0.605,-0.685,1.028,1.348,0.724,3.818,0.253,10.38,4.121,0.345,1.422,-0.066,5.282,146.225,17.05,90.953,90.953,97.017,98.661,6.327,19.843,2.451,0.062,0.393,0.147,0.083,0.087,0.057,0.087,0.099,0.243,0.561,0.587,0.698,0.215,BB+,10,14,-4,-0.289,-0.32,-0.523,-0.276,-0.169,-0.54,-0.396,-0.187,-0.165,0.655,-0.186,-0.194,-0.318,1.135,0.125,-0.03,-4.663,-0.037,-0.444,-0.138,-0.49,-0.338,-0.021,-0.128,-0.501,-0.678,-0.48,-0.005,2.717,1.103,2.749,2.69,3.219,1.017,1.735,2.721,3.308,-0.386,-0.22,-0.033,-0.506,-0.508,-0.296,-0.508,-0.591,0.548,-0.233,-0.23,-0.153,-0.366,-0.286,0.167,-3
133,2016/1/31,WMB,1.307,1.217,0.07,0.4,0.178,0.026,0.044,0.45,0.62,0.434,0.051,0.048,0.007,7.608,0.062,0.681,-0.134,1.092,1.685,0.745,3.895,0.148,8.797,4.827,0.184,0.928,-0.055,1.209,20.955,19.441,31.639,31.639,42.889,42.889,1.931,4.672,5.288,0.045,0.493,0.066,0.059,0.04,0.031,0.04,0.073,0.198,0.526,0.561,0.726,0.266,BB,9,10,-1,-0.216,-0.427,-0.426,0.258,-0.092,-0.5,-0.476,0.047,-0.087,0.481,-0.105,-0.111,-0.844,0.423,0.378,0.126,-0.804,0.062,0.25,0.029,0.02,-0.415,-0.153,0.171,-0.467,-0.347,-0.167,-0.771,-0.857,0.14,-0.652,-0.652,-0.558,-0.565,-0.695,-0.765,1.157,-0.274,0.254,-0.551,-0.289,-0.54,-0.456,-0.54,-0.263,-0.185,-0.062,-0.044,0.04,0.237,-0.1,-0.286,-0.75
134,2014/3/31,WU,5.082,6.051,0.121,0.261,0.214,0.588,0.23,0.416,0.891,0.15,0.053,0.047,0.241,2.913,0.119,0.412,0.926,42.957,2.608,0.815,8.162,0.566,72.682,4.933,1.15,5.017,-0.03,6.296,9.439,9.458,10.693,10.763,11.441,11.441,1.618,8.235,0.347,0.144,0.468,0.167,0.148,0.781,0.198,0.781,0.256,0.229,0.771,0.874,0.771,0.191,BBB,14,16,-2,-0.351,-0.246,-0.16,-0.13,-0.167,-0.421,-0.279,0.069,0.001,0.071,-0.036,-0.078,0.409,0.382,0.434,0.027,-0.025,0.034,0.114,0.016,0.013,-0.083,0.155,-0.111,-0.128,-0.102,-4,0.276,0.201,0.117,0.467,0.468,0.833,0.833,0.22,0.261,0.939,-0.342,-0.033,-0.258,-0.209,-0.462,-0.373,-0.462,-0.144,-0.03,0.009,0.049,0.009,-0.268,-0.125,-0.158,-0.333
135,2015/7/31,WYNN,2.256,2.933,0.124,0.278,0.214,4.806,0.146,0.822,0.982,0.011,0.049,0.049,0.302,5.374,0.005,0.833,-0.653,1.573,77.911,1.004,-262.05,0.55,21.014,12.755,0.658,43.164,-0.045,44.337,19.994,17.538,19.223,19.441,22.889,22.889,2.091,11.992,2.529,0.092,0.39,0.128,0.153,123.663,0.132,123.663,0.215,-0.004,0.979,0.984,1.005,0.193,BB,9,10,-1,-0.025,-0.134,-0.496,0.057,0.23,44.34,0.132,0.803,0.667,-0.93,-0.329,-0.329,-0.228,0.997,4,0.076,-1.799,0.875,65.991,0.812,-172.275,-0.146,-0.22,-0.334,-0.114,24.785,-0.656,5.177,-0.717,0.354,-0.62,-0.618,-0.609,-0.609,-0.471,-0.171,-0.349,0.353,0.071,0.153,-0.078,1154.729,0.158,1154.729,-0.081,-1.009,0.865,0.871,0.854,-0.015,-0.1,0.111,-2
136,2016/11/30,WYNN,1.57,1.415,0.055,0.213,0.13,1.202,0.059,0.879,0.999,0.023,0.04,0.04,0.195,10.707,0,0.879,-0.7,1.369,47.528,1.011,-106.69,0.385,22.613,11.994,0.438,30.628,-0.066,43.759,19.69,20.888,48.108,48.108,48.108,48.108,2.523,11.426,1.464,0.052,0.385,0.065,0.084,-1.946,0.071,-1.946,0.148,-0.011,0.999,0.999,1.011,0.161,BB-,8,9,-1,-0.304,-0.518,-0.556,-0.234,-0.393,-0.75,-0.596,0.069,0.017,1.091,-0.184,-0.184,-0.354,0.992,-1,0.055,0.072,-0.13,-0.39,0.007,-0.593,-0.3,0.076,-0.06,-0.334,-0.29,0.467,-0.013,-0.015,0.191,1.503,1.475,1.102,1.102,0.207,-0.047,-0.421,-0.435,-0.013,-0.492,-0.451,-1.016,-0.462,-1.016,-0.312,1.75,0.02,0.015,0.006,-0.166,-0.111,-0.1,0
137,2016/1/31,X,0.033,0.45,0.175,0.051,0.008,-0.06,0.015,0.302,0.695,2.087,0.077,0.069,0.156,5.254,0.106,0.389,0.013,1.808,0.865,0.6,2.277,1.13,8.143,6.811,1.965,3.704,-0.068,0.322,-2.211,9.761,21.875,26.923,-4.217,-4.217,0.078,1.852,0.284,-0.018,0.083,-0.044,0.057,-0.063,0.001,-0.063,0.094,0.53,0.469,0.525,0.47,0.025,B,6,8,-2,-0.97,-0.629,0.804,0.041,-0.385,-11,-0.545,0.184,-0.093,0.693,0.481,0.327,2.059,0.23,105,0.168,-0.958,-0.023,-0.205,-0.028,-0.304,-0.077,0.004,-0.254,-0.215,-0.292,0.133,-0.558,-1.013,0.293,-0.576,-0.677,-1.01,-1.01,-0.422,-0.31,-0.926,-19,0,-15.667,-0.034,-11.5,-0.967,-11.5,-0.069,0.106,-0.1,0.008,-0.098,-0.324,-0.25,-0.111,1
138,2011/9/30,XRAY,12.173,16.153,0.269,0.2,0.173,0.145,0.165,0.187,0.421,0.395,0.039,0.039,0.407,1.388,0.014,0.439,0.866,3.307,0.315,0.281,0.747,0.676,6.1,10.027,0.885,1.2,-0.031,2.044,16.648,12.316,15.269,15.579,16.068,16.068,1.895,11.516,0.101,0.12,0.54,0.158,0.144,0.151,0.119,0.151,0.365,0.737,0.242,0.245,0.247,0.151,BBB+,16,19,-3,-0.07,-0.073,-0.124,-0.029,-0.039,-0.02,-0.073,0.23,0.117,-0.032,-0.381,-0.22,0.201,0.394,-0.928,0.351,-0.008,0.251,0.599,0.181,0.186,-0.088,-0.026,0.035,-0.11,-0.03,-0.244,-0.213,-0.197,0.044,-0.102,-0.098,-0.065,-0.065,-0.078,0.008,-0.09,-0.04,0.009,-0.054,-0.046,-0.019,-0.119,-0.019,-0.078,-0.082,0.476,0.201,0.453,-0.032,-0.158,0.188,-2
139,2013/12/31,XRX,3.861,4.35,0.143,0.153,0.087,0.1,0.088,0.277,0.587,0.951,0.059,0.05,0.062,2.608,0.155,0.4,0.887,8.469,0.591,0.451,1.435,0.697,4.085,7.382,1.076,1.707,-0.068,1.244,17.661,6.128,49.172,50.186,52.913,52.344,0.729,4.712,0.263,0.057,0.383,0.071,0.105,0.098,0.083,0.097,0.267,0.612,0.362,0.428,0.365,0.126,BBB,14,12,2,1.011,0.839,0.092,0.195,0.061,0.37,0.143,-0.328,-0.163,-0.008,-0.078,-0.107,-0.727,-0.49,0.55,-0.245,-0.073,-0.065,-0.533,-0.269,-0.399,0.067,0.246,0.351,0.142,-0.207,-0.081,0.076,0.73,-0.312,2.201,2.267,2.106,2.073,0.358,0.276,-0.16,0.781,-0.16,0.614,0.265,0.342,0.092,0.329,-0.073,0.4,-0.347,-0.304,-0.347,0.575,0.167,-0.143,-2
140,2016/1/31,XRX,2.607,4.087,0.124,0.147,0.078,0.054,0.079,0.29,0.605,0.925,0.057,0.047,0.074,2.808,0.183,0.392,0.823,10.037,0.624,0.47,1.538,0.704,4.445,7.665,1.114,1.791,-0.038,1.083,9.221,7.609,44.828,45.349,79.592,130,0.532,6.208,0.639,0.031,0.372,0.032,0.101,0.051,0.055,0.052,0.262,0.601,0.375,0.459,0.376,0.098,BBB-,12,14,-2,-0.325,-0.06,-0.133,-0.039,-0.103,-0.46,-0.102,0.047,0.031,-0.027,-0.034,-0.06,0.194,0.077,0.181,-0.02,-0.072,0.185,0.056,0.042,0.072,0.01,0.088,0.038,0.035,0.049,-0.441,-0.129,-0.478,0.242,-0.088,-0.096,0.504,1.484,-0.27,0.317,1.43,-0.456,-0.029,-0.549,-0.038,-0.48,-0.337,-0.464,-0.019,-0.018,0.036,0.072,0.03,-0.222,-0.143,0.167,-2